ISO-10303-21;
HEADER;

/* File generated by Shapr3D Version 5.990.0.9766 */

FILE_DESCRIPTION(('HOOPS Exchange Step'),'2;1');

FILE_NAME('/Users/saumil/Library/Containers/com.shapr3d.shapr/Data/tmp/export/temp_export',
'2025-11-12T12:52:46+08:00',
('saumil'),
('Shapr3D Limited'),
'HOOPS Exchange 2025.7',
'Shapr3D',
'Authorized');

FILE_SCHEMA( ('AP242_MANAGED_MODEL_BASED_3D_ENGINEERING_MIM_LF {1 0 10303 442 1 1 4}') );

ENDSEC;

DATA;
#3=(NAMED_UNIT(*)PLANE_ANGLE_UNIT()SI_UNIT($,.RADIAN.));
#4=PLANE_ANGLE_MEASURE_WITH_UNIT(PLANE_ANGLE_MEASURE(0.0174532925),#3);
#5=(CONVERSION_BASED_UNIT('DEGREE',#4)NAMED_UNIT(#6)PLANE_ANGLE_UNIT());
#6=DIMENSIONAL_EXPONENTS(0.,0.,0.,0.,0.,0.,0.);
#7=(NAMED_UNIT(*)SI_UNIT($,.STERADIAN.)SOLID_ANGLE_UNIT());
#8=(LENGTH_UNIT()NAMED_UNIT(*)SI_UNIT(.MILLI.,.METRE.));
#9=UNCERTAINTY_MEASURE_WITH_UNIT(LENGTH_MEASURE(1.000000E-05),#8,'DISTANCE_ACCURACY_VALUE','Maximum Tolerance applied to model');
#10=(GEOMETRIC_REPRESENTATION_CONTEXT(3)GLOBAL_UNCERTAINTY_ASSIGNED_CONTEXT((#9))GLOBAL_UNIT_ASSIGNED_CONTEXT((#8,#5,#7))REPRESENTATION_CONTEXT('','root'));
#12=CARTESIAN_POINT('',(0.,0.,0.));
#13=DIRECTION('',(0.,0.,1.));
#14=DIRECTION('',(1.,0.,0.));
#15=AXIS2_PLACEMENT_3D('',#12,#13,#14);
#27=CARTESIAN_POINT('',(0.,0.,5.));
#28=DIRECTION('',(0.,0.,1.));
#29=DIRECTION('',(1.,0.,0.));
#30=AXIS2_PLACEMENT_3D('',#27,#28,#29);
#31=PLANE('',#30);
#32=CARTESIAN_POINT('',(81.342142342,-36.283128097,5.));
#33=VERTEX_POINT('',#32);
#34=CARTESIAN_POINT('',(81.342142342,-185.429889749,5.));
#35=VERTEX_POINT('',#34);
#36=CARTESIAN_POINT('',(81.342142342,-36.283128097,5.));
#37=DIRECTION('',(0.,-1.,0.));
#38=VECTOR('',#37,149.146761652);
#39=LINE('',#36,#38);
#40=EDGE_CURVE('',#33,#35,#39,.T.);
#41=ORIENTED_EDGE('',*,*,#40,.T.);
#42=CARTESIAN_POINT('',(240.211058142,-185.429889749,5.));
#43=VERTEX_POINT('',#42);
#44=CARTESIAN_POINT('',(81.342142342,-185.429889749,5.));
#45=DIRECTION('',(1.,-0.,-0.));
#46=VECTOR('',#45,158.8689158);
#47=LINE('',#44,#46);
#48=EDGE_CURVE('',#35,#43,#47,.T.);
#49=ORIENTED_EDGE('',*,*,#48,.T.);
#50=CARTESIAN_POINT('',(240.211058142,-36.283128097,5.));
#51=VERTEX_POINT('',#50);
#52=CARTESIAN_POINT('',(240.211058142,-185.429889749,5.));
#53=DIRECTION('',(0.,1.,0.));
#54=VECTOR('',#53,149.146761652);
#55=LINE('',#52,#54);
#56=EDGE_CURVE('',#43,#51,#55,.T.);
#57=ORIENTED_EDGE('',*,*,#56,.T.);
#58=CARTESIAN_POINT('',(240.211058142,-36.283128097,5.));
#59=DIRECTION('',(-1.,0.,0.));
#60=VECTOR('',#59,158.8689158);
#61=LINE('',#58,#60);
#62=EDGE_CURVE('',#51,#33,#61,.T.);
#63=ORIENTED_EDGE('',*,*,#62,.T.);
#64=EDGE_LOOP('',(#41,#49,#57,#63));
#65=FACE_BOUND('',#64,.T.);
#66=ADVANCED_FACE('',(#65),#31,.T.);
#67=CARTESIAN_POINT('',(0.,0.,0.));
#68=DIRECTION('',(0.,0.,1.));
#69=DIRECTION('',(1.,0.,0.));
#70=AXIS2_PLACEMENT_3D('',#67,#68,#69);
#71=PLANE('',#70);
#72=CARTESIAN_POINT('',(240.211058142,-199.394129792,0.));
#73=VERTEX_POINT('',#72);
#74=CARTESIAN_POINT('',(81.342142342,-199.394129792,0.));
#75=VERTEX_POINT('',#74);
#76=CARTESIAN_POINT('',(240.211058142,-199.394129792,0.));
#77=DIRECTION('',(-1.,0.,0.));
#78=VECTOR('',#77,158.8689158);
#79=LINE('',#76,#78);
#80=EDGE_CURVE('',#73,#75,#79,.T.);
#81=ORIENTED_EDGE('',*,*,#80,.T.);
#82=CARTESIAN_POINT('',(67.377902298,-185.429889749,0.));
#83=VERTEX_POINT('',#82);
#84=CARTESIAN_POINT('',(81.342142342,-185.429889749,0.));
#85=DIRECTION('',(-0.,-0.,-1.));
#86=DIRECTION('',(1.,0.,-0.));
#87=AXIS2_PLACEMENT_3D('',#84,#85,#86);
#88=CIRCLE('',#87,13.964240044);
#89=EDGE_CURVE('',#75,#83,#88,.T.);
#90=ORIENTED_EDGE('',*,*,#89,.T.);
#91=CARTESIAN_POINT('',(67.377902298,-36.283128097,0.));
#92=VERTEX_POINT('',#91);
#93=CARTESIAN_POINT('',(67.377902298,-185.429889749,0.));
#94=DIRECTION('',(-0.,1.,0.));
#95=VECTOR('',#94,149.146761652);
#96=LINE('',#93,#95);
#97=EDGE_CURVE('',#83,#92,#96,.T.);
#98=ORIENTED_EDGE('',*,*,#97,.T.);
#99=CARTESIAN_POINT('',(81.342142342,-22.318888053,0.));
#100=VERTEX_POINT('',#99);
#101=CARTESIAN_POINT('',(81.342142342,-36.283128097,0.));
#102=DIRECTION('',(-0.,-0.,-1.));
#103=DIRECTION('',(1.,0.,-0.));
#104=AXIS2_PLACEMENT_3D('',#101,#102,#103);
#105=CIRCLE('',#104,13.964240044);
#106=EDGE_CURVE('',#92,#100,#105,.T.);
#107=ORIENTED_EDGE('',*,*,#106,.T.);
#108=CARTESIAN_POINT('',(240.211058142,-22.318888053,0.));
#109=VERTEX_POINT('',#108);
#110=CARTESIAN_POINT('',(81.342142342,-22.318888053,0.));
#111=DIRECTION('',(1.,0.,-0.));
#112=VECTOR('',#111,158.8689158);
#113=LINE('',#110,#112);
#114=EDGE_CURVE('',#100,#109,#113,.T.);
#115=ORIENTED_EDGE('',*,*,#114,.T.);
#116=CARTESIAN_POINT('',(254.175298186,-36.283128097,0.));
#117=VERTEX_POINT('',#116);
#118=CARTESIAN_POINT('',(240.211058142,-22.318888053,0.));
#119=CARTESIAN_POINT('',(240.545703372,-22.318888053,0.));
#120=CARTESIAN_POINT('',(241.702192265,-22.302759343,0.));
#121=CARTESIAN_POINT('',(242.61407022,-22.290042044,0.));
#122=CARTESIAN_POINT('',(243.193059638,-22.297432727,0.));
#123=CARTESIAN_POINT('',(244.001882848,-22.307757192,0.));
#124=CARTESIAN_POINT('',(244.682320869,-22.357147394,0.));
#125=CARTESIAN_POINT('',(245.468202606,-22.414191321,0.));
#126=CARTESIAN_POINT('',(246.166716657,-22.528449696,0.));
#127=CARTESIAN_POINT('',(247.197414506,-22.697044532,0.));
#128=CARTESIAN_POINT('',(248.090131412,-22.998860566,0.));
#129=CARTESIAN_POINT('',(250.099249242,-23.678117305,0.));
#130=CARTESIAN_POINT('',(251.462858735,-25.04487254,0.));
#131=CARTESIAN_POINT('',(252.294077357,-25.878008719,0.));
#132=CARTESIAN_POINT('',(252.871438295,-26.955125574,0.));
#133=CARTESIAN_POINT('',(253.654473092,-28.415944833,0.));
#134=CARTESIAN_POINT('',(253.967563846,-30.338665935,0.));
#135=CARTESIAN_POINT('',(254.080968789,-31.035096846,0.));
#136=CARTESIAN_POINT('',(254.137687636,-31.820828306,0.));
#137=CARTESIAN_POINT('',(254.186618606,-32.498673596,0.));
#138=CARTESIAN_POINT('',(254.196824651,-33.306729219,0.));
#139=CARTESIAN_POINT('',(254.204107545,-33.883346636,0.));
#140=CARTESIAN_POINT('',(254.191388398,-34.794753491,0.));
#141=CARTESIAN_POINT('',(254.175298186,-35.947718332,0.));
#142=CARTESIAN_POINT('',(254.175298186,-36.283128097,0.));
#143=B_SPLINE_CURVE_WITH_KNOTS('',2,(#118,#119,#120,#121,#122,#123,#124,#125,#126,#127,#128,#129,#130,#131,#132,#133,#134,#135,#136,#137,#138,#139,#140,#141,#142),.UNSPECIFIED.,.F.,.F.,(3,2,2,2,2,2,2,2,2,2,2,2,3),(0.,0.0625,0.125,0.1875,0.25,0.333333333,0.5,0.6,0.75,0.8125,0.875,0.9375,1.),.UNSPECIFIED.);
#144=EDGE_CURVE('',#109,#117,#143,.T.);
#145=ORIENTED_EDGE('',*,*,#144,.T.);
#146=CARTESIAN_POINT('',(254.175298186,-185.429889749,0.));
#147=VERTEX_POINT('',#146);
#148=CARTESIAN_POINT('',(254.175298186,-36.283128097,0.));
#149=DIRECTION('',(0.,-1.,0.));
#150=VECTOR('',#149,149.146761652);
#151=LINE('',#148,#150);
#152=EDGE_CURVE('',#117,#147,#151,.T.);
#153=ORIENTED_EDGE('',*,*,#152,.T.);
#154=CARTESIAN_POINT('',(240.211058142,-185.429889749,0.));
#155=DIRECTION('',(-0.,-0.,-1.));
#156=DIRECTION('',(1.,0.,-0.));
#157=AXIS2_PLACEMENT_3D('',#154,#155,#156);
#158=CIRCLE('',#157,13.964240044);
#159=EDGE_CURVE('',#147,#73,#158,.T.);
#160=ORIENTED_EDGE('',*,*,#159,.T.);
#161=EDGE_LOOP('',(#81,#90,#98,#107,#115,#145,#153,#160));
#162=FACE_BOUND('',#161,.T.);
#163=ADVANCED_FACE('',(#162),#71,.F.);
#164=CARTESIAN_POINT('',(81.342142342,-114.874388901,-17.));
#165=DIRECTION('',(-0.,1.,0.));
#166=DIRECTION('',(-1.,-0.,0.));
#167=AXIS2_PLACEMENT_3D('',#164,#165,#166);
#168=CYLINDRICAL_SURFACE('',#167,22.);
#169=ORIENTED_EDGE('',*,*,#97,.F.);
#170=CARTESIAN_POINT('',(81.342142342,-185.429889749,-17.));
#171=DIRECTION('',(-0.,1.,0.));
#172=DIRECTION('',(-1.,-0.,0.));
#173=AXIS2_PLACEMENT_3D('',#170,#171,#172);
#174=CIRCLE('',#173,22.);
#175=EDGE_CURVE('',#83,#35,#174,.T.);
#176=ORIENTED_EDGE('',*,*,#175,.T.);
#177=ORIENTED_EDGE('',*,*,#40,.F.);
#178=CARTESIAN_POINT('',(81.342142342,-36.283128097,-17.));
#179=DIRECTION('',(0.,-1.,-0.));
#180=DIRECTION('',(-1.,-0.,0.));
#181=AXIS2_PLACEMENT_3D('',#178,#179,#180);
#182=CIRCLE('',#181,22.);
#183=EDGE_CURVE('',#33,#92,#182,.T.);
#184=ORIENTED_EDGE('',*,*,#183,.T.);
#185=EDGE_LOOP('',(#169,#176,#177,#184));
#186=FACE_BOUND('',#185,.T.);
#187=ADVANCED_FACE('',(#186),#168,.T.);
#188=CARTESIAN_POINT('',(160.776600242,-36.283128097,-17.));
#189=DIRECTION('',(1.,0.,0.));
#190=DIRECTION('',(0.,0.,-1.));
#191=AXIS2_PLACEMENT_3D('',#188,#189,#190);
#192=CYLINDRICAL_SURFACE('',#191,22.);
#193=ORIENTED_EDGE('',*,*,#62,.F.);
#194=CARTESIAN_POINT('',(240.211058142,-36.283128097,-17.));
#195=DIRECTION('',(-1.,-0.,-0.));
#196=DIRECTION('',(0.,0.,-1.));
#197=AXIS2_PLACEMENT_3D('',#194,#195,#196);
#198=CIRCLE('',#197,22.);
#199=EDGE_CURVE('',#51,#109,#198,.T.);
#200=ORIENTED_EDGE('',*,*,#199,.T.);
#201=ORIENTED_EDGE('',*,*,#114,.F.);
#202=CARTESIAN_POINT('',(81.342142342,-36.283128097,-17.));
#203=DIRECTION('',(1.,0.,0.));
#204=DIRECTION('',(0.,0.,-1.));
#205=AXIS2_PLACEMENT_3D('',#202,#203,#204);
#206=CIRCLE('',#205,22.);
#207=EDGE_CURVE('',#100,#33,#206,.T.);
#208=ORIENTED_EDGE('',*,*,#207,.T.);
#209=EDGE_LOOP('',(#193,#200,#201,#208));
#210=FACE_BOUND('',#209,.T.);
#211=ADVANCED_FACE('',(#210),#192,.T.);
#212=CARTESIAN_POINT('',(81.342142342,-36.283128097,-17.));
#213=DIRECTION('',(0.,0.,1.));
#214=DIRECTION('',(1.,0.,-0.));
#215=AXIS2_PLACEMENT_3D('',#212,#213,#214);
#216=SPHERICAL_SURFACE('',#215,22.);
#217=ORIENTED_EDGE('',*,*,#183,.F.);
#218=ORIENTED_EDGE('',*,*,#207,.F.);
#219=ORIENTED_EDGE('',*,*,#106,.F.);
#220=EDGE_LOOP('',(#217,#218,#219));
#221=FACE_BOUND('',#220,.T.);
#222=ADVANCED_FACE('',(#221),#216,.T.);
#223=CARTESIAN_POINT('',(240.211058142,-114.874388901,-17.));
#224=DIRECTION('',(0.,-1.,0.));
#225=DIRECTION('',(0.,0.,-1.));
#226=AXIS2_PLACEMENT_3D('',#223,#224,#225);
#227=CYLINDRICAL_SURFACE('',#226,22.);
#228=ORIENTED_EDGE('',*,*,#56,.F.);
#229=CARTESIAN_POINT('',(240.211058142,-185.429889749,-17.));
#230=DIRECTION('',(-0.,1.,-0.));
#231=DIRECTION('',(0.,0.,-1.));
#232=AXIS2_PLACEMENT_3D('',#229,#230,#231);
#233=CIRCLE('',#232,22.);
#234=EDGE_CURVE('',#43,#147,#233,.T.);
#235=ORIENTED_EDGE('',*,*,#234,.T.);
#236=ORIENTED_EDGE('',*,*,#152,.F.);
#237=CARTESIAN_POINT('',(240.211058142,-36.283128097,-17.));
#238=DIRECTION('',(0.,-1.,0.));
#239=DIRECTION('',(0.,0.,-1.));
#240=AXIS2_PLACEMENT_3D('',#237,#238,#239);
#241=CIRCLE('',#240,22.);
#242=EDGE_CURVE('',#117,#51,#241,.T.);
#243=ORIENTED_EDGE('',*,*,#242,.T.);
#244=EDGE_LOOP('',(#228,#235,#236,#243));
#245=FACE_BOUND('',#244,.T.);
#246=ADVANCED_FACE('',(#245),#227,.T.);
#247=CARTESIAN_POINT('',(240.211058142,-36.283128097,5.));
#248=CARTESIAN_POINT('',(240.211058142,-34.918585749,5.));
#249=CARTESIAN_POINT('',(240.211058142,-33.554996741,4.871356079));
#250=CARTESIAN_POINT('',(240.211058142,-31.577464857,4.501313049));
#251=CARTESIAN_POINT('',(240.211058142,-30.929550728,4.348787753));
#252=CARTESIAN_POINT('',(240.211058142,-29.665296426,3.99132757));
#253=CARTESIAN_POINT('',(240.211058142,-29.048966582,3.786417442));
#254=CARTESIAN_POINT('',(240.211058142,-27.854791142,3.331536564));
#255=CARTESIAN_POINT('',(240.211058142,-27.27694551,3.081589849));
#256=CARTESIAN_POINT('',(240.211058142,-26.164317669,2.54459647));
#257=CARTESIAN_POINT('',(240.211058142,-25.629527444,2.257569568));
#258=CARTESIAN_POINT('',(240.211058142,-24.605389391,1.654318837));
#259=CARTESIAN_POINT('',(240.211058142,-24.116028821,1.338108776));
#260=CARTESIAN_POINT('',(240.211058142,-23.183252852,0.683828964));
#261=CARTESIAN_POINT('',(240.211058142,-22.73980403,0.345751278));
#262=CARTESIAN_POINT('',(240.211058142,-22.318888053,-0.));
#263=CARTESIAN_POINT('',(240.211058142,-20.829356122,-1.223540085));
#264=CARTESIAN_POINT('',(240.211058142,-19.33982419,-2.44708017));
#265=CARTESIAN_POINT('',(240.211058142,-17.850292258,-3.670620255));
#266=CARTESIAN_POINT('',(240.211058142,-36.283128097,5.));
#267=CARTESIAN_POINT('',(240.893148665,-35.601037574,4.999736722));
#268=CARTESIAN_POINT('',(241.579386559,-34.914799679,5.001036804));
#269=CARTESIAN_POINT('',(242.616885506,-33.877300733,4.994578145));
#270=CARTESIAN_POINT('',(242.966929813,-33.527256425,4.990848479));
#271=CARTESIAN_POINT('',(243.673825057,-32.820361181,4.976580928));
#272=CARTESIAN_POINT('',(244.031539962,-32.462646277,4.965954184));
#273=CARTESIAN_POINT('',(244.755274123,-31.738912116,4.933103318));
#274=CARTESIAN_POINT('',(245.122057128,-31.372129111,4.91071104));
#275=CARTESIAN_POINT('',(245.864608023,-30.629578216,4.848846626));
#276=CARTESIAN_POINT('',(246.241010537,-30.253175702,4.809107138));
#277=CARTESIAN_POINT('',(247.002599884,-29.491586355,4.706737796));
#278=CARTESIAN_POINT('',(247.388267236,-29.105919003,4.643735199));
#279=CARTESIAN_POINT('',(248.16729967,-28.326886569,4.489045558));
#280=CARTESIAN_POINT('',(248.560959566,-27.933226673,4.396893889));
#281=CARTESIAN_POINT('',(248.954515039,-27.5396712,4.288486417));
#282=CARTESIAN_POINT('',(250.347223979,-26.14696226,3.904855477));
#283=CARTESIAN_POINT('',(251.739932919,-24.75425332,3.521224538));
#284=CARTESIAN_POINT('',(253.132641859,-23.361544379,3.137593599));
#285=CARTESIAN_POINT('',(240.211058142,-36.283128097,5.));
#286=CARTESIAN_POINT('',(241.57560049,-36.283128097,5.));
#287=CARTESIAN_POINT('',(242.939189497,-36.283128097,4.871356079));
#288=CARTESIAN_POINT('',(244.916721382,-36.283128097,4.501313049));
#289=CARTESIAN_POINT('',(245.564635511,-36.283128097,4.348787753));
#290=CARTESIAN_POINT('',(246.828889813,-36.283128097,3.99132757));
#291=CARTESIAN_POINT('',(247.445219657,-36.283128097,3.786417442));
#292=CARTESIAN_POINT('',(248.639395097,-36.283128097,3.331536564));
#293=CARTESIAN_POINT('',(249.217240729,-36.283128097,3.081589849));
#294=CARTESIAN_POINT('',(250.329868569,-36.283128097,2.54459647));
#295=CARTESIAN_POINT('',(250.864658795,-36.283128097,2.257569568));
#296=CARTESIAN_POINT('',(251.888796848,-36.283128097,1.654318837));
#297=CARTESIAN_POINT('',(252.378157418,-36.283128097,1.338108776));
#298=CARTESIAN_POINT('',(253.310933387,-36.283128097,0.683828964));
#299=CARTESIAN_POINT('',(253.754382209,-36.283128097,0.345751278));
#300=CARTESIAN_POINT('',(254.175298186,-36.283128097,-0.));
#301=CARTESIAN_POINT('',(255.664830117,-36.283128097,-1.223540085));
#302=CARTESIAN_POINT('',(257.154362049,-36.283128097,-2.44708017));
#303=CARTESIAN_POINT('',(258.64389398,-36.283128097,-3.670620255));
#304=(BOUNDED_SURFACE()
B_SPLINE_SURFACE(2,3,((#247,#248,#249,#250,#251,#252,#253,#254,#255,#256,#257,#258,#259,#260,#261,#262,#263,#264,#265),(#266,#267,#268,#269,#270,#271,#272,#273,#274,#275,#276,#277,#278,#279,#280,#281,#282,#283,#284),(#285,#286,#287,#288,#289,#290,#291,#292,#293,#294,#295,#296,#297,#298,#299,#300,#301,#302,#303)),.UNSPECIFIED.,.F.,.F.,.U.)
B_SPLINE_SURFACE_WITH_KNOTS((3,3),(4,2,2,2,2,2,2,3,4),(0.,1.),(1.570796327,1.702348574,1.768124697,1.833900821,1.899676944,1.965453068,2.031229192,2.097005315,2.329772998),.UNSPECIFIED.)
GEOMETRIC_REPRESENTATION_ITEM()
RATIONAL_B_SPLINE_SURFACE(((1.,1.,1.,1.,1.,1.,1.,1.,1.,1.,1.,1.,1.,1.,1.,1.,1.,1.,1.),(1.380952381,1.380952381,1.376898631,1.365385077,1.360655405,1.349654134,1.343383562,1.329598294,1.322084588,1.306134182,1.297698287,1.280220514,1.271179186,1.252782915,1.243427629,1.23404436,1.23404436,1.23404436,1.23404436),(1.,1.,1.,1.,1.,1.,1.,1.,1.,1.,1.,1.,1.,1.,1.,1.,1.,1.,1.)))
REPRESENTATION_ITEM('')
SURFACE()
);
#305=ORIENTED_EDGE('',*,*,#199,.F.);
#306=ORIENTED_EDGE('',*,*,#242,.F.);
#307=ORIENTED_EDGE('',*,*,#144,.F.);
#308=EDGE_LOOP('',(#305,#306,#307));
#309=FACE_BOUND('',#308,.T.);
#310=ADVANCED_FACE('',(#309),#304,.T.);
#311=CARTESIAN_POINT('',(240.211058142,-185.429889749,-17.));
#312=DIRECTION('',(0.,-1.,0.));
#313=DIRECTION('',(0.,0.,-1.));
#314=AXIS2_PLACEMENT_3D('',#311,#312,#313);
#315=SPHERICAL_SURFACE('',#314,22.);
#316=ORIENTED_EDGE('',*,*,#159,.F.);
#317=ORIENTED_EDGE('',*,*,#234,.F.);
#318=CARTESIAN_POINT('',(240.211058142,-185.429889749,-17.));
#319=DIRECTION('',(-1.,0.,0.));
#320=DIRECTION('',(0.,0.,1.));
#321=AXIS2_PLACEMENT_3D('',#318,#319,#320);
#322=CIRCLE('',#321,22.);
#323=EDGE_CURVE('',#73,#43,#322,.T.);
#324=ORIENTED_EDGE('',*,*,#323,.F.);
#325=EDGE_LOOP('',(#316,#317,#324));
#326=FACE_BOUND('',#325,.T.);
#327=ADVANCED_FACE('',(#326),#315,.T.);
#328=CARTESIAN_POINT('',(160.776600242,-185.429889749,-17.));
#329=DIRECTION('',(-1.,0.,0.));
#330=DIRECTION('',(0.,0.,1.));
#331=AXIS2_PLACEMENT_3D('',#328,#329,#330);
#332=CYLINDRICAL_SURFACE('',#331,22.);
#333=ORIENTED_EDGE('',*,*,#323,.T.);
#334=ORIENTED_EDGE('',*,*,#48,.F.);
#335=CARTESIAN_POINT('',(81.342142342,-185.429889749,-17.));
#336=DIRECTION('',(-1.,0.,0.));
#337=DIRECTION('',(0.,0.,1.));
#338=AXIS2_PLACEMENT_3D('',#335,#336,#337);
#339=CIRCLE('',#338,22.);
#340=EDGE_CURVE('',#75,#35,#339,.T.);
#341=ORIENTED_EDGE('',*,*,#340,.F.);
#342=ORIENTED_EDGE('',*,*,#80,.F.);
#343=EDGE_LOOP('',(#333,#334,#341,#342));
#344=FACE_BOUND('',#343,.T.);
#345=ADVANCED_FACE('',(#344),#332,.T.);
#346=CARTESIAN_POINT('',(81.342142342,-185.429889749,-17.));
#347=DIRECTION('',(0.,-1.,0.));
#348=DIRECTION('',(0.,0.,-1.));
#349=AXIS2_PLACEMENT_3D('',#346,#347,#348);
#350=SPHERICAL_SURFACE('',#349,22.);
#351=ORIENTED_EDGE('',*,*,#340,.T.);
#352=ORIENTED_EDGE('',*,*,#175,.F.);
#353=ORIENTED_EDGE('',*,*,#89,.F.);
#354=EDGE_LOOP('',(#351,#352,#353));
#355=FACE_BOUND('',#354,.T.);
#356=ADVANCED_FACE('',(#355),#350,.T.);
#357=CLOSED_SHELL('',(#66,#163,#187,#211,#222,#246,#310,#327,#345,#356));
#358=MANIFOLD_SOLID_BREP('Body 74',#357);
#359=COLOUR_RGB('',0.627451003,0.627451003,0.643137276);
#360=FILL_AREA_STYLE_COLOUR('',#359);
#361=FILL_AREA_STYLE('',(#360));
#362=SURFACE_STYLE_FILL_AREA(#361);
#363=SURFACE_SIDE_STYLE('',(#362));
#364=SURFACE_STYLE_USAGE(.BOTH.,#363);
#365=PRESENTATION_STYLE_ASSIGNMENT((#364));
#26=STYLED_ITEM('',(#365),#358);
#367=CARTESIAN_POINT('',(-1.607766002,1.148743889,24.94));
#368=DIRECTION('',(0.,0.,1.));
#369=DIRECTION('',(1.,0.,0.));
#370=AXIS2_PLACEMENT_3D('',#367,#368,#369);
#371=PLANE('',#370);
#372=CARTESIAN_POINT('',(235.687994434,-118.763399053,24.94));
#373=VERTEX_POINT('',#372);
#374=CARTESIAN_POINT('',(235.687994434,-40.806191805,24.94));
#375=VERTEX_POINT('',#374);
#376=CARTESIAN_POINT('',(235.687994434,-118.763399053,24.94));
#377=DIRECTION('',(0.,1.,0.));
#378=VECTOR('',#377,77.957207249);
#379=LINE('',#376,#378);
#380=EDGE_CURVE('',#373,#375,#379,.T.);
#381=ORIENTED_EDGE('',*,*,#380,.T.);
#382=CARTESIAN_POINT('',(206.959823286,-40.806191805,24.94));
#383=VERTEX_POINT('',#382);
#384=CARTESIAN_POINT('',(235.687994434,-40.806191805,24.94));
#385=DIRECTION('',(-1.,-0.,0.));
#386=VECTOR('',#385,28.728171148);
#387=LINE('',#384,#386);
#388=EDGE_CURVE('',#375,#383,#387,.T.);
#389=ORIENTED_EDGE('',*,*,#388,.T.);
#390=CARTESIAN_POINT('',(207.402590468,-41.109514711,24.94));
#391=VERTEX_POINT('',#390);
#392=CARTESIAN_POINT('',(206.959823286,-40.806191805,24.94));
#393=DIRECTION('',(0.824979811,-0.565162199,0.));
#394=VECTOR('',#393,0.536700627);
#395=LINE('',#392,#394);
#396=EDGE_CURVE('',#383,#391,#395,.T.);
#397=ORIENTED_EDGE('',*,*,#396,.T.);
#398=CARTESIAN_POINT('',(208.124330408,-41.709090101,24.94));
#399=VERTEX_POINT('',#398);
#400=CARTESIAN_POINT('',(207.402590468,-41.109514711,24.94));
#401=DIRECTION('',(0.769202916,-0.639004596,0.));
#402=VECTOR('',#401,0.938295896);
#403=LINE('',#400,#402);
#404=EDGE_CURVE('',#391,#399,#403,.T.);
#405=ORIENTED_EDGE('',*,*,#404,.T.);
#406=CARTESIAN_POINT('',(208.757833718,-42.396557711,24.94));
#407=VERTEX_POINT('',#406);
#408=CARTESIAN_POINT('',(208.124330408,-41.709090101,24.94));
#409=DIRECTION('',(0.677654829,-0.735380128,0.));
#410=VECTOR('',#409,0.934846596);
#411=LINE('',#408,#410);
#412=EDGE_CURVE('',#399,#407,#411,.T.);
#413=ORIENTED_EDGE('',*,*,#412,.T.);
#414=CARTESIAN_POINT('',(209.305366838,-43.167366481,24.94));
#415=VERTEX_POINT('',#414);
#416=CARTESIAN_POINT('',(208.757833718,-42.396557711,24.94));
#417=DIRECTION('',(0.579103954,-0.815253709,0.));
#418=VECTOR('',#417,0.945483304);
#419=LINE('',#416,#418);
#420=EDGE_CURVE('',#407,#415,#419,.T.);
#421=ORIENTED_EDGE('',*,*,#420,.T.);
#422=CARTESIAN_POINT('',(209.769198228,-44.016962321,24.94));
#423=VERTEX_POINT('',#422);
#424=CARTESIAN_POINT('',(209.305366838,-43.167366481,24.94));
#425=DIRECTION('',(0.479182903,-0.877715071,0.));
#426=VECTOR('',#425,0.967963145);
#427=LINE('',#424,#426);
#428=EDGE_CURVE('',#415,#423,#427,.T.);
#429=ORIENTED_EDGE('',*,*,#428,.T.);
#430=CARTESIAN_POINT('',(210.151593318,-44.940795181,24.94));
#431=VERTEX_POINT('',#430);
#432=CARTESIAN_POINT('',(209.769198228,-44.016962321,24.94));
#433=DIRECTION('',(0.382453771,-0.923974628,0.));
#434=VECTOR('',#433,0.999846567);
#435=LINE('',#432,#434);
#436=EDGE_CURVE('',#423,#431,#435,.T.);
#437=ORIENTED_EDGE('',*,*,#436,.T.);
#438=CARTESIAN_POINT('',(210.454819558,-45.934314001,24.94));
#439=VERTEX_POINT('',#438);
#440=CARTESIAN_POINT('',(210.151593318,-44.940795181,24.94));
#441=DIRECTION('',(0.291911273,-0.956445403,0.));
#442=VECTOR('',#441,1.038761666);
#443=LINE('',#440,#442);
#444=EDGE_CURVE('',#431,#439,#443,.T.);
#445=ORIENTED_EDGE('',*,*,#444,.T.);
#446=CARTESIAN_POINT('',(210.681142378,-46.992966711,24.94));
#447=VERTEX_POINT('',#446);
#448=CARTESIAN_POINT('',(210.454819558,-45.934314001,24.94));
#449=DIRECTION('',(0.209059808,-0.977902856,0.));
#450=VECTOR('',#449,1.082574514);
#451=LINE('',#448,#450);
#452=EDGE_CURVE('',#439,#447,#451,.T.);
#453=ORIENTED_EDGE('',*,*,#452,.T.);
#454=CARTESIAN_POINT('',(210.832830238,-48.112200231,24.94));
#455=VERTEX_POINT('',#454);
#456=CARTESIAN_POINT('',(210.681142378,-46.992966711,24.94));
#457=DIRECTION('',(0.13430054,-0.990940647,0.));
#458=VECTOR('',#457,1.129465749);
#459=LINE('',#456,#458);
#460=EDGE_CURVE('',#447,#455,#459,.T.);
#461=ORIENTED_EDGE('',*,*,#460,.T.);
#462=CARTESIAN_POINT('',(210.912148568,-49.287464511,24.94));
#463=VERTEX_POINT('',#462);
#464=CARTESIAN_POINT('',(210.832830238,-48.112200231,24.94));
#465=DIRECTION('',(0.067336601,-0.997730315,0.));
#466=VECTOR('',#465,1.177937827);
#467=LINE('',#464,#466);
#468=EDGE_CURVE('',#455,#463,#467,.T.);
#469=ORIENTED_EDGE('',*,*,#468,.T.);
#470=CARTESIAN_POINT('',(210.921363808,-50.514208491,24.94));
#471=VERTEX_POINT('',#470);
#472=CARTESIAN_POINT('',(210.912148568,-49.287464511,24.94));
#473=DIRECTION('',(0.007511739,-0.999971786,0.));
#474=VECTOR('',#473,1.226778592);
#475=LINE('',#472,#474);
#476=EDGE_CURVE('',#463,#471,#475,.T.);
#477=ORIENTED_EDGE('',*,*,#476,.T.);
#478=CARTESIAN_POINT('',(210.862744418,-51.787878081,24.94));
#479=VERTEX_POINT('',#478);
#480=CARTESIAN_POINT('',(210.921363808,-50.514208491,24.94));
#481=DIRECTION('',(-0.045975349,-0.998942575,0.));
#482=VECTOR('',#481,1.275017826);
#483=LINE('',#480,#482);
#484=EDGE_CURVE('',#471,#479,#483,.T.);
#485=ORIENTED_EDGE('',*,*,#484,.T.);
#486=CARTESIAN_POINT('',(210.738555828,-53.103924241,24.94));
#487=VERTEX_POINT('',#486);
#488=CARTESIAN_POINT('',(210.862744418,-51.787878081,24.94));
#489=DIRECTION('',(-0.093947557,-0.995577147,0.));
#490=VECTOR('',#489,1.321892697);
#491=LINE('',#488,#490);
#492=EDGE_CURVE('',#479,#487,#491,.T.);
#493=ORIENTED_EDGE('',*,*,#492,.T.);
#494=CARTESIAN_POINT('',(210.302538828,-55.844934961,24.94));
#495=VERTEX_POINT('',#494);
#496=CARTESIAN_POINT('',(210.738555828,-53.103924241,24.94));
#497=DIRECTION('',(-0.157096464,-0.987583263,0.));
#498=VECTOR('',#497,2.775473039);
#499=LINE('',#496,#498);
#500=EDGE_CURVE('',#487,#495,#499,.T.);
#501=ORIENTED_EDGE('',*,*,#500,.T.);
#502=CARTESIAN_POINT('',(209.631447358,-58.700827121,24.94));
#503=VERTEX_POINT('',#502);
#504=CARTESIAN_POINT('',(210.302538828,-55.844934961,24.94));
#505=DIRECTION('',(-0.228754076,-0.973484244,0.));
#506=VECTOR('',#505,2.933680929);
#507=LINE('',#504,#506);
#508=EDGE_CURVE('',#495,#503,#507,.T.);
#509=ORIENTED_EDGE('',*,*,#508,.T.);
#510=CARTESIAN_POINT('',(208.761076828,-61.576824341,24.94));
#511=VERTEX_POINT('',#510);
#512=CARTESIAN_POINT('',(209.631447358,-58.700827121,24.94));
#513=DIRECTION('',(-0.289658741,-0.957129988,0.));
#514=VECTOR('',#513,3.004813616);
#515=LINE('',#512,#514);
#516=EDGE_CURVE('',#503,#511,#515,.T.);
#517=ORIENTED_EDGE('',*,*,#516,.T.);
#518=CARTESIAN_POINT('',(208.762506988,-61.577074821,24.94));
#519=VERTEX_POINT('',#518);
#520=CARTESIAN_POINT('',(208.761076828,-61.576824341,24.94));
#521=DIRECTION('',(0.985006834,-0.172515321,0.));
#522=VECTOR('',#521,0.001451929);
#523=LINE('',#520,#522);
#524=EDGE_CURVE('',#511,#519,#523,.T.);
#525=ORIENTED_EDGE('',*,*,#524,.T.);
#526=CARTESIAN_POINT('',(208.750689988,-61.611144141,24.94));
#527=VERTEX_POINT('',#526);
#528=CARTESIAN_POINT('',(208.762506988,-61.577074821,24.94));
#529=DIRECTION('',(-0.327699234,-0.944782098,0.));
#530=VECTOR('',#529,0.036060505);
#531=LINE('',#528,#530);
#532=EDGE_CURVE('',#519,#527,#531,.T.);
#533=ORIENTED_EDGE('',*,*,#532,.T.);
#534=CARTESIAN_POINT('',(208.743413948,-61.635189211,24.94));
#535=VERTEX_POINT('',#534);
#536=CARTESIAN_POINT('',(208.750689988,-61.611144141,24.94));
#537=DIRECTION('',(-0.289630219,-0.957138619,0.));
#538=VECTOR('',#537,0.025121826);
#539=LINE('',#536,#538);
#540=EDGE_CURVE('',#527,#535,#539,.T.);
#541=ORIENTED_EDGE('',*,*,#540,.T.);
#542=CARTESIAN_POINT('',(208.722236268,-61.693185431,24.94));
#543=VERTEX_POINT('',#542);
#544=CARTESIAN_POINT('',(208.743413948,-61.635189211,24.94));
#545=DIRECTION('',(-0.343003668,-0.939334064,0.));
#546=VECTOR('',#545,0.061741847);
#547=LINE('',#544,#546);
#548=EDGE_CURVE('',#535,#543,#547,.T.);
#549=ORIENTED_EDGE('',*,*,#548,.T.);
#550=CARTESIAN_POINT('',(208.310762268,-62.879578901,24.94));
#551=VERTEX_POINT('',#550);
#552=CARTESIAN_POINT('',(208.722236268,-61.693185431,24.94));
#553=DIRECTION('',(-0.327678948,-0.944789134,0.));
#554=VECTOR('',#553,1.255723026);
#555=LINE('',#552,#554);
#556=EDGE_CURVE('',#543,#551,#555,.T.);
#557=ORIENTED_EDGE('',*,*,#556,.T.);
#558=CARTESIAN_POINT('',(207.822222238,-64.187243071,24.94));
#559=VERTEX_POINT('',#558);
#560=CARTESIAN_POINT('',(208.310762268,-62.879578901,24.94));
#561=DIRECTION('',(-0.349971324,-0.936760414,0.));
#562=VECTOR('',#561,1.39594303);
#563=LINE('',#560,#562);
#564=EDGE_CURVE('',#551,#559,#563,.T.);
#565=ORIENTED_EDGE('',*,*,#564,.T.);
#566=CARTESIAN_POINT('',(207.699267868,-64.494682021,24.94));
#567=VERTEX_POINT('',#566);
#568=CARTESIAN_POINT('',(207.822222238,-64.187243071,24.94));
#569=DIRECTION('',(-0.371335455,-0.928498778,0.));
#570=VECTOR('',#569,0.331114006);
#571=LINE('',#568,#570);
#572=EDGE_CURVE('',#559,#567,#571,.T.);
#573=ORIENTED_EDGE('',*,*,#572,.T.);
#574=CARTESIAN_POINT('',(207.656574158,-64.611605681,24.94));
#575=VERTEX_POINT('',#574);
#576=CARTESIAN_POINT('',(207.699267868,-64.494682021,24.94));
#577=DIRECTION('',(-0.342991683,-0.93933844,0.));
#578=VECTOR('',#577,0.124474476);
#579=LINE('',#576,#578);
#580=EDGE_CURVE('',#567,#575,#579,.T.);
#581=ORIENTED_EDGE('',*,*,#580,.T.);
#582=CARTESIAN_POINT('',(207.587765888,-64.773489491,24.94));
#583=VERTEX_POINT('',#582);
#584=CARTESIAN_POINT('',(207.656574158,-64.611605681,24.94));
#585=DIRECTION('',(-0.391177481,-0.920315261,0.));
#586=VECTOR('',#585,0.175900386);
#587=LINE('',#584,#586);
#588=EDGE_CURVE('',#575,#583,#587,.T.);
#589=ORIENTED_EDGE('',*,*,#588,.T.);
#590=CARTESIAN_POINT('',(207.298417048,-65.496992891,24.94));
#591=VERTEX_POINT('',#590);
#592=CARTESIAN_POINT('',(207.587765888,-64.773489491,24.94));
#593=DIRECTION('',(-0.371332571,-0.928499931,0.));
#594=VECTOR('',#593,0.779217506);
#595=LINE('',#592,#594);
#596=EDGE_CURVE('',#583,#591,#595,.T.);
#597=ORIENTED_EDGE('',*,*,#596,.T.);
#598=CARTESIAN_POINT('',(206.740875838,-66.805751901,24.94));
#599=VERTEX_POINT('',#598);
#600=CARTESIAN_POINT('',(207.298417048,-65.496992891,24.94));
#601=DIRECTION('',(-0.391925621,-0.919996906,0.));
#602=VECTOR('',#601,1.422568925);
#603=LINE('',#600,#602);
#604=EDGE_CURVE('',#591,#599,#603,.T.);
#605=ORIENTED_EDGE('',*,*,#604,.T.);
#606=CARTESIAN_POINT('',(206.457404188,-67.432874031,24.94));
#607=VERTEX_POINT('',#606);
#608=CARTESIAN_POINT('',(206.740875838,-66.805751901,24.94));
#609=DIRECTION('',(-0.411894702,-0.91123145,0.));
#610=VECTOR('',#609,0.688213878);
#611=LINE('',#608,#610);
#612=EDGE_CURVE('',#599,#607,#611,.T.);
#613=ORIENTED_EDGE('',*,*,#612,.T.);
#614=CARTESIAN_POINT('',(206.389061528,-67.593665021,24.94));
#615=VERTEX_POINT('',#614);
#616=CARTESIAN_POINT('',(206.457404188,-67.432874031,24.94));
#617=DIRECTION('',(-0.3911721,-0.920317547,0.));
#618=VECTOR('',#617,0.174712511);
#619=LINE('',#616,#618);
#620=EDGE_CURVE('',#607,#615,#619,.T.);
#621=ORIENTED_EDGE('',*,*,#620,.T.);
#622=CARTESIAN_POINT('',(206.324467988,-67.726968861,24.94));
#623=VERTEX_POINT('',#622);
#624=CARTESIAN_POINT('',(206.389061528,-67.593665021,24.94));
#625=DIRECTION('',(-0.436062373,-0.899916444,0.));
#626=VECTOR('',#625,0.14812913);
#627=LINE('',#624,#626);
#628=EDGE_CURVE('',#615,#623,#627,.T.);
#629=ORIENTED_EDGE('',*,*,#628,.T.);
#630=CARTESIAN_POINT('',(206.151130778,-68.110444651,24.94));
#631=VERTEX_POINT('',#630);
#632=CARTESIAN_POINT('',(206.324467988,-67.726968861,24.94));
#633=DIRECTION('',(-0.411891824,-0.91123275,0.));
#634=VECTOR('',#633,0.420831878);
#635=LINE('',#632,#634);
#636=EDGE_CURVE('',#623,#631,#635,.T.);
#637=ORIENTED_EDGE('',*,*,#636,.T.);
#638=CARTESIAN_POINT('',(205.530712018,-69.407996701,24.94));
#639=VERTEX_POINT('',#638);
#640=CARTESIAN_POINT('',(206.151130778,-68.110444651,24.94));
#641=DIRECTION('',(-0.431370836,-0.902174707,0.));
#642=VECTOR('',#641,1.4382492);
#643=LINE('',#640,#642);
#644=EDGE_CURVE('',#631,#639,#643,.T.);
#645=ORIENTED_EDGE('',*,*,#644,.T.);
#646=CARTESIAN_POINT('',(205.006985608,-70.445939361,24.94));
#647=VERTEX_POINT('',#646);
#648=CARTESIAN_POINT('',(205.530712018,-69.407996701,24.94));
#649=DIRECTION('',(-0.450482664,-0.892785175,0.));
#650=VECTOR('',#649,1.162589488);
#651=LINE('',#648,#650);
#652=EDGE_CURVE('',#639,#647,#651,.T.);
#653=ORIENTED_EDGE('',*,*,#652,.T.);
#654=CARTESIAN_POINT('',(204.959008588,-70.544953701,24.94));
#655=VERTEX_POINT('',#654);
#656=CARTESIAN_POINT('',(205.006985608,-70.445939361,24.94));
#657=DIRECTION('',(-0.436053222,-0.899920878,0.));
#658=VECTOR('',#657,0.110025606);
#659=LINE('',#656,#658);
#660=EDGE_CURVE('',#647,#655,#659,.T.);
#661=ORIENTED_EDGE('',*,*,#660,.T.);
#662=CARTESIAN_POINT('',(204.932812218,-70.592938801,24.94));
#663=VERTEX_POINT('',#662);
#664=CARTESIAN_POINT('',(204.959008588,-70.544953701,24.94));
#665=DIRECTION('',(-0.479171813,-0.877721125,0.));
#666=VECTOR('',#665,0.054670098);
#667=LINE('',#664,#666);
#668=EDGE_CURVE('',#655,#663,#667,.T.);
#669=ORIENTED_EDGE('',*,*,#668,.T.);
#670=CARTESIAN_POINT('',(204.881147688,-70.695331591,24.94));
#671=VERTEX_POINT('',#670);
#672=CARTESIAN_POINT('',(204.932812218,-70.592938801,24.94));
#673=DIRECTION('',(-0.450476045,-0.892788515,0.));
#674=VECTOR('',#673,0.11468874);
#675=LINE('',#672,#674);
#676=EDGE_CURVE('',#663,#671,#675,.T.);
#677=ORIENTED_EDGE('',*,*,#676,.T.);
#678=CARTESIAN_POINT('',(204.203970968,-71.969373871,24.94));
#679=VERTEX_POINT('',#678);
#680=CARTESIAN_POINT('',(204.881147688,-70.695331591,24.94));
#681=DIRECTION('',(-0.469339947,-0.883017562,0.));
#682=VECTOR('',#681,1.442827793);
#683=LINE('',#680,#682);
#684=EDGE_CURVE('',#671,#679,#683,.T.);
#685=ORIENTED_EDGE('',*,*,#684,.T.);
#686=CARTESIAN_POINT('',(203.500708978,-73.227049101,24.94));
#687=VERTEX_POINT('',#686);
#688=CARTESIAN_POINT('',(204.203970968,-71.969373871,24.94));
#689=DIRECTION('',(-0.48805587,-0.87281239,0.));
#690=VECTOR('',#689,1.440945665);
#691=LINE('',#688,#690);
#692=EDGE_CURVE('',#679,#687,#691,.T.);
#693=ORIENTED_EDGE('',*,*,#692,.T.);
#694=CARTESIAN_POINT('',(203.418188948,-73.367439101,24.94));
#695=VERTEX_POINT('',#694);
#696=CARTESIAN_POINT('',(203.500708978,-73.227049101,24.94));
#697=DIRECTION('',(-0.506735772,-0.86210142,0.));
#698=VECTOR('',#697,0.162846269);
#699=LINE('',#696,#698);
#700=EDGE_CURVE('',#687,#695,#699,.T.);
#701=ORIENTED_EDGE('',*,*,#700,.T.);
#702=CARTESIAN_POINT('',(203.384550898,-73.429059201,24.94));
#703=VERTEX_POINT('',#702);
#704=CARTESIAN_POINT('',(203.418188948,-73.367439101,24.94));
#705=DIRECTION('',(-0.479149459,-0.877733328,0.));
#706=VECTOR('',#705,0.070203669);
#707=LINE('',#704,#706);
#708=EDGE_CURVE('',#695,#703,#707,.T.);
#709=ORIENTED_EDGE('',*,*,#708,.T.);
#710=CARTESIAN_POINT('',(203.318445388,-73.537132231,24.94));
#711=VERTEX_POINT('',#710);
#712=CARTESIAN_POINT('',(203.384550898,-73.429059201,24.94));
#713=DIRECTION('',(-0.521799854,-0.853067941,0.));
#714=VECTOR('',#713,0.126687483);
#715=LINE('',#712,#714);
#716=EDGE_CURVE('',#703,#711,#715,.T.);
#717=ORIENTED_EDGE('',*,*,#716,.T.);
#718=CARTESIAN_POINT('',(202.772894898,-74.465280821,24.94));
#719=VERTEX_POINT('',#718);
#720=CARTESIAN_POINT('',(203.318445388,-73.537132231,24.94));
#721=DIRECTION('',(-0.506730775,-0.862104357,0.));
#722=VECTOR('',#721,1.076608166);
#723=LINE('',#720,#722);
#724=EDGE_CURVE('',#711,#719,#723,.T.);
#725=ORIENTED_EDGE('',*,*,#724,.T.);
#726=CARTESIAN_POINT('',(202.022056858,-75.680993581,24.94));
#727=VERTEX_POINT('',#726);
#728=CARTESIAN_POINT('',(202.772894898,-74.465280821,24.94));
#729=DIRECTION('',(-0.52547091,-0.850811567,0.));
#730=VECTOR('',#729,1.428886027);
#731=LINE('',#728,#730);
#732=EDGE_CURVE('',#719,#727,#731,.T.);
#733=ORIENTED_EDGE('',*,*,#732,.T.);
#734=CARTESIAN_POINT('',(201.762275768,-76.081301021,24.94));
#735=VERTEX_POINT('',#734);
#736=CARTESIAN_POINT('',(202.022056858,-75.680993581,24.94));
#737=DIRECTION('',(-0.544371344,-0.838844348,0.));
#738=VECTOR('',#737,0.477213015);
#739=LINE('',#736,#738);
#740=EDGE_CURVE('',#727,#735,#739,.T.);
#741=ORIENTED_EDGE('',*,*,#740,.T.);
#742=CARTESIAN_POINT('',(201.683820988,-76.209566981,24.94));
#743=VERTEX_POINT('',#742);
#744=CARTESIAN_POINT('',(201.762275768,-76.081301021,24.94));
#745=DIRECTION('',(-0.521789065,-0.85307454,0.));
#746=VECTOR('',#745,0.150357271);
#747=LINE('',#744,#746);
#748=EDGE_CURVE('',#735,#743,#747,.T.);
#749=ORIENTED_EDGE('',*,*,#748,.T.);
#750=CARTESIAN_POINT('',(201.593044208,-76.342077971,24.94));
#751=VERTEX_POINT('',#750);
#752=CARTESIAN_POINT('',(201.683820988,-76.209566981,24.94));
#753=DIRECTION('',(-0.565156078,-0.824984004,0.));
#754=VECTOR('',#753,0.160622496);
#755=LINE('',#752,#754);
#756=EDGE_CURVE('',#743,#751,#755,.T.);
#757=ORIENTED_EDGE('',*,*,#756,.T.);
#758=CARTESIAN_POINT('',(201.249726018,-76.871112941,24.94));
#759=VERTEX_POINT('',#758);
#760=CARTESIAN_POINT('',(201.593044208,-76.342077971,24.94));
#761=DIRECTION('',(-0.544370074,-0.838845172,0.));
#762=VECTOR('',#761,0.630670579);
#763=LINE('',#760,#762);
#764=EDGE_CURVE('',#751,#759,#763,.T.);
#765=ORIENTED_EDGE('',*,*,#764,.T.);
#766=CARTESIAN_POINT('',(200.457433538,-78.032562441,24.94));
#767=VERTEX_POINT('',#766);
#768=CARTESIAN_POINT('',(201.249726018,-76.871112941,24.94));
#769=DIRECTION('',(-0.563528645,-0.826096523,0.));
#770=VECTOR('',#769,1.405948902);
#771=LINE('',#768,#770);
#772=EDGE_CURVE('',#759,#767,#771,.T.);
#773=ORIENTED_EDGE('',*,*,#772,.T.);
#774=CARTESIAN_POINT('',(199.963109238,-78.721376381,24.94));
#775=VERTEX_POINT('',#774);
#776=CARTESIAN_POINT('',(200.457433538,-78.032562441,24.94));
#777=DIRECTION('',(-0.583044274,-0.812440382,0.));
#778=VECTOR('',#777,0.847833213);
#779=LINE('',#776,#778);
#780=EDGE_CURVE('',#767,#775,#779,.T.);
#781=ORIENTED_EDGE('',*,*,#780,.T.);
#782=CARTESIAN_POINT('',(199.874952398,-78.850064521,24.94));
#783=VERTEX_POINT('',#782);
#784=CARTESIAN_POINT('',(199.963109238,-78.721376381,24.94));
#785=DIRECTION('',(-0.56515131,-0.824987271,0.));
#786=VECTOR('',#785,0.155988031);
#787=LINE('',#784,#786);
#788=EDGE_CURVE('',#775,#783,#787,.T.);
#789=ORIENTED_EDGE('',*,*,#788,.T.);
#790=CARTESIAN_POINT('',(199.813935268,-78.929242461,24.94));
#791=VERTEX_POINT('',#790);
#792=CARTESIAN_POINT('',(199.874952398,-78.850064521,24.94));
#793=DIRECTION('',(-0.610408296,-0.792086935,0.));
#794=VECTOR('',#793,0.099961174);
#795=LINE('',#792,#794);
#796=EDGE_CURVE('',#783,#791,#795,.T.);
#797=ORIENTED_EDGE('',*,*,#796,.T.);
#798=CARTESIAN_POINT('',(199.646707548,-79.162266631,24.94));
#799=VERTEX_POINT('',#798);
#800=CARTESIAN_POINT('',(199.813935268,-78.929242461,24.94));
#801=DIRECTION('',(-0.583041851,-0.812442121,0.));
#802=VECTOR('',#801,0.28681941);
#803=LINE('',#800,#802);
#804=EDGE_CURVE('',#791,#799,#803,.T.);
#805=ORIENTED_EDGE('',*,*,#804,.T.);
#806=CARTESIAN_POINT('',(198.819080218,-80.257151071,24.94));
#807=VERTEX_POINT('',#806);
#808=CARTESIAN_POINT('',(199.646707548,-79.162266631,24.94));
#809=DIRECTION('',(-0.603009934,-0.797733677,0.));
#810=VECTOR('',#809,1.372493692);
#811=LINE('',#808,#810);
#812=EDGE_CURVE('',#799,#807,#811,.T.);
#813=ORIENTED_EDGE('',*,*,#812,.T.);
#814=CARTESIAN_POINT('',(197.976080688,-81.314139301,24.94));
#815=VERTEX_POINT('',#814);
#816=CARTESIAN_POINT('',(198.819080218,-80.257151071,24.94));
#817=DIRECTION('',(-0.623525765,-0.781802802,0.));
#818=VECTOR('',#817,1.351988286);
#819=LINE('',#816,#818);
#820=EDGE_CURVE('',#807,#815,#819,.T.);
#821=ORIENTED_EDGE('',*,*,#820,.T.);
#822=CARTESIAN_POINT('',(196.798461088,-82.699252291,24.94));
#823=VERTEX_POINT('',#822);
#824=CARTESIAN_POINT('',(197.976080688,-81.314139301,24.94));
#825=DIRECTION('',(-0.64773577,-0.761865062,0.));
#826=VECTOR('',#825,1.818055532);
#827=LINE('',#824,#826);
#828=EDGE_CURVE('',#815,#823,#827,.T.);
#829=ORIENTED_EDGE('',*,*,#828,.T.);
#830=CARTESIAN_POINT('',(195.598364948,-84.023385521,24.94));
#831=VERTEX_POINT('',#830);
#832=CARTESIAN_POINT('',(196.798461088,-82.699252291,24.94));
#833=DIRECTION('',(-0.671550272,-0.740958995,0.));
#834=VECTOR('',#833,1.787053317);
#835=LINE('',#832,#834);
#836=EDGE_CURVE('',#823,#831,#835,.T.);
#837=ORIENTED_EDGE('',*,*,#836,.T.);
#838=CARTESIAN_POINT('',(194.383016798,-85.299165001,24.94));
#839=VERTEX_POINT('',#838);
#840=CARTESIAN_POINT('',(195.598364948,-84.023385521,24.94));
#841=DIRECTION('',(-0.689750421,-0.724047207,0.));
#842=VECTOR('',#841,1.762011466);
#843=LINE('',#840,#842);
#844=EDGE_CURVE('',#831,#839,#843,.T.);
#845=ORIENTED_EDGE('',*,*,#844,.T.);
#846=CARTESIAN_POINT('',(193.159639148,-86.539216741,24.94));
#847=VERTEX_POINT('',#846);
#848=CARTESIAN_POINT('',(194.383016798,-85.299165001,24.94));
#849=DIRECTION('',(-0.702304536,-0.711876632,0.));
#850=VECTOR('',#849,1.741947529);
#851=LINE('',#848,#850);
#852=EDGE_CURVE('',#839,#847,#851,.T.);
#853=ORIENTED_EDGE('',*,*,#852,.T.);
#854=CARTESIAN_POINT('',(190.717696498,-88.962638011,24.94));
#855=VERTEX_POINT('',#854);
#856=CARTESIAN_POINT('',(193.159639148,-86.539216741,24.94));
#857=DIRECTION('',(-0.70979344,-0.704409876,0.));
#858=VECTOR('',#857,3.440356749);
#859=LINE('',#856,#858);
#860=EDGE_CURVE('',#847,#855,#859,.T.);
#861=ORIENTED_EDGE('',*,*,#860,.T.);
#862=CARTESIAN_POINT('',(188.330332228,-91.394657411,24.94));
#863=VERTEX_POINT('',#862);
#864=CARTESIAN_POINT('',(190.717696498,-88.962638011,24.94));
#865=DIRECTION('',(-0.700524847,-0.713628012,0.));
#866=VECTOR('',#865,3.407965158);
#867=LINE('',#864,#866);
#868=EDGE_CURVE('',#855,#863,#867,.T.);
#869=ORIENTED_EDGE('',*,*,#868,.T.);
#870=CARTESIAN_POINT('',(187.175177048,-92.645456561,24.94));
#871=VERTEX_POINT('',#870);
#872=CARTESIAN_POINT('',(188.330332228,-91.394657411,24.94));
#873=DIRECTION('',(-0.67846127,-0.734636172,0.));
#874=VECTOR('',#873,1.70261035);
#875=LINE('',#872,#874);
#876=EDGE_CURVE('',#863,#871,#875,.T.);
#877=ORIENTED_EDGE('',*,*,#876,.T.);
#878=CARTESIAN_POINT('',(186.055338538,-93.936282011,24.94));
#879=VERTEX_POINT('',#878);
#880=CARTESIAN_POINT('',(187.175177048,-92.645456561,24.94));
#881=DIRECTION('',(-0.655305777,-0.755363713,0.));
#882=VECTOR('',#881,1.708879349);
#883=LINE('',#880,#882);
#884=EDGE_CURVE('',#871,#879,#883,.T.);
#885=ORIENTED_EDGE('',*,*,#884,.T.);
#886=CARTESIAN_POINT('',(184.978042238,-95.279759771,24.94));
#887=VERTEX_POINT('',#886);
#888=CARTESIAN_POINT('',(186.055338538,-93.936282011,24.94));
#889=DIRECTION('',(-0.625584843,-0.780156141,0.));
#890=VECTOR('',#889,1.722062661);
#891=LINE('',#888,#890);
#892=EDGE_CURVE('',#879,#887,#891,.T.);
#893=ORIENTED_EDGE('',*,*,#892,.T.);
#894=CARTESIAN_POINT('',(183.950511668,-96.688515851,24.94));
#895=VERTEX_POINT('',#894);
#896=CARTESIAN_POINT('',(184.978042238,-95.279759771,24.94));
#897=DIRECTION('',(-0.589289195,-0.807922178,0.));
#898=VECTOR('',#897,1.743677942);
#899=LINE('',#896,#898);
#900=EDGE_CURVE('',#887,#895,#899,.T.);
#901=ORIENTED_EDGE('',*,*,#900,.T.);
#902=CARTESIAN_POINT('',(182.979971358,-98.175177271,24.94));
#903=VERTEX_POINT('',#902);
#904=CARTESIAN_POINT('',(183.950511668,-96.688515851,24.94));
#905=DIRECTION('',(-0.546654402,-0.837358326,0.));
#906=VECTOR('',#905,1.77541845);
#907=LINE('',#904,#906);
#908=EDGE_CURVE('',#895,#903,#907,.T.);
#909=ORIENTED_EDGE('',*,*,#908,.T.);
#910=CARTESIAN_POINT('',(182.073644828,-99.752369031,24.94));
#911=VERTEX_POINT('',#910);
#912=CARTESIAN_POINT('',(182.979971358,-98.175177271,24.94));
#913=DIRECTION('',(-0.498240271,-0.867039003,0.));
#914=VECTOR('',#913,1.819055147);
#915=LINE('',#912,#914);
#916=EDGE_CURVE('',#903,#911,#915,.T.);
#917=ORIENTED_EDGE('',*,*,#916,.T.);
#918=CARTESIAN_POINT('',(181.646819838,-100.578859101,24.94));
#919=VERTEX_POINT('',#918);
#920=CARTESIAN_POINT('',(182.073644828,-99.752369031,24.94));
#921=DIRECTION('',(-0.458854683,-0.888511328,0.));
#922=VECTOR('',#921,0.930196435);
#923=LINE('',#920,#922);
#924=EDGE_CURVE('',#911,#919,#923,.T.);
#925=ORIENTED_EDGE('',*,*,#924,.T.);
#926=CARTESIAN_POINT('',(181.238757618,-101.432716131,24.94));
#927=VERTEX_POINT('',#926);
#928=CARTESIAN_POINT('',(181.646819838,-100.578859101,24.94));
#929=DIRECTION('',(-0.431193885,-0.902259294,0.));
#930=VECTOR('',#929,0.946354375);
#931=LINE('',#928,#930);
#932=EDGE_CURVE('',#919,#927,#931,.T.);
#933=ORIENTED_EDGE('',*,*,#932,.T.);
#934=CARTESIAN_POINT('',(181.207939424,-101.502764826,24.94));
#935=VERTEX_POINT('',#934);
#936=CARTESIAN_POINT('',(181.238757618,-101.432716131,24.94));
#937=DIRECTION('',(-0.402703231,-0.9153306,0.));
#938=VECTOR('',#937,0.0765283);
#939=LINE('',#936,#938);
#940=EDGE_CURVE('',#927,#935,#939,.T.);
#941=ORIENTED_EDGE('',*,*,#940,.T.);
#942=CARTESIAN_POINT('',(181.144032748,-101.648018841,24.94));
#943=VERTEX_POINT('',#942);
#944=CARTESIAN_POINT('',(181.207939424,-101.502764826,24.94));
#945=DIRECTION('',(-0.40271174,-0.915326857,0.));
#946=VECTOR('',#945,0.15869087);
#947=LINE('',#944,#946);
#948=EDGE_CURVE('',#935,#943,#947,.T.);
#949=ORIENTED_EDGE('',*,*,#948,.T.);
#950=CARTESIAN_POINT('',(182.952130708,-101.892977171,24.94));
#951=VERTEX_POINT('',#950);
#952=CARTESIAN_POINT('',(181.144032748,-101.648018841,24.94));
#953=DIRECTION('',(0.990947223,-0.134252005,0.));
#954=VECTOR('',#953,1.8246158);
#955=LINE('',#952,#954);
#956=EDGE_CURVE('',#943,#951,#955,.T.);
#957=ORIENTED_EDGE('',*,*,#956,.T.);
#958=CARTESIAN_POINT('',(185.220979558,-102.343045291,24.94));
#959=VERTEX_POINT('',#958);
#960=CARTESIAN_POINT('',(182.952130708,-101.892977171,24.94));
#961=DIRECTION('',(0.980887224,-0.194577117,0.));
#962=VECTOR('',#961,2.313057807);
#963=LINE('',#960,#962);
#964=EDGE_CURVE('',#951,#959,#963,.T.);
#965=ORIENTED_EDGE('',*,*,#964,.T.);
#966=CARTESIAN_POINT('',(187.286994148,-102.914696201,24.94));
#967=VERTEX_POINT('',#966);
#968=CARTESIAN_POINT('',(185.220979558,-102.343045291,24.94));
#969=DIRECTION('',(0.963787136,-0.266672751,0.));
#970=VECTOR('',#969,2.143642006);
#971=LINE('',#968,#970);
#972=EDGE_CURVE('',#959,#967,#971,.T.);
#973=ORIENTED_EDGE('',*,*,#972,.T.);
#974=CARTESIAN_POINT('',(189.123839738,-103.610737701,24.94));
#975=VERTEX_POINT('',#974);
#976=CARTESIAN_POINT('',(187.286994148,-102.914696201,24.94));
#977=DIRECTION('',(0.935114469,-0.354345777,0.));
#978=VECTOR('',#977,1.964300255);
#979=LINE('',#976,#978);
#980=EDGE_CURVE('',#967,#975,#979,.T.);
#981=ORIENTED_EDGE('',*,*,#980,.T.);
#982=CARTESIAN_POINT('',(190.705182598,-104.433977591,24.94));
#983=VERTEX_POINT('',#982);
#984=CARTESIAN_POINT('',(189.123839738,-103.610737701,24.94));
#985=DIRECTION('',(0.887000517,-0.461768429,0.));
#986=VECTOR('',#985,1.782798126);
#987=LINE('',#984,#986);
#988=EDGE_CURVE('',#975,#983,#987,.T.);
#989=ORIENTED_EDGE('',*,*,#988,.T.);
#990=CARTESIAN_POINT('',(191.391810898,-104.894173991,24.94));
#991=VERTEX_POINT('',#990);
#992=CARTESIAN_POINT('',(190.705182598,-104.433977591,24.94));
#993=DIRECTION('',(0.83068301,-0.556745667,0.));
#994=VECTOR('',#993,0.826582814);
#995=LINE('',#992,#994);
#996=EDGE_CURVE('',#983,#991,#995,.T.);
#997=ORIENTED_EDGE('',*,*,#996,.T.);
#998=CARTESIAN_POINT('',(192.004687988,-105.387221651,24.94));
#999=VERTEX_POINT('',#998);
#1000=CARTESIAN_POINT('',(191.391810898,-104.894173991,24.94));
#1001=DIRECTION('',(0.779162967,-0.626821403,0.));
#1002=VECTOR('',#1001,0.786583958);
#1003=LINE('',#1000,#1002);
#1004=EDGE_CURVE('',#991,#999,#1003,.T.);
#1005=ORIENTED_EDGE('',*,*,#1004,.T.);
#1006=CARTESIAN_POINT('',(192.540522278,-105.913474071,24.94));
#1007=VERTEX_POINT('',#1006);
#1008=CARTESIAN_POINT('',(192.004687988,-105.387221651,24.94));
#1009=DIRECTION('',(0.71345708,-0.700698933,0.));
#1010=VECTOR('',#1009,0.751039277);
#1011=LINE('',#1008,#1010);
#1012=EDGE_CURVE('',#999,#1007,#1011,.T.);
#1013=ORIENTED_EDGE('',*,*,#1012,.T.);
#1014=CARTESIAN_POINT('',(192.996021168,-106.473279701,24.94));
#1015=VERTEX_POINT('',#1014);
#1016=CARTESIAN_POINT('',(192.540522278,-105.913474071,24.94));
#1017=DIRECTION('',(0.631140661,-0.7756684,0.));
#1018=VECTOR('',#1017,0.721707408);
#1019=LINE('',#1016,#1018);
#1020=EDGE_CURVE('',#1007,#1015,#1019,.T.);
#1021=ORIENTED_EDGE('',*,*,#1020,.T.);
#1022=CARTESIAN_POINT('',(193.367894078,-107.066990021,24.94));
#1023=VERTEX_POINT('',#1022);
#1024=CARTESIAN_POINT('',(192.996021168,-106.473279701,24.94));
#1025=DIRECTION('',(0.530823929,-0.847482127,0.));
#1026=VECTOR('',#1025,0.700557924);
#1027=LINE('',#1024,#1026);
#1028=EDGE_CURVE('',#1015,#1023,#1027,.T.);
#1029=ORIENTED_EDGE('',*,*,#1028,.T.);
#1030=CARTESIAN_POINT('',(193.652849418,-107.694955501,24.94));
#1031=VERTEX_POINT('',#1030);
#1032=CARTESIAN_POINT('',(193.367894078,-107.066990021,24.94));
#1033=DIRECTION('',(0.413221763,-0.910630427,0.));
#1034=VECTOR('',#1033,0.689594221);
#1035=LINE('',#1032,#1034);
#1036=EDGE_CURVE('',#1023,#1031,#1035,.T.);
#1037=ORIENTED_EDGE('',*,*,#1036,.T.);
#1038=CARTESIAN_POINT('',(193.865456438,-108.357184221,24.94));
#1039=VERTEX_POINT('',#1038);
#1040=CARTESIAN_POINT('',(193.652849418,-107.694955501,24.94));
#1041=DIRECTION('',(0.305680496,-0.952134147,0.));
#1042=VECTOR('',#1041,0.695520397);
#1043=LINE('',#1040,#1042);
#1044=EDGE_CURVE('',#1031,#1039,#1043,.T.);
#1045=ORIENTED_EDGE('',*,*,#1044,.T.);
#1046=CARTESIAN_POINT('',(194.022645768,-109.052637901,24.94));
#1047=VERTEX_POINT('',#1046);
#1048=CARTESIAN_POINT('',(193.865456438,-108.357184221,24.94));
#1049=DIRECTION('',(0.220462911,-0.975395358,0.));
#1050=VECTOR('',#1049,0.712996709);
#1051=LINE('',#1048,#1050);
#1052=EDGE_CURVE('',#1039,#1047,#1051,.T.);
#1053=ORIENTED_EDGE('',*,*,#1052,.T.);
#1054=CARTESIAN_POINT('',(194.124720408,-109.780041921,24.94));
#1055=VERTEX_POINT('',#1054);
#1056=CARTESIAN_POINT('',(194.022645768,-109.052637901,24.94));
#1057=DIRECTION('',(0.138965728,-0.990297191,0.));
#1058=VECTOR('',#1057,0.734531034);
#1059=LINE('',#1056,#1058);
#1060=EDGE_CURVE('',#1047,#1055,#1059,.T.);
#1061=ORIENTED_EDGE('',*,*,#1060,.T.);
#1062=CARTESIAN_POINT('',(194.171983358,-110.538120651,24.94));
#1063=VERTEX_POINT('',#1062);
#1064=CARTESIAN_POINT('',(194.124720408,-109.780041921,24.94));
#1065=DIRECTION('',(0.062224885,-0.998062154,0.));
#1066=VECTOR('',#1065,0.759550622);
#1067=LINE('',#1064,#1066);
#1068=EDGE_CURVE('',#1055,#1063,#1067,.T.);
#1069=ORIENTED_EDGE('',*,*,#1068,.T.);
#1070=CARTESIAN_POINT('',(194.164739638,-111.325602501,24.94));
#1071=VERTEX_POINT('',#1070);
#1072=CARTESIAN_POINT('',(194.171983358,-110.538120651,24.94));
#1073=DIRECTION('',(-0.009198197,-0.999957696,0.));
#1074=VECTOR('',#1073,0.787515165);
#1075=LINE('',#1072,#1074);
#1076=EDGE_CURVE('',#1063,#1071,#1075,.T.);
#1077=ORIENTED_EDGE('',*,*,#1076,.T.);
#1078=CARTESIAN_POINT('',(194.103291238,-112.141211841,24.94));
#1079=VERTEX_POINT('',#1078);
#1080=CARTESIAN_POINT('',(194.164739638,-111.325602501,24.94));
#1081=DIRECTION('',(-0.075127564,-0.997173931,0.));
#1082=VECTOR('',#1081,0.817920841);
#1083=LINE('',#1080,#1082);
#1084=EDGE_CURVE('',#1071,#1079,#1083,.T.);
#1085=ORIENTED_EDGE('',*,*,#1084,.T.);
#1086=CARTESIAN_POINT('',(193.987943178,-112.983674051,24.94));
#1087=VERTEX_POINT('',#1086);
#1088=CARTESIAN_POINT('',(194.103291238,-112.141211841,24.94));
#1089=DIRECTION('',(-0.135652189,-0.990756521,0.));
#1090=VECTOR('',#1089,0.850322145);
#1091=LINE('',#1088,#1090);
#1092=EDGE_CURVE('',#1079,#1087,#1091,.T.);
#1093=ORIENTED_EDGE('',*,*,#1092,.T.);
#1094=CARTESIAN_POINT('',(193.818997448,-113.851715521,24.94));
#1095=VERTEX_POINT('',#1094);
#1096=CARTESIAN_POINT('',(193.987943178,-112.983674051,24.94));
#1097=DIRECTION('',(-0.191043871,-0.981581499,0.));
#1098=VECTOR('',#1097,0.884329494);
#1099=LINE('',#1096,#1098);
#1100=EDGE_CURVE('',#1087,#1095,#1099,.T.);
#1101=ORIENTED_EDGE('',*,*,#1100,.T.);
#1102=CARTESIAN_POINT('',(193.596759068,-114.744060621,24.94));
#1103=VERTEX_POINT('',#1102);
#1104=CARTESIAN_POINT('',(193.818997448,-113.851715521,24.94));
#1105=DIRECTION('',(-0.241667742,-0.970359059,0.));
#1106=VECTOR('',#1105,0.919602999);
#1107=LINE('',#1104,#1106);
#1108=EDGE_CURVE('',#1095,#1103,#1107,.T.);
#1109=ORIENTED_EDGE('',*,*,#1108,.T.);
#1110=CARTESIAN_POINT('',(193.321531038,-115.659437761,24.94));
#1111=VERTEX_POINT('',#1110);
#1112=CARTESIAN_POINT('',(193.596759068,-114.744060621,24.94));
#1113=DIRECTION('',(-0.287937999,-0.957649053,0.));
#1114=VECTOR('',#1113,0.955858659);
#1115=LINE('',#1112,#1114);
#1116=EDGE_CURVE('',#1103,#1111,#1115,.T.);
#1117=ORIENTED_EDGE('',*,*,#1116,.T.);
#1118=CARTESIAN_POINT('',(192.993616358,-116.596569291,24.94));
#1119=VERTEX_POINT('',#1118);
#1120=CARTESIAN_POINT('',(193.321531038,-115.659437761,24.94));
#1121=DIRECTION('',(-0.330277424,-0.943883903,0.));
#1122=VECTOR('',#1121,0.992846182);
#1123=LINE('',#1120,#1122);
#1124=EDGE_CURVE('',#1111,#1119,#1123,.T.);
#1125=ORIENTED_EDGE('',*,*,#1124,.T.);
#1126=CARTESIAN_POINT('',(192.613319038,-117.554183621,24.94));
#1127=VERTEX_POINT('',#1126);
#1128=CARTESIAN_POINT('',(192.993616358,-116.596569291,24.94));
#1129=DIRECTION('',(-0.36909004,-0.929393642,0.));
#1130=VECTOR('',#1129,1.030364623);
#1131=LINE('',#1128,#1130);
#1132=EDGE_CURVE('',#1119,#1127,#1131,.T.);
#1133=ORIENTED_EDGE('',*,*,#1132,.T.);
#1134=CARTESIAN_POINT('',(192.180943088,-118.531005121,24.94));
#1135=VERTEX_POINT('',#1134);
#1136=CARTESIAN_POINT('',(192.613319038,-117.554183621,24.94));
#1137=DIRECTION('',(-0.404756768,-0.914424387,0.));
#1138=VECTOR('',#1137,1.068236493);
#1139=LINE('',#1136,#1138);
#1140=EDGE_CURVE('',#1127,#1135,#1139,.T.);
#1141=ORIENTED_EDGE('',*,*,#1140,.T.);
#1142=CARTESIAN_POINT('',(191.696791508,-119.525760181,24.94));
#1143=VERTEX_POINT('',#1142);
#1144=CARTESIAN_POINT('',(192.180943088,-118.531005121,24.94));
#1145=DIRECTION('',(-0.437624091,-0.899158026,0.));
#1146=VECTOR('',#1145,1.106318391);
#1147=LINE('',#1144,#1146);
#1148=EDGE_CURVE('',#1135,#1143,#1147,.T.);
#1149=ORIENTED_EDGE('',*,*,#1148,.T.);
#1150=CARTESIAN_POINT('',(190.574377498,-121.563973511,24.94));
#1151=VERTEX_POINT('',#1150);
#1152=CARTESIAN_POINT('',(191.696791508,-119.525760181,24.94));
#1153=DIRECTION('',(-0.482379528,-0.875962323,0.));
#1154=VECTOR('',#1153,2.326827623);
#1155=LINE('',#1152,#1154);
#1156=EDGE_CURVE('',#1143,#1151,#1155,.T.);
#1157=ORIENTED_EDGE('',*,*,#1156,.T.);
#1158=CARTESIAN_POINT('',(189.248504038,-123.658627661,24.94));
#1159=VERTEX_POINT('',#1158);
#1160=CARTESIAN_POINT('',(190.574377498,-121.563973511,24.94));
#1161=DIRECTION('',(-0.534838775,-0.844954132,0.));
#1162=VECTOR('',#1161,2.479015216);
#1163=LINE('',#1160,#1162);
#1164=EDGE_CURVE('',#1151,#1159,#1163,.T.);
#1165=ORIENTED_EDGE('',*,*,#1164,.T.);
#1166=CARTESIAN_POINT('',(187.721601188,-125.799529711,24.94));
#1167=VERTEX_POINT('',#1166);
#1168=CARTESIAN_POINT('',(189.248504038,-123.658627661,24.94));
#1169=DIRECTION('',(-0.580655635,-0.81414927,0.));
#1170=VECTOR('',#1169,2.629618585);
#1171=LINE('',#1168,#1170);
#1172=EDGE_CURVE('',#1159,#1167,#1171,.T.);
#1173=ORIENTED_EDGE('',*,*,#1172,.T.);
#1174=CARTESIAN_POINT('',(185.996095978,-127.976484721,24.94));
#1175=VERTEX_POINT('',#1174);
#1176=CARTESIAN_POINT('',(187.721601188,-125.799529711,24.94));
#1177=DIRECTION('',(-0.621163684,-0.783680852,0.));
#1178=VECTOR('',#1177,2.77785913);
#1179=LINE('',#1176,#1178);
#1180=EDGE_CURVE('',#1167,#1175,#1179,.T.);
#1181=ORIENTED_EDGE('',*,*,#1180,.T.);
#1182=CARTESIAN_POINT('',(184.074418468,-130.179297751,24.94));
#1183=VERTEX_POINT('',#1182);
#1184=CARTESIAN_POINT('',(185.996095978,-127.976484721,24.94));
#1185=DIRECTION('',(-0.657383254,-0.753556406,0.));
#1186=VECTOR('',#1185,2.923222485);
#1187=LINE('',#1184,#1186);
#1188=EDGE_CURVE('',#1175,#1183,#1187,.T.);
#1189=ORIENTED_EDGE('',*,*,#1188,.T.);
#1190=CARTESIAN_POINT('',(183.418473968,-130.867196631,24.94));
#1191=VERTEX_POINT('',#1190);
#1192=CARTESIAN_POINT('',(184.074418468,-130.179297751,24.94));
#1193=DIRECTION('',(-0.690097881,-0.723716045,0.));
#1194=VECTOR('',#1193,0.950509367);
#1195=LINE('',#1192,#1194);
#1196=EDGE_CURVE('',#1183,#1191,#1195,.T.);
#1197=ORIENTED_EDGE('',*,*,#1196,.T.);
#1198=CARTESIAN_POINT('',(201.679338608,-146.716712531,24.94));
#1199=VERTEX_POINT('',#1198);
#1200=CARTESIAN_POINT('',(183.418473968,-130.867196631,24.94));
#1201=DIRECTION('',(0.755209239,-0.655483795,0.));
#1202=VECTOR('',#1201,24.179874517);
#1203=LINE('',#1200,#1202);
#1204=EDGE_CURVE('',#1191,#1199,#1203,.T.);
#1205=ORIENTED_EDGE('',*,*,#1204,.T.);
#1206=CARTESIAN_POINT('',(202.952114348,-146.662113951,24.94));
#1207=VERTEX_POINT('',#1206);
#1208=CARTESIAN_POINT('',(201.679338608,-146.716712531,24.94));
#1209=DIRECTION('',(0.999081181,0.042857836,0.));
#1210=VECTOR('',#1209,1.273946266);
#1211=LINE('',#1208,#1210);
#1212=EDGE_CURVE('',#1199,#1207,#1211,.T.);
#1213=ORIENTED_EDGE('',*,*,#1212,.T.);
#1214=CARTESIAN_POINT('',(204.335799198,-146.520849291,24.94));
#1215=VERTEX_POINT('',#1214);
#1216=CARTESIAN_POINT('',(202.952114348,-146.662113951,24.94));
#1217=DIRECTION('',(0.99482889,0.101565154,0.));
#1218=VECTOR('',#1217,1.39087723);
#1219=LINE('',#1216,#1218);
#1220=EDGE_CURVE('',#1207,#1215,#1219,.T.);
#1221=ORIENTED_EDGE('',*,*,#1220,.T.);
#1222=CARTESIAN_POINT('',(205.717375168,-146.299114901,24.94));
#1223=VERTEX_POINT('',#1222);
#1224=CARTESIAN_POINT('',(204.335799198,-146.520849291,24.94));
#1225=DIRECTION('',(0.987364454,0.158465882,0.));
#1226=VECTOR('',#1225,1.399256338);
#1227=LINE('',#1224,#1226);
#1228=EDGE_CURVE('',#1215,#1223,#1227,.T.);
#1229=ORIENTED_EDGE('',*,*,#1228,.T.);
#1230=CARTESIAN_POINT('',(207.094416238,-145.998359121,24.94));
#1231=VERTEX_POINT('',#1230);
#1232=CARTESIAN_POINT('',(205.717375168,-146.299114901,24.94));
#1233=DIRECTION('',(0.976969866,0.213377321,0.));
#1234=VECTOR('',#1233,1.409502092);
#1235=LINE('',#1232,#1234);
#1236=EDGE_CURVE('',#1223,#1231,#1235,.T.);
#1237=ORIENTED_EDGE('',*,*,#1236,.T.);
#1238=CARTESIAN_POINT('',(208.464495378,-145.620030291,24.94));
#1239=VERTEX_POINT('',#1238);
#1240=CARTESIAN_POINT('',(207.094416238,-145.998359121,24.94));
#1241=DIRECTION('',(0.963924779,0.266174795,0.));
#1242=VECTOR('',#1241,1.42135483);
#1243=LINE('',#1240,#1242);
#1244=EDGE_CURVE('',#1231,#1239,#1243,.T.);
#1245=ORIENTED_EDGE('',*,*,#1244,.T.);
#1246=CARTESIAN_POINT('',(209.825184548,-145.165578771,24.94));
#1247=VERTEX_POINT('',#1246);
#1248=CARTESIAN_POINT('',(208.464495378,-145.620030291,24.94));
#1249=DIRECTION('',(0.948497338,0.316785101,0.));
#1250=VECTOR('',#1249,1.434573526);
#1251=LINE('',#1248,#1250);
#1252=EDGE_CURVE('',#1239,#1247,#1251,.T.);
#1253=ORIENTED_EDGE('',*,*,#1252,.T.);
#1254=CARTESIAN_POINT('',(211.174058738,-144.636452901,24.94));
#1255=VERTEX_POINT('',#1254);
#1256=CARTESIAN_POINT('',(209.825184548,-145.165578771,24.94));
#1257=DIRECTION('',(0.930936694,0.365180602,0.));
#1258=VECTOR('',#1257,1.448942983);
#1259=LINE('',#1256,#1258);
#1260=EDGE_CURVE('',#1247,#1255,#1259,.T.);
#1261=ORIENTED_EDGE('',*,*,#1260,.T.);
#1262=CARTESIAN_POINT('',(212.508689908,-144.034102031,24.94));
#1263=VERTEX_POINT('',#1262);
#1264=CARTESIAN_POINT('',(211.174058738,-144.636452901,24.94));
#1265=DIRECTION('',(0.911469403,0.411367874,0.));
#1266=VECTOR('',#1265,1.464263272);
#1267=LINE('',#1264,#1266);
#1268=EDGE_CURVE('',#1255,#1263,#1267,.T.);
#1269=ORIENTED_EDGE('',*,*,#1268,.T.);
#1270=CARTESIAN_POINT('',(213.826650018,-143.359974501,24.94));
#1271=VERTEX_POINT('',#1270);
#1272=CARTESIAN_POINT('',(212.508689908,-144.034102031,24.94));
#1273=DIRECTION('',(0.890296816,0.455380697,0.));
#1274=VECTOR('',#1273,1.480360354);
#1275=LINE('',#1272,#1274);
#1276=EDGE_CURVE('',#1263,#1271,#1275,.T.);
#1277=ORIENTED_EDGE('',*,*,#1276,.T.);
#1278=CARTESIAN_POINT('',(215.125514058,-142.615520671,24.94));
#1279=VERTEX_POINT('',#1278);
#1280=CARTESIAN_POINT('',(213.826650018,-143.359974501,24.94));
#1281=DIRECTION('',(0.8675962,0.497269378,0.));
#1282=VECTOR('',#1281,1.497083598);
#1283=LINE('',#1280,#1282);
#1284=EDGE_CURVE('',#1271,#1279,#1283,.T.);
#1285=ORIENTED_EDGE('',*,*,#1284,.T.);
#1286=CARTESIAN_POINT('',(214.856722758,-141.780867781,24.94));
#1287=VERTEX_POINT('',#1286);
#1288=CARTESIAN_POINT('',(215.125514058,-142.615520671,24.94));
#1289=DIRECTION('',(-0.306536301,0.951858969,0.));
#1290=VECTOR('',#1289,0.87686613);
#1291=LINE('',#1288,#1290);
#1292=EDGE_CURVE('',#1279,#1287,#1291,.T.);
#1293=ORIENTED_EDGE('',*,*,#1292,.T.);
#1294=CARTESIAN_POINT('',(214.523051078,-140.933975711,24.94));
#1295=VERTEX_POINT('',#1294);
#1296=CARTESIAN_POINT('',(214.856722758,-141.780867781,24.94));
#1297=DIRECTION('',(-0.366569721,0.930390585,0.));
#1298=VECTOR('',#1297,0.910254343);
#1299=LINE('',#1296,#1298);
#1300=EDGE_CURVE('',#1287,#1295,#1299,.T.);
#1301=ORIENTED_EDGE('',*,*,#1300,.T.);
#1302=CARTESIAN_POINT('',(214.130821618,-140.076742251,24.94));
#1303=VERTEX_POINT('',#1302);
#1304=CARTESIAN_POINT('',(214.523051078,-140.933975711,24.94));
#1305=DIRECTION('',(-0.416067978,0.909333513,0.));
#1306=VECTOR('',#1305,0.942705232);
#1307=LINE('',#1304,#1306);
#1308=EDGE_CURVE('',#1295,#1303,#1307,.T.);
#1309=ORIENTED_EDGE('',*,*,#1308,.T.);
#1310=CARTESIAN_POINT('',(213.686358998,-139.211063171,24.94));
#1311=VERTEX_POINT('',#1310);
#1312=CARTESIAN_POINT('',(214.130821618,-140.076742251,24.94));
#1313=DIRECTION('',(-0.456743462,0.889598454,0.));
#1314=VECTOR('',#1313,0.973112167);
#1315=LINE('',#1312,#1314);
#1316=EDGE_CURVE('',#1303,#1311,#1315,.T.);
#1317=ORIENTED_EDGE('',*,*,#1316,.T.);
#1318=CARTESIAN_POINT('',(212.666026698,-137.461961331,24.94));
#1319=VERTEX_POINT('',#1318);
#1320=CARTESIAN_POINT('',(213.686358998,-139.211063171,24.94));
#1321=DIRECTION('',(-0.503879461,0.86377398,0.));
#1322=VECTOR('',#1321,2.024953147);
#1323=LINE('',#1320,#1322);
#1324=EDGE_CURVE('',#1311,#1319,#1323,.T.);
#1325=ORIENTED_EDGE('',*,*,#1324,.T.);
#1326=CARTESIAN_POINT('',(211.512645078,-135.701851501,24.94));
#1327=VERTEX_POINT('',#1326);
#1328=CARTESIAN_POINT('',(212.666026698,-137.461961331,24.94));
#1329=DIRECTION('',(-0.548094819,0.836416206,0.));
#1330=VECTOR('',#1329,2.104346876);
#1331=LINE('',#1328,#1330);
#1332=EDGE_CURVE('',#1319,#1327,#1331,.T.);
#1333=ORIENTED_EDGE('',*,*,#1332,.T.);
#1334=CARTESIAN_POINT('',(206.580413098,-128.854919091,24.94));
#1335=VERTEX_POINT('',#1334);
#1336=CARTESIAN_POINT('',(211.512645078,-135.701851501,24.94));
#1337=DIRECTION('',(-0.584495193,0.811397171,0.));
#1338=VECTOR('',#1337,8.438447472);
#1339=LINE('',#1336,#1338);
#1340=EDGE_CURVE('',#1327,#1335,#1339,.T.);
#1341=ORIENTED_EDGE('',*,*,#1340,.T.);
#1342=CARTESIAN_POINT('',(205.520625148,-127.267462701,24.94));
#1343=VERTEX_POINT('',#1342);
#1344=CARTESIAN_POINT('',(206.580413098,-128.854919091,24.94));
#1345=DIRECTION('',(-0.555238229,0.831691354,0.));
#1346=VECTOR('',#1345,1.90870854);
#1347=LINE('',#1344,#1346);
#1348=EDGE_CURVE('',#1335,#1343,#1347,.T.);
#1349=ORIENTED_EDGE('',*,*,#1348,.T.);
#1350=CARTESIAN_POINT('',(204.631326208,-125.760077091,24.94));
#1351=VERTEX_POINT('',#1350);
#1352=CARTESIAN_POINT('',(205.520625148,-127.267462701,24.94));
#1353=DIRECTION('',(-0.508124038,0.861283903,0.));
#1354=VECTOR('',#1353,1.75016113);
#1355=LINE('',#1352,#1354);
#1356=EDGE_CURVE('',#1343,#1351,#1355,.T.);
#1357=ORIENTED_EDGE('',*,*,#1356,.T.);
#1358=CARTESIAN_POINT('',(204.266418258,-125.041155051,24.94));
#1359=VERTEX_POINT('',#1358);
#1360=CARTESIAN_POINT('',(204.631326208,-125.760077091,24.94));
#1361=DIRECTION('',(-0.452610271,0.891708441,0.));
#1362=VECTOR('',#1361,0.806229937);
#1363=LINE('',#1360,#1362);
#1364=EDGE_CURVE('',#1351,#1359,#1363,.T.);
#1365=ORIENTED_EDGE('',*,*,#1364,.T.);
#1366=CARTESIAN_POINT('',(203.963103138,-124.347942561,24.94));
#1367=VERTEX_POINT('',#1366);
#1368=CARTESIAN_POINT('',(204.266418258,-125.041155051,24.94));
#1369=DIRECTION('',(-0.400857276,0.916140516,0.));
#1370=VECTOR('',#1369,0.756666121);
#1371=LINE('',#1368,#1370);
#1372=EDGE_CURVE('',#1359,#1367,#1371,.T.);
#1373=ORIENTED_EDGE('',*,*,#1372,.T.);
#1374=CARTESIAN_POINT('',(203.727704458,-123.682337411,24.94));
#1375=VERTEX_POINT('',#1374);
#1376=CARTESIAN_POINT('',(203.963103138,-124.347942561,24.94));
#1377=DIRECTION('',(-0.333423633,0.942777111,0.));
#1378=VECTOR('',#1377,0.706004783);
#1379=LINE('',#1376,#1378);
#1380=EDGE_CURVE('',#1367,#1375,#1379,.T.);
#1381=ORIENTED_EDGE('',*,*,#1380,.T.);
#1382=CARTESIAN_POINT('',(203.566546838,-123.046237391,24.94));
#1383=VERTEX_POINT('',#1382);
#1384=CARTESIAN_POINT('',(203.727704458,-123.682337411,24.94));
#1385=DIRECTION('',(-0.245593205,0.969372982,0.));
#1386=VECTOR('',#1385,0.656197389);
#1387=LINE('',#1384,#1386);
#1388=EDGE_CURVE('',#1375,#1383,#1387,.T.);
#1389=ORIENTED_EDGE('',*,*,#1388,.T.);
#1390=CARTESIAN_POINT('',(203.485952878,-122.441540291,24.94));
#1391=VERTEX_POINT('',#1390);
#1392=CARTESIAN_POINT('',(203.566546838,-123.046237391,24.94));
#1393=DIRECTION('',(-0.132111666,0.99123484,0.));
#1394=VECTOR('',#1393,0.610044235);
#1395=LINE('',#1392,#1394);
#1396=EDGE_CURVE('',#1383,#1391,#1395,.T.);
#1397=ORIENTED_EDGE('',*,*,#1396,.T.);
#1398=CARTESIAN_POINT('',(203.492246188,-121.870142891,24.94));
#1399=VERTEX_POINT('',#1398);
#1400=CARTESIAN_POINT('',(203.485952878,-122.441540291,24.94));
#1401=DIRECTION('',(0.011013225,0.999939353,0.));
#1402=VECTOR('',#1401,0.571432056);
#1403=LINE('',#1400,#1402);
#1404=EDGE_CURVE('',#1391,#1399,#1403,.T.);
#1405=ORIENTED_EDGE('',*,*,#1404,.T.);
#1406=CARTESIAN_POINT('',(203.591751388,-121.333942981,24.94));
#1407=VERTEX_POINT('',#1406);
#1408=CARTESIAN_POINT('',(203.492246188,-121.870142891,24.94));
#1409=DIRECTION('',(0.182459636,0.983213345,0.));
#1410=VECTOR('',#1409,0.54535459);
#1411=LINE('',#1408,#1410);
#1412=EDGE_CURVE('',#1399,#1407,#1411,.T.);
#1413=ORIENTED_EDGE('',*,*,#1412,.T.);
#1414=CARTESIAN_POINT('',(203.790792088,-120.834838351,24.94));
#1415=VERTEX_POINT('',#1414);
#1416=CARTESIAN_POINT('',(203.591751388,-121.333942981,24.94));
#1417=DIRECTION('',(0.370426012,0.928861975,0.));
#1418=VECTOR('',#1417,0.537329165);
#1419=LINE('',#1416,#1418);
#1420=EDGE_CURVE('',#1407,#1415,#1419,.T.);
#1421=ORIENTED_EDGE('',*,*,#1420,.T.);
#1422=CARTESIAN_POINT('',(204.095690888,-120.374725781,24.94));
#1423=VERTEX_POINT('',#1422);
#1424=CARTESIAN_POINT('',(203.790792088,-120.834838351,24.94));
#1425=DIRECTION('',(0.552386569,0.833588075,0.));
#1426=VECTOR('',#1425,0.551966353);
#1427=LINE('',#1424,#1426);
#1428=EDGE_CURVE('',#1415,#1423,#1427,.T.);
#1429=ORIENTED_EDGE('',*,*,#1428,.T.);
#1430=CARTESIAN_POINT('',(204.512772408,-119.955504071,24.94));
#1431=VERTEX_POINT('',#1430);
#1432=CARTESIAN_POINT('',(204.095690888,-120.374725781,24.94));
#1433=DIRECTION('',(0.705294909,0.708914022,0.));
#1434=VECTOR('',#1433,0.591357621);
#1435=LINE('',#1432,#1434);
#1436=EDGE_CURVE('',#1423,#1431,#1435,.T.);
#1437=ORIENTED_EDGE('',*,*,#1436,.T.);
#1438=CARTESIAN_POINT('',(205.048359248,-119.579068991,24.94));
#1439=VERTEX_POINT('',#1438);
#1440=CARTESIAN_POINT('',(204.512772408,-119.955504071,24.94));
#1441=DIRECTION('',(0.818136535,0.575024009,0.));
#1442=VECTOR('',#1441,0.65464237);
#1443=LINE('',#1440,#1442);
#1444=EDGE_CURVE('',#1431,#1439,#1443,.T.);
#1445=ORIENTED_EDGE('',*,*,#1444,.T.);
#1446=CARTESIAN_POINT('',(205.708777038,-119.247319341,24.94));
#1447=VERTEX_POINT('',#1446);
#1448=CARTESIAN_POINT('',(205.048359248,-119.579068991,24.94));
#1449=DIRECTION('',(0.893591736,0.448880618,0.));
#1450=VECTOR('',#1449,0.739059867);
#1451=LINE('',#1448,#1450);
#1452=EDGE_CURVE('',#1439,#1447,#1451,.T.);
#1453=ORIENTED_EDGE('',*,*,#1452,.T.);
#1454=CARTESIAN_POINT('',(206.132065008,-119.095359791,24.94));
#1455=VERTEX_POINT('',#1454);
#1456=CARTESIAN_POINT('',(205.708777038,-119.247319341,24.94));
#1457=DIRECTION('',(0.941187584,0.337884494,0.));
#1458=VECTOR('',#1457,0.449738158);
#1459=LINE('',#1456,#1458);
#1460=EDGE_CURVE('',#1447,#1455,#1459,.T.);
#1461=ORIENTED_EDGE('',*,*,#1460,.T.);
#1462=CARTESIAN_POINT('',(206.587712368,-118.985019311,24.94));
#1463=VERTEX_POINT('',#1462);
#1464=CARTESIAN_POINT('',(206.132065008,-119.095359791,24.94));
#1465=DIRECTION('',(0.971908432,0.235359298,0.));
#1466=VECTOR('',#1465,0.468817169);
#1467=LINE('',#1464,#1466);
#1468=EDGE_CURVE('',#1455,#1463,#1467,.T.);
#1469=ORIENTED_EDGE('',*,*,#1468,.T.);
#1470=CARTESIAN_POINT('',(207.074398038,-118.914971771,24.94));
#1471=VERTEX_POINT('',#1470);
#1472=CARTESIAN_POINT('',(206.587712368,-118.985019311,24.94));
#1473=DIRECTION('',(0.989800602,0.142459706,0.));
#1474=VECTOR('',#1473,0.491700721);
#1475=LINE('',#1472,#1474);
#1476=EDGE_CURVE('',#1463,#1471,#1475,.T.);
#1477=ORIENTED_EDGE('',*,*,#1476,.T.);
#1478=CARTESIAN_POINT('',(207.590803968,-118.883890031,24.94));
#1479=VERTEX_POINT('',#1478);
#1480=CARTESIAN_POINT('',(207.074398038,-118.914971771,24.94));
#1481=DIRECTION('',(0.998193574,0.060079854,0.));
#1482=VECTOR('',#1481,0.517340467);
#1483=LINE('',#1480,#1482);
#1484=EDGE_CURVE('',#1471,#1479,#1483,.T.);
#1485=ORIENTED_EDGE('',*,*,#1484,.T.);
#1486=CARTESIAN_POINT('',(208.135606048,-118.890446951,24.94));
#1487=VERTEX_POINT('',#1486);
#1488=CARTESIAN_POINT('',(207.590803968,-118.883890031,24.94));
#1489=DIRECTION('',(0.999927582,-0.012034545,0.));
#1490=VECTOR('',#1489,0.544841536);
#1491=LINE('',#1488,#1490);
#1492=EDGE_CURVE('',#1479,#1487,#1491,.T.);
#1493=ORIENTED_EDGE('',*,*,#1492,.T.);
#1494=CARTESIAN_POINT('',(208.707487238,-118.933316401,24.94));
#1495=VERTEX_POINT('',#1494);
#1496=CARTESIAN_POINT('',(208.135606048,-118.890446951,24.94));
#1497=DIRECTION('',(0.997202123,-0.074752426,0.));
#1498=VECTOR('',#1497,0.573485732);
#1499=LINE('',#1496,#1498);
#1500=EDGE_CURVE('',#1487,#1495,#1499,.T.);
#1501=ORIENTED_EDGE('',*,*,#1500,.T.);
#1502=CARTESIAN_POINT('',(209.305123428,-119.011171241,24.94));
#1503=VERTEX_POINT('',#1502);
#1504=CARTESIAN_POINT('',(208.707487238,-118.933316401,24.94));
#1505=DIRECTION('',(0.991621191,-0.129179776,0.));
#1506=VECTOR('',#1505,0.602685981);
#1507=LINE('',#1504,#1506);
#1508=EDGE_CURVE('',#1495,#1503,#1507,.T.);
#1509=ORIENTED_EDGE('',*,*,#1508,.T.);
#1510=CARTESIAN_POINT('',(209.927196568,-119.122683321,24.94));
#1511=VERTEX_POINT('',#1510);
#1512=CARTESIAN_POINT('',(209.305123428,-119.011171241,24.94));
#1513=DIRECTION('',(0.984310273,-0.176446271,0.));
#1514=VECTOR('',#1513,0.631988873);
#1515=LINE('',#1512,#1514);
#1516=EDGE_CURVE('',#1503,#1511,#1515,.T.);
#1517=ORIENTED_EDGE('',*,*,#1516,.T.);
#1518=CARTESIAN_POINT('',(211.239369378,-119.441376701,24.94));
#1519=VERTEX_POINT('',#1518);
#1520=CARTESIAN_POINT('',(209.927196568,-119.122683321,24.94));
#1521=DIRECTION('',(0.971749825,-0.236013301,0.));
#1522=VECTOR('',#1521,1.350319575);
#1523=LINE('',#1520,#1522);
#1524=EDGE_CURVE('',#1511,#1519,#1523,.T.);
#1525=ORIENTED_EDGE('',*,*,#1524,.T.);
#1526=CARTESIAN_POINT('',(212.633439048,-119.878780431,24.94));
#1527=VERTEX_POINT('',#1526);
#1528=CARTESIAN_POINT('',(211.239369378,-119.441376701,24.94));
#1529=DIRECTION('',(0.954136999,-0.299370319,0.));
#1530=VECTOR('',#1529,1.461079145);
#1531=LINE('',#1528,#1530);
#1532=EDGE_CURVE('',#1519,#1527,#1531,.T.);
#1533=ORIENTED_EDGE('',*,*,#1532,.T.);
#1534=CARTESIAN_POINT('',(214.098840978,-120.424281431,24.94));
#1535=VERTEX_POINT('',#1534);
#1536=CARTESIAN_POINT('',(212.633439048,-119.878780431,24.94));
#1537=DIRECTION('',(0.937172686,-0.348865814,0.));
#1538=VECTOR('',#1537,1.563641314);
#1539=LINE('',#1536,#1538);
#1540=EDGE_CURVE('',#1527,#1535,#1539,.T.);
#1541=ORIENTED_EDGE('',*,*,#1540,.T.);
#1542=CARTESIAN_POINT('',(215.625009558,-121.067263591,24.94));
#1543=VERTEX_POINT('',#1542);
#1544=CARTESIAN_POINT('',(214.098840978,-120.424281431,24.94));
#1545=DIRECTION('',(0.921552239,-0.388254389,0.));
#1546=VECTOR('',#1545,1.656084718);
#1547=LINE('',#1544,#1546);
#1548=EDGE_CURVE('',#1535,#1543,#1547,.T.);
#1549=ORIENTED_EDGE('',*,*,#1548,.T.);
#1550=CARTESIAN_POINT('',(217.201381198,-121.797111811,24.94));
#1551=VERTEX_POINT('',#1550);
#1552=CARTESIAN_POINT('',(215.625009558,-121.067263591,24.94));
#1553=DIRECTION('',(0.907456694,-0.420145628,0.));
#1554=VECTOR('',#1553,1.737131536);
#1555=LINE('',#1552,#1554);
#1556=EDGE_CURVE('',#1543,#1551,#1555,.T.);
#1557=ORIENTED_EDGE('',*,*,#1556,.T.);
#1558=CARTESIAN_POINT('',(218.817391298,-122.603213011,24.94));
#1559=VERTEX_POINT('',#1558);
#1560=CARTESIAN_POINT('',(217.201381198,-121.797111811,24.94));
#1561=DIRECTION('',(0.894848488,-0.446370007,0.));
#1562=VECTOR('',#1561,1.805903593);
#1563=LINE('',#1560,#1562);
#1564=EDGE_CURVE('',#1551,#1559,#1563,.T.);
#1565=ORIENTED_EDGE('',*,*,#1564,.T.);
#1566=CARTESIAN_POINT('',(220.462473238,-123.474951081,24.94));
#1567=VERTEX_POINT('',#1566);
#1568=CARTESIAN_POINT('',(218.817391298,-122.603213011,24.94));
#1569=DIRECTION('',(0.883607425,-0.468228489,0.));
#1570=VECTOR('',#1569,1.861779217);
#1571=LINE('',#1568,#1570);
#1572=EDGE_CURVE('',#1559,#1567,#1571,.T.);
#1573=ORIENTED_EDGE('',*,*,#1572,.T.);
#1574=CARTESIAN_POINT('',(222.126062418,-124.401711931,24.94));
#1575=VERTEX_POINT('',#1574);
#1576=CARTESIAN_POINT('',(220.462473238,-123.474951081,24.94));
#1577=DIRECTION('',(0.873589404,-0.486663696,0.));
#1578=VECTOR('',#1577,1.904314741);
#1579=LINE('',#1576,#1578);
#1580=EDGE_CURVE('',#1567,#1575,#1579,.T.);
#1581=ORIENTED_EDGE('',*,*,#1580,.T.);
#1582=CARTESIAN_POINT('',(223.797595248,-125.372879451,24.94));
#1583=VERTEX_POINT('',#1582);
#1584=CARTESIAN_POINT('',(222.126062418,-124.401711931,24.94));
#1585=DIRECTION('',(0.864654125,-0.502367639,0.));
#1586=VECTOR('',#1585,1.93318089);
#1587=LINE('',#1584,#1586);
#1588=EDGE_CURVE('',#1575,#1583,#1587,.T.);
#1589=ORIENTED_EDGE('',*,*,#1588,.T.);
#1590=CARTESIAN_POINT('',(225.466506118,-126.377840561,24.94));
#1591=VERTEX_POINT('',#1590);
#1592=CARTESIAN_POINT('',(223.797595248,-125.372879451,24.94));
#1593=DIRECTION('',(0.856673275,-0.515859379,0.));
#1594=VECTOR('',#1593,1.948129956);
#1595=LINE('',#1592,#1594);
#1596=EDGE_CURVE('',#1583,#1591,#1595,.T.);
#1597=ORIENTED_EDGE('',*,*,#1596,.T.);
#1598=CARTESIAN_POINT('',(228.754201558,-128.446681131,24.94));
#1599=VERTEX_POINT('',#1598);
#1600=CARTESIAN_POINT('',(225.466506118,-126.377840561,24.94));
#1601=DIRECTION('',(0.846370927,-0.532593892,0.));
#1602=VECTOR('',#1601,3.884461689);
#1603=LINE('',#1600,#1602);
#1604=EDGE_CURVE('',#1591,#1599,#1603,.T.);
#1605=ORIENTED_EDGE('',*,*,#1604,.T.);
#1606=CARTESIAN_POINT('',(229.626540578,-126.972319491,24.94));
#1607=VERTEX_POINT('',#1606);
#1608=CARTESIAN_POINT('',(228.754201558,-128.446681131,24.94));
#1609=DIRECTION('',(0.509216116,0.860638686,0.));
#1610=VECTOR('',#1609,1.713101752);
#1611=LINE('',#1608,#1610);
#1612=EDGE_CURVE('',#1599,#1607,#1611,.T.);
#1613=ORIENTED_EDGE('',*,*,#1612,.T.);
#1614=CARTESIAN_POINT('',(230.648775718,-125.387991071,24.94));
#1615=VERTEX_POINT('',#1614);
#1616=CARTESIAN_POINT('',(229.626540578,-126.972319491,24.94));
#1617=DIRECTION('',(0.542159739,0.840275441,0.));
#1618=VECTOR('',#1617,1.885486999);
#1619=LINE('',#1616,#1618);
#1620=EDGE_CURVE('',#1607,#1615,#1619,.T.);
#1621=ORIENTED_EDGE('',*,*,#1620,.T.);
#1622=CARTESIAN_POINT('',(231.792457298,-123.735451291,24.94));
#1623=VERTEX_POINT('',#1622);
#1624=CARTESIAN_POINT('',(230.648775718,-125.387991071,24.94));
#1625=DIRECTION('',(0.569080664,0.822281702,0.));
#1626=VECTOR('',#1625,2.009700296);
#1627=LINE('',#1624,#1626);
#1628=EDGE_CURVE('',#1615,#1623,#1627,.T.);
#1629=ORIENTED_EDGE('',*,*,#1628,.T.);
#1630=CARTESIAN_POINT('',(233.029137658,-122.056459611,24.94));
#1631=VERTEX_POINT('',#1630);
#1632=CARTESIAN_POINT('',(231.792457298,-123.735451291,24.94));
#1633=DIRECTION('',(0.593052514,0.805163782,0.));
#1634=VECTOR('',#1633,2.085279687);
#1635=LINE('',#1632,#1634);
#1636=EDGE_CURVE('',#1623,#1631,#1635,.T.);
#1637=ORIENTED_EDGE('',*,*,#1636,.T.);
#1638=CARTESIAN_POINT('',(234.330367118,-120.392774481,24.94));
#1639=VERTEX_POINT('',#1638);
#1640=CARTESIAN_POINT('',(233.029137658,-122.056459611,24.94));
#1641=DIRECTION('',(0.616077745,0.787685351,0.));
#1642=VECTOR('',#1641,2.112118917);
#1643=LINE('',#1640,#1642);
#1644=EDGE_CURVE('',#1631,#1639,#1643,.T.);
#1645=ORIENTED_EDGE('',*,*,#1644,.T.);
#1646=CARTESIAN_POINT('',(235.667699028,-118.786151321,24.94));
#1647=VERTEX_POINT('',#1646);
#1648=CARTESIAN_POINT('',(234.330367118,-120.392774481,24.94));
#1649=DIRECTION('',(0.639754964,0.76857894,0.));
#1650=VECTOR('',#1649,2.090381452);
#1651=LINE('',#1648,#1650);
#1652=EDGE_CURVE('',#1639,#1647,#1651,.T.);
#1653=ORIENTED_EDGE('',*,*,#1652,.T.);
#1654=CARTESIAN_POINT('',(235.667699028,-118.786151321,24.94));
#1655=DIRECTION('',(0.665666787,0.746249106,0.));
#1656=VECTOR('',#1655,0.030488837);
#1657=LINE('',#1654,#1656);
#1658=EDGE_CURVE('',#1647,#373,#1657,.T.);
#1659=ORIENTED_EDGE('',*,*,#1658,.T.);
#1660=EDGE_LOOP('',(#381,#389,#397,#405,#413,#421,#429,#437,#445,#453,#461,#469,#477,#485,#493,#501,#509,#517,#525,#533,#541,#549,#557,#565,#573,#581,
#589,#597,#605,#613,#621,#629,#637,#645,#653,#661,#669,#677,#685,#693,#701,#709,#717,#725,#733,#741,#749,#757,#765,#773,#781,
#789,#797,#805,#813,#821,#829,#837,#845,#853,#861,#869,#877,#885,#893,#901,#909,#917,#925,#933,#941,#949,#957,#965,#973,#981,
#989,#997,#1005,#1013,#1021,#1029,#1037,#1045,#1053,#1061,#1069,#1077,#1085,#1093,#1101,#1109,#1117,#1125,#1133,#1141,#1149,#1157,#1165,#1173,#1181,
#1189,#1197,#1205,#1213,#1221,#1229,#1237,#1245,#1253,#1261,#1269,#1277,#1285,#1293,#1301,#1309,#1317,#1325,#1333,#1341,#1349,#1357,#1365,#1373,#1381,
#1389,#1397,#1405,#1413,#1421,#1429,#1437,#1445,#1453,#1461,#1469,#1477,#1485,#1493,#1501,#1509,#1517,#1525,#1533,#1541,#1549,#1557,#1565,#1573,#1581,
#1589,#1597,#1605,#1613,#1621,#1629,#1637,#1645,#1653,#1659));
#1661=FACE_BOUND('',#1660,.T.);
#1662=ADVANCED_FACE('',(#1661),#371,.T.);
#1663=CARTESIAN_POINT('',(-1.607766002,1.148743889,24.94));
#1664=DIRECTION('',(0.,0.,1.));
#1665=DIRECTION('',(1.,0.,0.));
#1666=AXIS2_PLACEMENT_3D('',#1663,#1664,#1665);
#1667=PLANE('',#1666);
#1668=CARTESIAN_POINT('',(128.296731138,-42.405063931,24.94));
#1669=VERTEX_POINT('',#1668);
#1670=CARTESIAN_POINT('',(131.377681845,-40.806191805,24.94));
#1671=VERTEX_POINT('',#1670);
#1672=CARTESIAN_POINT('',(128.296731138,-42.405063931,24.94));
#1673=DIRECTION('',(0.887596472,0.460621864,0.));
#1674=VECTOR('',#1673,3.47111644);
#1675=LINE('',#1672,#1674);
#1676=EDGE_CURVE('',#1669,#1671,#1675,.T.);
#1677=ORIENTED_EDGE('',*,*,#1676,.T.);
#1678=CARTESIAN_POINT('',(85.865206049,-40.806191805,24.94));
#1679=VERTEX_POINT('',#1678);
#1680=CARTESIAN_POINT('',(131.377681845,-40.806191805,24.94));
#1681=DIRECTION('',(-1.,-0.,0.));
#1682=VECTOR('',#1681,45.512475796);
#1683=LINE('',#1680,#1682);
#1684=EDGE_CURVE('',#1671,#1679,#1683,.T.);
#1685=ORIENTED_EDGE('',*,*,#1684,.T.);
#1686=CARTESIAN_POINT('',(85.865206049,-82.022820735,24.94));
#1687=VERTEX_POINT('',#1686);
#1688=CARTESIAN_POINT('',(85.865206049,-40.806191805,24.94));
#1689=DIRECTION('',(-0.,-1.,-0.));
#1690=VECTOR('',#1689,41.21662893);
#1691=LINE('',#1688,#1690);
#1692=EDGE_CURVE('',#1679,#1687,#1691,.T.);
#1693=ORIENTED_EDGE('',*,*,#1692,.T.);
#1694=CARTESIAN_POINT('',(87.316006388,-79.778743361,24.94));
#1695=VERTEX_POINT('',#1694);
#1696=CARTESIAN_POINT('',(85.865206049,-82.022820735,24.94));
#1697=DIRECTION('',(0.542921582,0.839783398,0.));
#1698=VECTOR('',#1697,2.672209738);
#1699=LINE('',#1696,#1698);
#1700=EDGE_CURVE('',#1687,#1695,#1699,.T.);
#1701=ORIENTED_EDGE('',*,*,#1700,.T.);
#1702=CARTESIAN_POINT('',(89.519591058,-76.631605581,24.94));
#1703=VERTEX_POINT('',#1702);
#1704=CARTESIAN_POINT('',(87.316006388,-79.778743361,24.94));
#1705=DIRECTION('',(0.573565096,0.819159985,0.));
#1706=VECTOR('',#1705,3.841908589);
#1707=LINE('',#1704,#1706);
#1708=EDGE_CURVE('',#1695,#1703,#1707,.T.);
#1709=ORIENTED_EDGE('',*,*,#1708,.T.);
#1710=CARTESIAN_POINT('',(91.918633958,-73.463713311,24.94));
#1711=VERTEX_POINT('',#1710);
#1712=CARTESIAN_POINT('',(89.519591058,-76.631605581,24.94));
#1713=DIRECTION('',(0.6037177,0.79719818,0.));
#1714=VECTOR('',#1713,3.973782615);
#1715=LINE('',#1712,#1714);
#1716=EDGE_CURVE('',#1703,#1711,#1715,.T.);
#1717=ORIENTED_EDGE('',*,*,#1716,.T.);
#1718=CARTESIAN_POINT('',(94.511642308,-70.297616821,24.94));
#1719=VERTEX_POINT('',#1718);
#1720=CARTESIAN_POINT('',(91.918633958,-73.463713311,24.94));
#1721=DIRECTION('',(0.633613269,0.773649937,0.));
#1722=VECTOR('',#1721,4.092414848);
#1723=LINE('',#1720,#1722);
#1724=EDGE_CURVE('',#1711,#1719,#1723,.T.);
#1725=ORIENTED_EDGE('',*,*,#1724,.T.);
#1726=CARTESIAN_POINT('',(97.486409448,-66.950878801,24.94));
#1727=VERTEX_POINT('',#1726);
#1728=CARTESIAN_POINT('',(94.511642308,-70.297616821,24.94));
#1729=DIRECTION('',(0.664349978,0.747421639,0.));
#1730=VECTOR('',#1729,4.477710901);
#1731=LINE('',#1728,#1730);
#1732=EDGE_CURVE('',#1719,#1727,#1731,.T.);
#1733=ORIENTED_EDGE('',*,*,#1732,.T.);
#1734=CARTESIAN_POINT('',(96.125278908,-65.769486851,24.94));
#1735=VERTEX_POINT('',#1734);
#1736=CARTESIAN_POINT('',(97.486409448,-66.950878801,24.94));
#1737=DIRECTION('',(-0.755209565,0.655483419,0.));
#1738=VECTOR('',#1737,1.802321638);
#1739=LINE('',#1736,#1738);
#1740=EDGE_CURVE('',#1727,#1735,#1739,.T.);
#1741=ORIENTED_EDGE('',*,*,#1740,.T.);
#1742=CARTESIAN_POINT('',(95.952620418,-65.611791511,24.94));
#1743=VERTEX_POINT('',#1742);
#1744=CARTESIAN_POINT('',(96.125278908,-65.769486851,24.94));
#1745=DIRECTION('',(-0.738377667,0.674387441,0.));
#1746=VECTOR('',#1745,0.23383493);
#1747=LINE('',#1744,#1746);
#1748=EDGE_CURVE('',#1735,#1743,#1747,.T.);
#1749=ORIENTED_EDGE('',*,*,#1748,.T.);
#1750=CARTESIAN_POINT('',(95.789902348,-65.447323111,24.94));
#1751=VERTEX_POINT('',#1750);
#1752=CARTESIAN_POINT('',(95.952620418,-65.611791511,24.94));
#1753=DIRECTION('',(-0.70331395,0.710879376,0.));
#1754=VECTOR('',#1753,0.231359082);
#1755=LINE('',#1752,#1754);
#1756=EDGE_CURVE('',#1743,#1751,#1755,.T.);
#1757=ORIENTED_EDGE('',*,*,#1756,.T.);
#1758=CARTESIAN_POINT('',(95.637153988,-65.276482621,24.94));
#1759=VERTEX_POINT('',#1758);
#1760=CARTESIAN_POINT('',(95.789902348,-65.447323111,24.94));
#1761=DIRECTION('',(-0.666530852,0.745477446,0.));
#1762=VECTOR('',#1761,0.229169227);
#1763=LINE('',#1760,#1762);
#1764=EDGE_CURVE('',#1751,#1759,#1763,.T.);
#1765=ORIENTED_EDGE('',*,*,#1764,.T.);
#1766=CARTESIAN_POINT('',(95.494403618,-65.099675051,24.94));
#1767=VERTEX_POINT('',#1766);
#1768=CARTESIAN_POINT('',(95.637153988,-65.276482621,24.94));
#1769=DIRECTION('',(-0.628188637,0.778061075,0.));
#1770=VECTOR('',#1769,0.227241248);
#1771=LINE('',#1768,#1770);
#1772=EDGE_CURVE('',#1759,#1767,#1771,.T.);
#1773=ORIENTED_EDGE('',*,*,#1772,.T.);
#1774=CARTESIAN_POINT('',(95.361680528,-64.917301371,24.94));
#1775=VERTEX_POINT('',#1774);
#1776=CARTESIAN_POINT('',(95.494403618,-65.099675051,24.94));
#1777=DIRECTION('',(-0.588425936,0.808551122,0.));
#1778=VECTOR('',#1777,0.225556152);
#1779=LINE('',#1776,#1778);
#1780=EDGE_CURVE('',#1767,#1775,#1779,.T.);
#1781=ORIENTED_EDGE('',*,*,#1780,.T.);
#1782=CARTESIAN_POINT('',(95.239012998,-64.729764571,24.94));
#1783=VERTEX_POINT('',#1782);
#1784=CARTESIAN_POINT('',(95.361680528,-64.917301371,24.94));
#1785=DIRECTION('',(-0.547397261,0.836872893,0.));
#1786=VECTOR('',#1785,0.224092334);
#1787=LINE('',#1784,#1786);
#1788=EDGE_CURVE('',#1775,#1783,#1787,.T.);
#1789=ORIENTED_EDGE('',*,*,#1788,.T.);
#1790=CARTESIAN_POINT('',(95.126428298,-64.537468651,24.94));
#1791=VERTEX_POINT('',#1790);
#1792=CARTESIAN_POINT('',(95.239012998,-64.729764571,24.94));
#1793=DIRECTION('',(-0.505250175,0.86297292,0.));
#1794=VECTOR('',#1793,0.222829611);
#1795=LINE('',#1792,#1794);
#1796=EDGE_CURVE('',#1783,#1791,#1795,.T.);
#1797=ORIENTED_EDGE('',*,*,#1796,.T.);
#1798=CARTESIAN_POINT('',(95.023956728,-64.340814581,24.94));
#1799=VERTEX_POINT('',#1798);
#1800=CARTESIAN_POINT('',(95.126428298,-64.537468651,24.94));
#1801=DIRECTION('',(-0.462103174,0.88682617,0.));
#1802=VECTOR('',#1801,0.221750414);
#1803=LINE('',#1800,#1802);
#1804=EDGE_CURVE('',#1791,#1799,#1803,.T.);
#1805=ORIENTED_EDGE('',*,*,#1804,.T.);
#1806=CARTESIAN_POINT('',(94.931624548,-64.140207371,24.94));
#1807=VERTEX_POINT('',#1806);
#1808=CARTESIAN_POINT('',(95.023956728,-64.340814581,24.94));
#1809=DIRECTION('',(-0.418103171,0.908399548,0.));
#1810=VECTOR('',#1809,0.220835876);
#1811=LINE('',#1808,#1810);
#1812=EDGE_CURVE('',#1799,#1807,#1811,.T.);
#1813=ORIENTED_EDGE('',*,*,#1812,.T.);
#1814=CARTESIAN_POINT('',(94.849462058,-63.936046981,24.94));
#1815=VERTEX_POINT('',#1814);
#1816=CARTESIAN_POINT('',(94.931624548,-64.140207371,24.94));
#1817=DIRECTION('',(-0.373341927,0.92769381,0.));
#1818=VECTOR('',#1817,0.220073032);
#1819=LINE('',#1816,#1818);
#1820=EDGE_CURVE('',#1807,#1815,#1819,.T.);
#1821=ORIENTED_EDGE('',*,*,#1820,.T.);
#1822=CARTESIAN_POINT('',(94.777497538,-63.728738421,24.94));
#1823=VERTEX_POINT('',#1822);
#1824=CARTESIAN_POINT('',(94.849462058,-63.936046981,24.94));
#1825=DIRECTION('',(-0.327940038,0.94469854,0.));
#1826=VECTOR('',#1825,0.219444141);
#1827=LINE('',#1824,#1826);
#1828=EDGE_CURVE('',#1815,#1823,#1827,.T.);
#1829=ORIENTED_EDGE('',*,*,#1828,.T.);
#1830=CARTESIAN_POINT('',(94.715759268,-63.518682661,24.94));
#1831=VERTEX_POINT('',#1830);
#1832=CARTESIAN_POINT('',(94.777497538,-63.728738421,24.94));
#1833=DIRECTION('',(-0.281986246,0.959418447,0.));
#1834=VECTOR('',#1833,0.218940714);
#1835=LINE('',#1832,#1834);
#1836=EDGE_CURVE('',#1823,#1831,#1835,.T.);
#1837=ORIENTED_EDGE('',*,*,#1836,.T.);
#1838=CARTESIAN_POINT('',(94.664275528,-63.306283701,24.94));
#1839=VERTEX_POINT('',#1838);
#1840=CARTESIAN_POINT('',(94.715759268,-63.518682661,24.94));
#1841=DIRECTION('',(-0.235570133,0.971857352,0.));
#1842=VECTOR('',#1841,0.218549522);
#1843=LINE('',#1840,#1842);
#1844=EDGE_CURVE('',#1831,#1839,#1843,.T.);
#1845=ORIENTED_EDGE('',*,*,#1844,.T.);
#1846=CARTESIAN_POINT('',(94.623074598,-63.091944531,24.94));
#1847=VERTEX_POINT('',#1846);
#1848=CARTESIAN_POINT('',(94.664275528,-63.306283701,24.94));
#1849=DIRECTION('',(-0.188767241,0.982021858,0.));
#1850=VECTOR('',#1849,0.218263136);
#1851=LINE('',#1848,#1850);
#1852=EDGE_CURVE('',#1839,#1847,#1851,.T.);
#1853=ORIENTED_EDGE('',*,*,#1852,.T.);
#1854=CARTESIAN_POINT('',(94.592184758,-62.876066121,24.94));
#1855=VERTEX_POINT('',#1854);
#1856=CARTESIAN_POINT('',(94.623074598,-63.091944531,24.94));
#1857=DIRECTION('',(-0.141646345,0.989917326,0.));
#1858=VECTOR('',#1857,0.218077211);
#1859=LINE('',#1856,#1858);
#1860=EDGE_CURVE('',#1847,#1855,#1859,.T.);
#1861=ORIENTED_EDGE('',*,*,#1860,.T.);
#1862=CARTESIAN_POINT('',(94.571636308,-62.659052471,24.94));
#1863=VERTEX_POINT('',#1862);
#1864=CARTESIAN_POINT('',(94.592184758,-62.876066121,24.94));
#1865=DIRECTION('',(-0.094265726,0.995547072,0.));
#1866=VECTOR('',#1865,0.217984318);
#1867=LINE('',#1864,#1866);
#1868=EDGE_CURVE('',#1855,#1863,#1867,.T.);
#1869=ORIENTED_EDGE('',*,*,#1868,.T.);
#1870=CARTESIAN_POINT('',(94.561455508,-62.441306571,24.94));
#1871=VERTEX_POINT('',#1870);
#1872=CARTESIAN_POINT('',(94.571636308,-62.659052471,24.94));
#1873=DIRECTION('',(-0.046704394,0.998908754,0.));
#1874=VECTOR('',#1873,0.217983774);
#1875=LINE('',#1872,#1874);
#1876=EDGE_CURVE('',#1863,#1871,#1875,.T.);
#1877=ORIENTED_EDGE('',*,*,#1876,.T.);
#1878=CARTESIAN_POINT('',(94.561671648,-62.223231411,24.94));
#1879=VERTEX_POINT('',#1878);
#1880=CARTESIAN_POINT('',(94.561455508,-62.441306571,24.94));
#1881=DIRECTION('',(0.000991126,0.999999509,0.));
#1882=VECTOR('',#1881,0.218075267);
#1883=LINE('',#1880,#1882);
#1884=EDGE_CURVE('',#1871,#1879,#1883,.T.);
#1885=ORIENTED_EDGE('',*,*,#1884,.T.);
#1886=CARTESIAN_POINT('',(94.572314018,-62.005227961,24.94));
#1887=VERTEX_POINT('',#1886);
#1888=CARTESIAN_POINT('',(94.561671648,-62.223231411,24.94));
#1889=DIRECTION('',(0.048759373,0.998810554,0.));
#1890=VECTOR('',#1889,0.218263062);
#1891=LINE('',#1888,#1890);
#1892=EDGE_CURVE('',#1879,#1887,#1891,.T.);
#1893=ORIENTED_EDGE('',*,*,#1892,.T.);
#1894=CARTESIAN_POINT('',(94.593409888,-61.787700221,24.94));
#1895=VERTEX_POINT('',#1894);
#1896=CARTESIAN_POINT('',(94.572314018,-62.005227961,24.94));
#1897=DIRECTION('',(0.096527273,0.99533034,0.));
#1898=VECTOR('',#1897,0.218548286);
#1899=LINE('',#1896,#1898);
#1900=EDGE_CURVE('',#1887,#1895,#1899,.T.);
#1901=ORIENTED_EDGE('',*,*,#1900,.T.);
#1902=CARTESIAN_POINT('',(94.624988548,-61.571050171,24.94));
#1903=VERTEX_POINT('',#1902);
#1904=CARTESIAN_POINT('',(94.593409888,-61.787700221,24.94));
#1905=DIRECTION('',(0.144234713,0.989543505,0.));
#1906=VECTOR('',#1905,0.218939389);
#1907=LINE('',#1904,#1906);
#1908=EDGE_CURVE('',#1895,#1903,#1907,.T.);
#1909=ORIENTED_EDGE('',*,*,#1908,.T.);
#1910=CARTESIAN_POINT('',(94.667078278,-61.355681811,24.94));
#1911=VERTEX_POINT('',#1910);
#1912=CARTESIAN_POINT('',(94.624988548,-61.571050171,24.94));
#1913=DIRECTION('',(0.191802871,0.981433471,0.));
#1914=VECTOR('',#1913,0.219442648);
#1915=LINE('',#1912,#1914);
#1916=EDGE_CURVE('',#1903,#1911,#1915,.T.);
#1917=ORIENTED_EDGE('',*,*,#1916,.T.);
#1918=CARTESIAN_POINT('',(94.719708368,-61.141997121,24.94));
#1919=VERTEX_POINT('',#1918);
#1920=CARTESIAN_POINT('',(94.667078278,-61.355681811,24.94));
#1921=DIRECTION('',(0.239150926,0.970982407,0.));
#1922=VECTOR('',#1921,0.220070609);
#1923=LINE('',#1920,#1922);
#1924=EDGE_CURVE('',#1911,#1919,#1923,.T.);
#1925=ORIENTED_EDGE('',*,*,#1924,.T.);
#1926=CARTESIAN_POINT('',(94.782905078,-60.930399091,24.94));
#1927=VERTEX_POINT('',#1926);
#1928=CARTESIAN_POINT('',(94.719708368,-61.141997121,24.94));
#1929=DIRECTION('',(0.286173226,0.958177898,0.));
#1930=VECTOR('',#1929,0.220833762);
#1931=LINE('',#1928,#1930);
#1932=EDGE_CURVE('',#1919,#1927,#1931,.T.);
#1933=ORIENTED_EDGE('',*,*,#1932,.T.);
#1934=CARTESIAN_POINT('',(94.856698708,-60.721289701,24.94));
#1935=VERTEX_POINT('',#1934);
#1936=CARTESIAN_POINT('',(94.782905078,-60.930399091,24.94));
#1937=DIRECTION('',(0.332781283,0.943004039,0.));
#1938=VECTOR('',#1937,0.221748138);
#1939=LINE('',#1936,#1938);
#1940=EDGE_CURVE('',#1927,#1935,#1939,.T.);
#1941=ORIENTED_EDGE('',*,*,#1940,.T.);
#1942=CARTESIAN_POINT('',(94.941117538,-60.515071941,24.94));
#1943=VERTEX_POINT('',#1942);
#1944=CARTESIAN_POINT('',(94.856698708,-60.721289701,24.94));
#1945=DIRECTION('',(0.378852039,0.925457256,0.));
#1946=VECTOR('',#1945,0.222827968);
#1947=LINE('',#1944,#1946);
#1948=EDGE_CURVE('',#1935,#1943,#1947,.T.);
#1949=ORIENTED_EDGE('',*,*,#1948,.T.);
#1950=CARTESIAN_POINT('',(95.036189848,-60.312148801,24.94));
#1951=VERTEX_POINT('',#1950);
#1952=CARTESIAN_POINT('',(94.941117538,-60.515071941,24.94));
#1953=DIRECTION('',(0.424258578,0.905541086,0.));
#1954=VECTOR('',#1953,0.224090484);
#1955=LINE('',#1952,#1954);
#1956=EDGE_CURVE('',#1943,#1951,#1955,.T.);
#1957=ORIENTED_EDGE('',*,*,#1956,.T.);
#1958=CARTESIAN_POINT('',(95.141944928,-60.112923271,24.94));
#1959=VERTEX_POINT('',#1958);
#1960=CARTESIAN_POINT('',(95.036189848,-60.312148801,24.94));
#1961=DIRECTION('',(0.468866545,0.883269021,0.));
#1962=VECTOR('',#1961,0.225554758);
#1963=LINE('',#1960,#1962);
#1964=EDGE_CURVE('',#1951,#1959,#1963,.T.);
#1965=ORIENTED_EDGE('',*,*,#1964,.T.);
#1966=CARTESIAN_POINT('',(95.258409038,-59.917798341,24.94));
#1967=VERTEX_POINT('',#1966);
#1968=CARTESIAN_POINT('',(95.141944928,-60.112923271,24.94));
#1969=DIRECTION('',(0.512517824,0.858676587,0.));
#1970=VECTOR('',#1969,0.227239141);
#1971=LINE('',#1968,#1970);
#1972=EDGE_CURVE('',#1959,#1967,#1971,.T.);
#1973=ORIENTED_EDGE('',*,*,#1972,.T.);
#1974=CARTESIAN_POINT('',(95.385612478,-59.727175991,24.94));
#1975=VERTEX_POINT('',#1974);
#1976=CARTESIAN_POINT('',(95.258409038,-59.917798341,24.94));
#1977=DIRECTION('',(0.555068318,0.831804762,0.));
#1978=VECTOR('',#1977,0.229167178);
#1979=LINE('',#1976,#1978);
#1980=EDGE_CURVE('',#1967,#1975,#1979,.T.);
#1981=ORIENTED_EDGE('',*,*,#1980,.T.);
#1982=CARTESIAN_POINT('',(95.523584538,-59.541458201,24.94));
#1983=VERTEX_POINT('',#1982);
#1984=CARTESIAN_POINT('',(95.385612478,-59.727175991,24.94));
#1985=DIRECTION('',(0.596352614,0.802722592,0.));
#1986=VECTOR('',#1985,0.231359864);
#1987=LINE('',#1984,#1986);
#1988=EDGE_CURVE('',#1975,#1983,#1987,.T.);
#1989=ORIENTED_EDGE('',*,*,#1988,.T.);
#1990=CARTESIAN_POINT('',(95.672351478,-59.361049981,24.94));
#1991=VERTEX_POINT('',#1990);
#1992=CARTESIAN_POINT('',(95.523584538,-59.541458201,24.94));
#1993=DIRECTION('',(0.636205219,0.771519876,0.));
#1994=VECTOR('',#1993,0.233834831);
#1995=LINE('',#1992,#1994);
#1996=EDGE_CURVE('',#1983,#1991,#1995,.T.);
#1997=ORIENTED_EDGE('',*,*,#1996,.T.);
#1998=CARTESIAN_POINT('',(96.441465468,-58.474961831,24.94));
#1999=VERTEX_POINT('',#1998);
#2000=CARTESIAN_POINT('',(95.672351478,-59.361049981,24.94));
#2001=DIRECTION('',(0.655500252,0.755194955,0.));
#2002=VECTOR('',#2001,1.173323715);
#2003=LINE('',#2000,#2002);
#2004=EDGE_CURVE('',#1991,#1999,#2003,.T.);
#2005=ORIENTED_EDGE('',*,*,#2004,.T.);
#2006=CARTESIAN_POINT('',(96.555849988,-58.347982611,24.94));
#2007=VERTEX_POINT('',#2006);
#2008=CARTESIAN_POINT('',(96.441465468,-58.474961831,24.94));
#2009=DIRECTION('',(0.669298357,0.742993748,0.));
#2010=VECTOR('',#2009,0.170902138);
#2011=LINE('',#2008,#2010);
#2012=EDGE_CURVE('',#1999,#2007,#2011,.T.);
#2013=ORIENTED_EDGE('',*,*,#2012,.T.);
#2014=CARTESIAN_POINT('',(96.673896768,-58.226295791,24.94));
#2015=VERTEX_POINT('',#2014);
#2016=CARTESIAN_POINT('',(96.555849988,-58.347982611,24.94));
#2017=DIRECTION('',(0.696290035,0.717760536,0.));
#2018=VECTOR('',#2017,0.169536794);
#2019=LINE('',#2016,#2018);
#2020=EDGE_CURVE('',#2007,#2015,#2019,.T.);
#2021=ORIENTED_EDGE('',*,*,#2020,.T.);
#2022=CARTESIAN_POINT('',(96.795451278,-58.109912481,24.94));
#2023=VERTEX_POINT('',#2022);
#2024=CARTESIAN_POINT('',(96.673896768,-58.226295791,24.94));
#2025=DIRECTION('',(0.722304055,0.69157563,0.));
#2026=VECTOR('',#2025,0.168287176);
#2027=LINE('',#2024,#2026);
#2028=EDGE_CURVE('',#2015,#2023,#2027,.T.);
#2029=ORIENTED_EDGE('',*,*,#2028,.T.);
#2030=CARTESIAN_POINT('',(96.920355958,-57.998841771,24.94));
#2031=VERTEX_POINT('',#2030);
#2032=CARTESIAN_POINT('',(96.795451278,-58.109912481,24.94));
#2033=DIRECTION('',(0.747277617,0.664511974,0.));
#2034=VECTOR('',#2033,0.167146288);
#2035=LINE('',#2032,#2034);
#2036=EDGE_CURVE('',#2023,#2031,#2035,.T.);
#2037=ORIENTED_EDGE('',*,*,#2036,.T.);
#2038=CARTESIAN_POINT('',(97.179591648,-57.792686631,24.94));
#2039=VERTEX_POINT('',#2038);
#2040=CARTESIAN_POINT('',(96.920355958,-57.998841771,24.94));
#2041=DIRECTION('',(0.782682048,0.622421732,0.));
#2042=VECTOR('',#2041,0.33121456);
#2043=LINE('',#2040,#2042);
#2044=EDGE_CURVE('',#2031,#2039,#2043,.T.);
#2045=ORIENTED_EDGE('',*,*,#2044,.T.);
#2046=CARTESIAN_POINT('',(97.450352448,-57.607917231,24.94));
#2047=VERTEX_POINT('',#2046);
#2048=CARTESIAN_POINT('',(97.179591648,-57.792686631,24.94));
#2049=DIRECTION('',(0.826000425,0.563669493,0.));
#2050=VECTOR('',#2049,0.32779741);
#2051=LINE('',#2048,#2050);
#2052=EDGE_CURVE('',#2039,#2047,#2051,.T.);
#2053=ORIENTED_EDGE('',*,*,#2052,.T.);
#2054=CARTESIAN_POINT('',(97.731385958,-57.444619421,24.94));
#2055=VERTEX_POINT('',#2054);
#2056=CARTESIAN_POINT('',(97.450352448,-57.607917231,24.94));
#2057=DIRECTION('',(0.86463251,0.502404839,0.));
#2058=VECTOR('',#2057,0.325032319);
#2059=LINE('',#2056,#2058);
#2060=EDGE_CURVE('',#2047,#2055,#2059,.T.);
#2061=ORIENTED_EDGE('',*,*,#2060,.T.);
#2062=CARTESIAN_POINT('',(98.021441798,-57.302883091,24.94));
#2063=VERTEX_POINT('',#2062);
#2064=CARTESIAN_POINT('',(97.731385958,-57.444619421,24.94));
#2065=DIRECTION('',(0.89846837,0.439038253,0.));
#2066=VECTOR('',#2065,0.322833669);
#2067=LINE('',#2064,#2066);
#2068=EDGE_CURVE('',#2055,#2063,#2067,.T.);
#2069=ORIENTED_EDGE('',*,*,#2068,.T.);
#2070=CARTESIAN_POINT('',(98.319268578,-57.182794091,24.94));
#2071=VERTEX_POINT('',#2070);
#2072=CARTESIAN_POINT('',(98.021441798,-57.302883091,24.94));
#2073=DIRECTION('',(0.927444111,0.37396179,0.));
#2074=VECTOR('',#2073,0.321126391);
#2075=LINE('',#2072,#2074);
#2076=EDGE_CURVE('',#2063,#2071,#2075,.T.);
#2077=ORIENTED_EDGE('',*,*,#2076,.T.);
#2078=CARTESIAN_POINT('',(98.623614908,-57.084439281,24.94));
#2079=VERTEX_POINT('',#2078);
#2080=CARTESIAN_POINT('',(98.319268578,-57.182794091,24.94));
#2081=DIRECTION('',(0.951545356,0.307508432,0.));
#2082=VECTOR('',#2081,0.31984427);
#2083=LINE('',#2080,#2082);
#2084=EDGE_CURVE('',#2071,#2079,#2083,.T.);
#2085=ORIENTED_EDGE('',*,*,#2084,.T.);
#2086=CARTESIAN_POINT('',(98.933228388,-57.007906531,24.94));
#2087=VERTEX_POINT('',#2086);
#2088=CARTESIAN_POINT('',(98.623614908,-57.084439281,24.94));
#2089=DIRECTION('',(0.970781403,0.239965555,0.));
#2090=VECTOR('',#2089,0.318932232);
#2091=LINE('',#2088,#2090);
#2092=EDGE_CURVE('',#2079,#2087,#2091,.T.);
#2093=ORIENTED_EDGE('',*,*,#2092,.T.);
#2094=CARTESIAN_POINT('',(99.246859648,-56.953281691,24.94));
#2095=VERTEX_POINT('',#2094);
#2096=CARTESIAN_POINT('',(98.933228388,-57.007906531,24.94));
#2097=DIRECTION('',(0.985169159,0.171585918,0.));
#2098=VECTOR('',#2097,0.318352698);
#2099=LINE('',#2096,#2098);
#2100=EDGE_CURVE('',#2087,#2095,#2099,.T.);
#2101=ORIENTED_EDGE('',*,*,#2100,.T.);
#2102=CARTESIAN_POINT('',(99.563254268,-56.920654651,24.94));
#2103=VERTEX_POINT('',#2102);
#2104=CARTESIAN_POINT('',(99.246859648,-56.953281691,24.94));
#2105=DIRECTION('',(0.994725027,0.102577387,0.));
#2106=VECTOR('',#2105,0.318072443);
#2107=LINE('',#2104,#2106);
#2108=EDGE_CURVE('',#2095,#2103,#2107,.T.);
#2109=ORIENTED_EDGE('',*,*,#2108,.T.);
#2110=CARTESIAN_POINT('',(99.881163888,-56.910110251,24.94));
#2111=VERTEX_POINT('',#2110);
#2112=CARTESIAN_POINT('',(99.563254268,-56.920654651,24.94));
#2113=DIRECTION('',(0.999450398,0.033149688,0.));
#2114=VECTOR('',#2113,0.31808444);
#2115=LINE('',#2112,#2114);
#2116=EDGE_CURVE('',#2103,#2111,#2115,.T.);
#2117=ORIENTED_EDGE('',*,*,#2116,.T.);
#2118=CARTESIAN_POINT('',(100.199335098,-56.921736361,24.94));
#2119=VERTEX_POINT('',#2118);
#2120=CARTESIAN_POINT('',(99.881163888,-56.910110251,24.94));
#2121=DIRECTION('',(0.999333067,-0.036516051,0.));
#2122=VECTOR('',#2121,0.318383551);
#2123=LINE('',#2120,#2122);
#2124=EDGE_CURVE('',#2111,#2119,#2123,.T.);
#2125=ORIENTED_EDGE('',*,*,#2124,.T.);
#2126=CARTESIAN_POINT('',(100.516517518,-56.955619841,24.94));
#2127=VERTEX_POINT('',#2126);
#2128=CARTESIAN_POINT('',(100.199335098,-56.921736361,24.94));
#2129=DIRECTION('',(0.994342429,-0.106222097,0.));
#2130=VECTOR('',#2129,0.318987112);
#2131=LINE('',#2128,#2130);
#2132=EDGE_CURVE('',#2119,#2127,#2131,.T.);
#2133=ORIENTED_EDGE('',*,*,#2132,.T.);
#2134=CARTESIAN_POINT('',(100.831458748,-57.011848561,24.94));
#2135=VERTEX_POINT('',#2134);
#2136=CARTESIAN_POINT('',(100.516517518,-56.955619841,24.94));
#2137=DIRECTION('',(0.984433409,-0.175757968,0.));
#2138=VECTOR('',#2137,0.319921314);
#2139=LINE('',#2136,#2138);
#2140=EDGE_CURVE('',#2127,#2135,#2139,.T.);
#2141=ORIENTED_EDGE('',*,*,#2140,.T.);
#2142=CARTESIAN_POINT('',(101.142908408,-57.090510391,24.94));
#2143=VERTEX_POINT('',#2142);
#2144=CARTESIAN_POINT('',(100.831458748,-57.011848561,24.94));
#2145=DIRECTION('',(0.969554118,-0.244877137,0.));
#2146=VECTOR('',#2145,0.321229784);
#2147=LINE('',#2144,#2146);
#2148=EDGE_CURVE('',#2135,#2143,#2147,.T.);
#2149=ORIENTED_EDGE('',*,*,#2148,.T.);
#2150=CARTESIAN_POINT('',(103.795964288,-55.098049051,24.94));
#2151=VERTEX_POINT('',#2150);
#2152=CARTESIAN_POINT('',(101.142908408,-57.090510391,24.94));
#2153=DIRECTION('',(0.799613651,0.600514787,0.));
#2154=VECTOR('',#2153,3.317922195);
#2155=LINE('',#2152,#2154);
#2156=EDGE_CURVE('',#2143,#2151,#2155,.T.);
#2157=ORIENTED_EDGE('',*,*,#2156,.T.);
#2158=CARTESIAN_POINT('',(106.518643508,-53.273599191,24.94));
#2159=VERTEX_POINT('',#2158);
#2160=CARTESIAN_POINT('',(103.795964288,-55.098049051,24.94));
#2161=DIRECTION('',(0.830734028,0.556669537,0.));
#2162=VECTOR('',#2161,3.277437936);
#2163=LINE('',#2160,#2162);
#2164=EDGE_CURVE('',#2151,#2159,#2163,.T.);
#2165=ORIENTED_EDGE('',*,*,#2164,.T.);
#2166=CARTESIAN_POINT('',(109.293048868,-51.609776701,24.94));
#2167=VERTEX_POINT('',#2166);
#2168=CARTESIAN_POINT('',(106.518643508,-53.273599191,24.94));
#2169=DIRECTION('',(0.857604831,0.514309201,0.));
#2170=VECTOR('',#2169,3.235062655);
#2171=LINE('',#2168,#2170);
#2172=EDGE_CURVE('',#2159,#2167,#2171,.T.);
#2173=ORIENTED_EDGE('',*,*,#2172,.T.);
#2174=CARTESIAN_POINT('',(112.101280138,-50.099198481,24.94));
#2175=VERTEX_POINT('',#2174);
#2176=CARTESIAN_POINT('',(109.293048868,-51.609776701,24.94));
#2177=DIRECTION('',(0.880673444,0.473723848,0.));
#2178=VECTOR('',#2177,3.188731633);
#2179=LINE('',#2176,#2178);
#2180=EDGE_CURVE('',#2167,#2175,#2179,.T.);
#2181=ORIENTED_EDGE('',*,*,#2180,.T.);
#2182=CARTESIAN_POINT('',(114.925440118,-48.734479411,24.94));
#2183=VERTEX_POINT('',#2182);
#2184=CARTESIAN_POINT('',(112.101280138,-50.099198481,24.94));
#2185=DIRECTION('',(0.900385373,0.435093301,0.));
#2186=VECTOR('',#2185,3.136612461);
#2187=LINE('',#2184,#2186);
#2188=EDGE_CURVE('',#2175,#2183,#2187,.T.);
#2189=ORIENTED_EDGE('',*,*,#2188,.T.);
#2190=CARTESIAN_POINT('',(117.747630598,-47.508237401,24.94));
#2191=VERTEX_POINT('',#2190);
#2192=CARTESIAN_POINT('',(114.925440118,-48.734479411,24.94));
#2193=DIRECTION('',(0.91716478,0.398508177,0.));
#2194=VECTOR('',#2193,3.077081177);
#2195=LINE('',#2192,#2194);
#2196=EDGE_CURVE('',#2183,#2191,#2195,.T.);
#2197=ORIENTED_EDGE('',*,*,#2196,.T.);
#2198=CARTESIAN_POINT('',(120.549953368,-46.413088341,24.94));
#2199=VERTEX_POINT('',#2198);
#2200=CARTESIAN_POINT('',(117.747630598,-47.508237401,24.94));
#2201=DIRECTION('',(0.931401949,0.363992321,0.));
#2202=VECTOR('',#2201,3.008714737);
#2203=LINE('',#2200,#2202);
#2204=EDGE_CURVE('',#2191,#2199,#2203,.T.);
#2205=ORIENTED_EDGE('',*,*,#2204,.T.);
#2206=CARTESIAN_POINT('',(122.971312218,-45.562244141,24.94));
#2207=VERTEX_POINT('',#2206);
#2208=CARTESIAN_POINT('',(120.549953368,-46.413088341,24.94));
#2209=DIRECTION('',(0.94344838,0.331519462,0.));
#2210=VECTOR('',#2209,2.566498497);
#2211=LINE('',#2208,#2210);
#2212=EDGE_CURVE('',#2199,#2207,#2211,.T.);
#2213=ORIENTED_EDGE('',*,*,#2212,.T.);
#2214=CARTESIAN_POINT('',(123.498091858,-45.217621031,24.94));
#2215=VERTEX_POINT('',#2214);
#2216=CARTESIAN_POINT('',(122.971312218,-45.562244141,24.94));
#2217=DIRECTION('',(0.836831144,0.547461082,0.));
#2218=VECTOR('',#2217,0.629493349);
#2219=LINE('',#2216,#2218);
#2220=EDGE_CURVE('',#2207,#2215,#2219,.T.);
#2221=ORIENTED_EDGE('',*,*,#2220,.T.);
#2222=CARTESIAN_POINT('',(123.498091858,-45.217621031,24.94));
#2223=DIRECTION('',(0.862732351,0.505660846,0.));
#2224=VECTOR('',#2223,5.562141348);
#2225=LINE('',#2222,#2224);
#2226=EDGE_CURVE('',#2215,#1669,#2225,.T.);
#2227=ORIENTED_EDGE('',*,*,#2226,.T.);
#2228=EDGE_LOOP('',(#1677,#1685,#1693,#1701,#1709,#1717,#1725,#1733,#1741,#1749,#1757,#1765,#1773,#1781,#1789,#1797,#1805,#1813,#1821,#1829,#1837,#1845,#1853,#1861,#1869,#1877,
#1885,#1893,#1901,#1909,#1917,#1925,#1933,#1941,#1949,#1957,#1965,#1973,#1981,#1989,#1997,#2005,#2013,#2021,#2029,#2037,#2045,#2053,#2061,#2069,#2077,
#2085,#2093,#2101,#2109,#2117,#2125,#2133,#2141,#2149,#2157,#2165,#2173,#2181,#2189,#2197,#2205,#2213,#2221,#2227));
#2229=FACE_BOUND('',#2228,.T.);
#2230=ADVANCED_FACE('',(#2229),#1667,.T.);
#2231=CARTESIAN_POINT('',(-1.607766002,1.148743889,24.94));
#2232=DIRECTION('',(0.,0.,1.));
#2233=DIRECTION('',(1.,0.,0.));
#2234=AXIS2_PLACEMENT_3D('',#2231,#2232,#2233);
#2235=PLANE('',#2234);
#2236=CARTESIAN_POINT('',(179.182233998,-188.942585997,24.94));
#2237=VERTEX_POINT('',#2236);
#2238=CARTESIAN_POINT('',(179.182233998,-185.817666426,24.94));
#2239=VERTEX_POINT('',#2238);
#2240=CARTESIAN_POINT('',(179.182233998,-188.942585997,24.94));
#2241=DIRECTION('',(0.,1.,0.));
#2242=VECTOR('',#2241,3.124919571);
#2243=LINE('',#2240,#2242);
#2244=EDGE_CURVE('',#2237,#2239,#2243,.T.);
#2245=ORIENTED_EDGE('',*,*,#2244,.F.);
#2246=CARTESIAN_POINT('',(235.687994434,-188.942585997,24.94));
#2247=VERTEX_POINT('',#2246);
#2248=CARTESIAN_POINT('',(179.182233998,-188.942585997,24.94));
#2249=DIRECTION('',(1.,0.,-0.));
#2250=VECTOR('',#2249,56.505760436);
#2251=LINE('',#2248,#2250);
#2252=EDGE_CURVE('',#2237,#2247,#2251,.T.);
#2253=ORIENTED_EDGE('',*,*,#2252,.T.);
#2254=CARTESIAN_POINT('',(235.687994434,-139.685666493,24.94));
#2255=VERTEX_POINT('',#2254);
#2256=CARTESIAN_POINT('',(235.687994434,-188.942585997,24.94));
#2257=DIRECTION('',(0.,1.,0.));
#2258=VECTOR('',#2257,49.256919505);
#2259=LINE('',#2256,#2258);
#2260=EDGE_CURVE('',#2247,#2255,#2259,.T.);
#2261=ORIENTED_EDGE('',*,*,#2260,.T.);
#2262=CARTESIAN_POINT('',(234.618525168,-140.869289251,24.94));
#2263=VERTEX_POINT('',#2262);
#2264=CARTESIAN_POINT('',(235.687994434,-139.685666493,24.94));
#2265=DIRECTION('',(-0.670421109,-0.741980819,0.));
#2266=VECTOR('',#2265,1.595220156);
#2267=LINE('',#2264,#2266);
#2268=EDGE_CURVE('',#2255,#2263,#2267,.T.);
#2269=ORIENTED_EDGE('',*,*,#2268,.T.);
#2270=CARTESIAN_POINT('',(232.686978948,-142.750420311,24.94));
#2271=VERTEX_POINT('',#2270);
#2272=CARTESIAN_POINT('',(234.618525168,-140.869289251,24.94));
#2273=DIRECTION('',(-0.71639425,-0.697695692,0.));
#2274=VECTOR('',#2273,2.696205642);
#2275=LINE('',#2272,#2274);
#2276=EDGE_CURVE('',#2263,#2271,#2275,.T.);
#2277=ORIENTED_EDGE('',*,*,#2276,.T.);
#2278=CARTESIAN_POINT('',(230.560308808,-144.582722921,24.94));
#2279=VERTEX_POINT('',#2278);
#2280=CARTESIAN_POINT('',(232.686978948,-142.750420311,24.94));
#2281=DIRECTION('',(-0.757592045,-0.652728345,0.));
#2282=VECTOR('',#2281,2.807144232);
#2283=LINE('',#2280,#2282);
#2284=EDGE_CURVE('',#2271,#2279,#2283,.T.);
#2285=ORIENTED_EDGE('',*,*,#2284,.T.);
#2286=CARTESIAN_POINT('',(228.232496158,-146.364661881,24.94));
#2287=VERTEX_POINT('',#2286);
#2288=CARTESIAN_POINT('',(230.560308808,-144.582722921,24.94));
#2289=DIRECTION('',(-0.794053729,-0.607847576,0.));
#2290=VECTOR('',#2289,2.931555592);
#2291=LINE('',#2288,#2290);
#2292=EDGE_CURVE('',#2279,#2287,#2291,.T.);
#2293=ORIENTED_EDGE('',*,*,#2292,.T.);
#2294=CARTESIAN_POINT('',(225.697525438,-148.094706031,24.94));
#2295=VERTEX_POINT('',#2294);
#2296=CARTESIAN_POINT('',(228.232496158,-146.364661881,24.94));
#2297=DIRECTION('',(-0.825976265,-0.563704896,0.));
#2298=VECTOR('',#2297,3.069060005);
#2299=LINE('',#2296,#2298);
#2300=EDGE_CURVE('',#2287,#2295,#2299,.T.);
#2301=ORIENTED_EDGE('',*,*,#2300,.T.);
#2302=CARTESIAN_POINT('',(223.157365338,-152.272872011,24.94));
#2303=VERTEX_POINT('',#2302);
#2304=CARTESIAN_POINT('',(225.697525438,-148.094706031,24.94));
#2305=DIRECTION('',(-0.519488557,-0.854477407,0.));
#2306=VECTOR('',#2305,4.889732538);
#2307=LINE('',#2304,#2306);
#2308=EDGE_CURVE('',#2295,#2303,#2307,.T.);
#2309=ORIENTED_EDGE('',*,*,#2308,.T.);
#2310=CARTESIAN_POINT('',(220.405075948,-156.280345971,24.94));
#2311=VERTEX_POINT('',#2310);
#2312=CARTESIAN_POINT('',(223.157365338,-152.272872011,24.94));
#2313=DIRECTION('',(-0.566130826,-0.824315405,0.));
#2314=VECTOR('',#2313,4.861578388);
#2315=LINE('',#2312,#2314);
#2316=EDGE_CURVE('',#2303,#2311,#2315,.T.);
#2317=ORIENTED_EDGE('',*,*,#2316,.T.);
#2318=CARTESIAN_POINT('',(217.460105828,-160.103487861,24.94));
#2319=VERTEX_POINT('',#2318);
#2320=CARTESIAN_POINT('',(220.405075948,-156.280345971,24.94));
#2321=DIRECTION('',(-0.610243301,-0.792214058,0.));
#2322=VECTOR('',#2321,4.825895038);
#2323=LINE('',#2320,#2322);
#2324=EDGE_CURVE('',#2311,#2319,#2323,.T.);
#2325=ORIENTED_EDGE('',*,*,#2324,.T.);
#2326=CARTESIAN_POINT('',(217.190395428,-160.417047411,24.94));
#2327=VERTEX_POINT('',#2326);
#2328=CARTESIAN_POINT('',(217.460105828,-160.103487861,24.94));
#2329=DIRECTION('',(-0.652107629,-0.758126401,0.));
#2330=VECTOR('',#2329,0.413597983);
#2331=LINE('',#2328,#2330);
#2332=EDGE_CURVE('',#2319,#2327,#2331,.T.);
#2333=ORIENTED_EDGE('',*,*,#2332,.T.);
#2334=CARTESIAN_POINT('',(217.233699178,-160.491012741,24.94));
#2335=VERTEX_POINT('',#2334);
#2336=CARTESIAN_POINT('',(217.190395428,-160.417047411,24.94));
#2337=DIRECTION('',(0.505239781,-0.862979006,0.));
#2338=VECTOR('',#2337,0.085709304);
#2339=LINE('',#2336,#2338);
#2340=EDGE_CURVE('',#2327,#2335,#2339,.T.);
#2341=ORIENTED_EDGE('',*,*,#2340,.T.);
#2342=CARTESIAN_POINT('',(217.310558158,-160.638516171,24.94));
#2343=VERTEX_POINT('',#2342);
#2344=CARTESIAN_POINT('',(217.233699178,-160.491012741,24.94));
#2345=DIRECTION('',(0.462096518,-0.886829638,0.));
#2346=VECTOR('',#2345,0.166326681);
#2347=LINE('',#2344,#2346);
#2348=EDGE_CURVE('',#2335,#2343,#2347,.T.);
#2349=ORIENTED_EDGE('',*,*,#2348,.T.);
#2350=CARTESIAN_POINT('',(217.379811838,-160.788984961,24.94));
#2351=VERTEX_POINT('',#2350);
#2352=CARTESIAN_POINT('',(217.310558158,-160.638516171,24.94));
#2353=DIRECTION('',(0.418095128,-0.90840325,0.));
#2354=VECTOR('',#2353,0.165640964);
#2355=LINE('',#2352,#2354);
#2356=EDGE_CURVE('',#2343,#2351,#2355,.T.);
#2357=ORIENTED_EDGE('',*,*,#2356,.T.);
#2358=CARTESIAN_POINT('',(217.441437998,-160.942116111,24.94));
#2359=VERTEX_POINT('',#2358);
#2360=CARTESIAN_POINT('',(217.379811838,-160.788984961,24.94));
#2361=DIRECTION('',(0.373341525,-0.927693972,0.));
#2362=VECTOR('',#2361,0.165066449);
#2363=LINE('',#2360,#2362);
#2364=EDGE_CURVE('',#2351,#2359,#2363,.T.);
#2365=ORIENTED_EDGE('',*,*,#2364,.T.);
#2366=CARTESIAN_POINT('',(217.495416438,-161.097608641,24.94));
#2367=VERTEX_POINT('',#2366);
#2368=CARTESIAN_POINT('',(217.441437998,-160.942116111,24.94));
#2369=DIRECTION('',(0.327946508,-0.944696294,0.));
#2370=VECTOR('',#2369,0.164595258);
#2371=LINE('',#2368,#2370);
#2372=EDGE_CURVE('',#2359,#2367,#2371,.T.);
#2373=ORIENTED_EDGE('',*,*,#2372,.T.);
#2374=CARTESIAN_POINT('',(217.541724938,-161.255159551,24.94));
#2375=VERTEX_POINT('',#2374);
#2376=CARTESIAN_POINT('',(217.495416438,-161.097608641,24.94));
#2377=DIRECTION('',(0.281998162,-0.959414945,0.));
#2378=VECTOR('',#2377,0.16421561);
#2379=LINE('',#2376,#2378);
#2380=EDGE_CURVE('',#2367,#2375,#2379,.T.);
#2381=ORIENTED_EDGE('',*,*,#2380,.T.);
#2382=CARTESIAN_POINT('',(217.580342288,-161.414467861,24.94));
#2383=VERTEX_POINT('',#2382);
#2384=CARTESIAN_POINT('',(217.541724938,-161.255159551,24.94));
#2385=DIRECTION('',(0.235583625,-0.971854081,0.));
#2386=VECTOR('',#2385,0.163922047);
#2387=LINE('',#2384,#2386);
#2388=EDGE_CURVE('',#2375,#2383,#2387,.T.);
#2389=ORIENTED_EDGE('',*,*,#2388,.T.);
#2390=CARTESIAN_POINT('',(217.611247278,-161.575230571,24.94));
#2391=VERTEX_POINT('',#2390);
#2392=CARTESIAN_POINT('',(217.580342288,-161.414467861,24.94));
#2393=DIRECTION('',(0.188783092,-0.98201881,0.));
#2394=VECTOR('',#2393,0.163706345);
#2395=LINE('',#2392,#2394);
#2396=EDGE_CURVE('',#2383,#2391,#2395,.T.);
#2397=ORIENTED_EDGE('',*,*,#2396,.T.);
#2398=CARTESIAN_POINT('',(217.634417688,-161.737146701,24.94));
#2399=VERTEX_POINT('',#2398);
#2400=CARTESIAN_POINT('',(217.611247278,-161.575230571,24.94));
#2401=DIRECTION('',(0.141658221,-0.989915627,0.));
#2402=VECTOR('',#2401,0.163565586);
#2403=LINE('',#2400,#2402);
#2404=EDGE_CURVE('',#2391,#2399,#2403,.T.);
#2405=ORIENTED_EDGE('',*,*,#2404,.T.);
#2406=CARTESIAN_POINT('',(217.649834328,-161.899913251,24.94));
#2407=VERTEX_POINT('',#2406);
#2408=CARTESIAN_POINT('',(217.634417688,-161.737146701,24.94));
#2409=DIRECTION('',(0.094294246,-0.995544371,0.));
#2410=VECTOR('',#2409,0.163495023);
#2411=LINE('',#2408,#2410);
#2412=EDGE_CURVE('',#2399,#2407,#2411,.T.);
#2413=ORIENTED_EDGE('',*,*,#2412,.T.);
#2414=CARTESIAN_POINT('',(217.657472958,-162.063229241,24.94));
#2415=VERTEX_POINT('',#2414);
#2416=CARTESIAN_POINT('',(217.649834328,-161.899913251,24.94));
#2417=DIRECTION('',(0.046721013,-0.998907977,0.));
#2418=VECTOR('',#2417,0.16349453);
#2419=LINE('',#2416,#2418);
#2420=EDGE_CURVE('',#2407,#2415,#2419,.T.);
#2421=ORIENTED_EDGE('',*,*,#2420,.T.);
#2422=CARTESIAN_POINT('',(217.657314388,-162.226792681,24.94));
#2423=VERTEX_POINT('',#2422);
#2424=CARTESIAN_POINT('',(217.657472958,-162.063229241,24.94));
#2425=DIRECTION('',(-0.00096947,-0.99999953,0.));
#2426=VECTOR('',#2425,0.163563517);
#2427=LINE('',#2424,#2426);
#2428=EDGE_CURVE('',#2415,#2423,#2427,.T.);
#2429=ORIENTED_EDGE('',*,*,#2428,.T.);
#2430=CARTESIAN_POINT('',(217.649336398,-162.390300571,24.94));
#2431=VERTEX_POINT('',#2430);
#2432=CARTESIAN_POINT('',(217.657314388,-162.226792681,24.94));
#2433=DIRECTION('',(-0.048734714,-0.998811758,0.));
#2434=VECTOR('',#2433,0.163702408);
#2435=LINE('',#2432,#2434);
#2436=EDGE_CURVE('',#2423,#2431,#2435,.T.);
#2437=ORIENTED_EDGE('',*,*,#2436,.T.);
#2438=CARTESIAN_POINT('',(217.633517778,-162.553451931,24.94));
#2439=VERTEX_POINT('',#2438);
#2440=CARTESIAN_POINT('',(217.649336398,-162.390300571,24.94));
#2441=DIRECTION('',(-0.096504178,-0.995332579,0.));
#2442=VECTOR('',#2441,0.163916427);
#2443=LINE('',#2440,#2442);
#2444=EDGE_CURVE('',#2431,#2439,#2443,.T.);
#2445=ORIENTED_EDGE('',*,*,#2444,.T.);
#2446=CARTESIAN_POINT('',(217.609837318,-162.715943761,24.94));
#2447=VERTEX_POINT('',#2446);
#2448=CARTESIAN_POINT('',(217.633517778,-162.553451931,24.94));
#2449=DIRECTION('',(-0.144209903,-0.989547121,0.));
#2450=VECTOR('',#2449,0.164208279);
#2451=LINE('',#2448,#2450);
#2452=EDGE_CURVE('',#2439,#2447,#2451,.T.);
#2453=ORIENTED_EDGE('',*,*,#2452,.T.);
#2454=CARTESIAN_POINT('',(217.578272798,-162.877475081,24.94));
#2455=VERTEX_POINT('',#2454);
#2456=CARTESIAN_POINT('',(217.609837318,-162.715943761,24.94));
#2457=DIRECTION('',(-0.191780841,-0.981437777,0.));
#2458=VECTOR('',#2457,0.16458641);
#2459=LINE('',#2456,#2458);
#2460=EDGE_CURVE('',#2447,#2455,#2459,.T.);
#2461=ORIENTED_EDGE('',*,*,#2460,.T.);
#2462=CARTESIAN_POINT('',(217.538803008,-163.037742891,24.94));
#2463=VERTEX_POINT('',#2462);
#2464=CARTESIAN_POINT('',(217.578272798,-162.877475081,24.94));
#2465=DIRECTION('',(-0.239129022,-0.970987802,0.));
#2466=VECTOR('',#2465,0.165056461);
#2467=LINE('',#2464,#2466);
#2468=EDGE_CURVE('',#2455,#2463,#2467,.T.);
#2469=ORIENTED_EDGE('',*,*,#2468,.T.);
#2470=CARTESIAN_POINT('',(217.491407748,-163.196446211,24.94));
#2471=VERTEX_POINT('',#2470);
#2472=CARTESIAN_POINT('',(217.538803008,-163.037742891,24.94));
#2473=DIRECTION('',(-0.286152686,-0.958184032,0.));
#2474=VECTOR('',#2473,0.165629268);
#2475=LINE('',#2472,#2474);
#2476=EDGE_CURVE('',#2463,#2471,#2475,.T.);
#2477=ORIENTED_EDGE('',*,*,#2476,.T.);
#2478=CARTESIAN_POINT('',(217.436064798,-163.353283051,24.94));
#2479=VERTEX_POINT('',#2478);
#2480=CARTESIAN_POINT('',(217.491407748,-163.196446211,24.94));
#2481=DIRECTION('',(-0.33276008,-0.943011521,0.));
#2482=VECTOR('',#2481,0.166314872);
#2483=LINE('',#2480,#2482);
#2484=EDGE_CURVE('',#2471,#2479,#2483,.T.);
#2485=ORIENTED_EDGE('',*,*,#2484,.T.);
#2486=CARTESIAN_POINT('',(217.372752948,-163.507950411,24.94));
#2487=VERTEX_POINT('',#2486);
#2488=CARTESIAN_POINT('',(217.436064798,-163.353283051,24.94));
#2489=DIRECTION('',(-0.378831917,-0.925465493,0.));
#2490=VECTOR('',#2489,0.167123854);
#2491=LINE('',#2488,#2490);
#2492=EDGE_CURVE('',#2479,#2487,#2491,.T.);
#2493=ORIENTED_EDGE('',*,*,#2492,.T.);
#2494=CARTESIAN_POINT('',(217.301449978,-163.660146301,24.94));
#2495=VERTEX_POINT('',#2494);
#2496=CARTESIAN_POINT('',(217.372752948,-163.507950411,24.94));
#2497=DIRECTION('',(-0.424244338,-0.905547758,0.));
#2498=VECTOR('',#2497,0.168070528);
#2499=LINE('',#2496,#2498);
#2500=EDGE_CURVE('',#2487,#2495,#2499,.T.);
#2501=ORIENTED_EDGE('',*,*,#2500,.T.);
#2502=CARTESIAN_POINT('',(217.222135688,-163.809570751,24.94));
#2503=VERTEX_POINT('',#2502);
#2504=CARTESIAN_POINT('',(217.301449978,-163.660146301,24.94));
#2505=DIRECTION('',(-0.468844248,-0.883280856,0.));
#2506=VECTOR('',#2505,0.169169805);
#2507=LINE('',#2504,#2506);
#2508=EDGE_CURVE('',#2495,#2503,#2507,.T.);
#2509=ORIENTED_EDGE('',*,*,#2508,.T.);
#2510=CARTESIAN_POINT('',(217.134787858,-163.955918741,24.94));
#2511=VERTEX_POINT('',#2510);
#2512=CARTESIAN_POINT('',(217.222135688,-163.809570751,24.94));
#2513=DIRECTION('',(-0.512505647,-0.858683854,0.));
#2514=VECTOR('',#2513,0.170432912);
#2515=LINE('',#2512,#2514);
#2516=EDGE_CURVE('',#2503,#2511,#2515,.T.);
#2517=ORIENTED_EDGE('',*,*,#2516,.T.);
#2518=CARTESIAN_POINT('',(217.039385278,-164.098891311,24.94));
#2519=VERTEX_POINT('',#2518);
#2520=CARTESIAN_POINT('',(217.134787858,-163.955918741,24.94));
#2521=DIRECTION('',(-0.555052718,-0.831815172,0.));
#2522=VECTOR('',#2521,0.171880214);
#2523=LINE('',#2520,#2522);
#2524=EDGE_CURVE('',#2511,#2519,#2523,.T.);
#2525=ORIENTED_EDGE('',*,*,#2524,.T.);
#2526=CARTESIAN_POINT('',(216.935907748,-164.238184451,24.94));
#2527=VERTEX_POINT('',#2526);
#2528=CARTESIAN_POINT('',(217.039385278,-164.098891311,24.94));
#2529=DIRECTION('',(-0.596333753,-0.802736604,0.));
#2530=VECTOR('',#2529,0.173522846);
#2531=LINE('',#2528,#2530);
#2532=EDGE_CURVE('',#2519,#2527,#2531,.T.);
#2533=ORIENTED_EDGE('',*,*,#2532,.T.);
#2534=CARTESIAN_POINT('',(216.824332038,-164.373496171,24.94));
#2535=VERTEX_POINT('',#2534);
#2536=CARTESIAN_POINT('',(216.935907748,-164.238184451,24.94));
#2537=DIRECTION('',(-0.636191386,-0.771531283,0.));
#2538=VECTOR('',#2537,0.175380731);
#2539=LINE('',#2536,#2538);
#2540=EDGE_CURVE('',#2527,#2535,#2539,.T.);
#2541=ORIENTED_EDGE('',*,*,#2540,.T.);
#2542=CARTESIAN_POINT('',(216.706060028,-164.502995341,24.94));
#2543=VERTEX_POINT('',#2542);
#2544=CARTESIAN_POINT('',(216.824332038,-164.373496171,24.94));
#2545=DIRECTION('',(-0.674373956,-0.738389984,0.));
#2546=VECTOR('',#2545,0.175380453);
#2547=LINE('',#2544,#2546);
#2548=EDGE_CURVE('',#2535,#2543,#2547,.T.);
#2549=ORIENTED_EDGE('',*,*,#2548,.T.);
#2550=CARTESIAN_POINT('',(216.582707718,-164.625038691,24.94));
#2551=VERTEX_POINT('',#2550);
#2552=CARTESIAN_POINT('',(216.706060028,-164.502995341,24.94));
#2553=DIRECTION('',(-0.710868432,-0.703325012,0.));
#2554=VECTOR('',#2553,0.173523404);
#2555=LINE('',#2552,#2554);
#2556=EDGE_CURVE('',#2543,#2551,#2555,.T.);
#2557=ORIENTED_EDGE('',*,*,#2556,.T.);
#2558=CARTESIAN_POINT('',(216.454578108,-164.739605011,24.94));
#2559=VERTEX_POINT('',#2558);
#2560=CARTESIAN_POINT('',(216.582707718,-164.625038691,24.94));
#2561=DIRECTION('',(-0.745460889,-0.66654937,0.));
#2562=VECTOR('',#2561,0.171879721);
#2563=LINE('',#2560,#2562);
#2564=EDGE_CURVE('',#2551,#2559,#2563,.T.);
#2565=ORIENTED_EDGE('',*,*,#2564,.T.);
#2566=CARTESIAN_POINT('',(216.321971168,-164.846672081,24.94));
#2567=VERTEX_POINT('',#2566);
#2568=CARTESIAN_POINT('',(216.454578108,-164.739605011,24.94));
#2569=DIRECTION('',(-0.778051688,-0.628200263,0.));
#2570=VECTOR('',#2569,0.170434615);
#2571=LINE('',#2568,#2570);
#2572=EDGE_CURVE('',#2559,#2567,#2571,.T.);
#2573=ORIENTED_EDGE('',*,*,#2572,.T.);
#2574=CARTESIAN_POINT('',(216.185190908,-164.946219701,24.94));
#2575=VERTEX_POINT('',#2574);
#2576=CARTESIAN_POINT('',(216.321971168,-164.846672081,24.94));
#2577=DIRECTION('',(-0.808536209,-0.588446427,0.));
#2578=VECTOR('',#2577,0.169170234);
#2579=LINE('',#2576,#2578);
#2580=EDGE_CURVE('',#2567,#2575,#2579,.T.);
#2581=ORIENTED_EDGE('',*,*,#2580,.T.);
#2582=CARTESIAN_POINT('',(216.044538308,-165.038225651,24.94));
#2583=VERTEX_POINT('',#2582);
#2584=CARTESIAN_POINT('',(216.185190908,-164.946219701,24.94));
#2585=DIRECTION('',(-0.83685844,-0.547419356,0.));
#2586=VECTOR('',#2585,0.168072153);
#2587=LINE('',#2584,#2586);
#2588=EDGE_CURVE('',#2575,#2583,#2587,.T.);
#2589=ORIENTED_EDGE('',*,*,#2588,.T.);
#2590=CARTESIAN_POINT('',(215.900316368,-165.122668721,24.94));
#2591=VERTEX_POINT('',#2590);
#2592=CARTESIAN_POINT('',(216.044538308,-165.038225651,24.94));
#2593=DIRECTION('',(-0.862961062,-0.505270428,0.));
#2594=VECTOR('',#2593,0.167124505);
#2595=LINE('',#2592,#2594);
#2596=EDGE_CURVE('',#2583,#2591,#2595,.T.);
#2597=ORIENTED_EDGE('',*,*,#2596,.T.);
#2598=CARTESIAN_POINT('',(215.752826068,-165.199527701,24.94));
#2599=VERTEX_POINT('',#2598);
#2600=CARTESIAN_POINT('',(215.900316368,-165.122668721,24.94));
#2601=DIRECTION('',(-0.88681278,-0.46212887,0.));
#2602=VECTOR('',#2601,0.166315037);
#2603=LINE('',#2600,#2602);
#2604=EDGE_CURVE('',#2591,#2599,#2603,.T.);
#2605=ORIENTED_EDGE('',*,*,#2604,.T.);
#2606=CARTESIAN_POINT('',(215.602369398,-165.268781381,24.94));
#2607=VERTEX_POINT('',#2606);
#2608=CARTESIAN_POINT('',(215.752826068,-165.199527701,24.94));
#2609=DIRECTION('',(-0.908390458,-0.418122919,0.));
#2610=VECTOR('',#2609,0.165629954);
#2611=LINE('',#2608,#2610);
#2612=EDGE_CURVE('',#2599,#2607,#2611,.T.);
#2613=ORIENTED_EDGE('',*,*,#2612,.T.);
#2614=CARTESIAN_POINT('',(215.449249358,-165.330407541,24.94));
#2615=VERTEX_POINT('',#2614);
#2616=CARTESIAN_POINT('',(215.602369398,-165.268781381,24.94));
#2617=DIRECTION('',(-0.92768459,-0.373364838,0.));
#2618=VECTOR('',#2617,0.165056143);
#2619=LINE('',#2616,#2618);
#2620=EDGE_CURVE('',#2607,#2615,#2619,.T.);
#2621=ORIENTED_EDGE('',*,*,#2620,.T.);
#2622=CARTESIAN_POINT('',(215.293766928,-165.384385981,24.94));
#2623=VERTEX_POINT('',#2622);
#2624=CARTESIAN_POINT('',(215.449249358,-165.330407541,24.94));
#2625=DIRECTION('',(-0.944689694,-0.32796552,0.));
#2626=VECTOR('',#2625,0.164585716);
#2627=LINE('',#2624,#2626);
#2628=EDGE_CURVE('',#2615,#2623,#2627,.T.);
#2629=ORIENTED_EDGE('',*,*,#2628,.T.);
#2630=CARTESIAN_POINT('',(215.136225108,-165.430694481,24.94));
#2631=VERTEX_POINT('',#2630);
#2632=CARTESIAN_POINT('',(215.293766928,-165.384385981,24.94));
#2633=DIRECTION('',(-0.959410543,-0.282013139,0.));
#2634=VECTOR('',#2633,0.164206888);
#2635=LINE('',#2632,#2634);
#2636=EDGE_CURVE('',#2623,#2631,#2635,.T.);
#2637=ORIENTED_EDGE('',*,*,#2636,.T.);
#2638=CARTESIAN_POINT('',(214.976925888,-165.469311831,24.94));
#2639=VERTEX_POINT('',#2638);
#2640=CARTESIAN_POINT('',(215.136225108,-165.430694481,24.94));
#2641=DIRECTION('',(-0.971851003,-0.235596322,0.));
#2642=VECTOR('',#2641,0.163913212);
#2643=LINE('',#2640,#2642);
#2644=EDGE_CURVE('',#2631,#2639,#2643,.T.);
#2645=ORIENTED_EDGE('',*,*,#2644,.T.);
#2646=CARTESIAN_POINT('',(214.816170248,-165.500216821,24.94));
#2647=VERTEX_POINT('',#2646);
#2648=CARTESIAN_POINT('',(214.976925888,-165.469311831,24.94));
#2649=DIRECTION('',(-0.982017271,-0.188791099,0.));
#2650=VECTOR('',#2649,0.163699402);
#2651=LINE('',#2648,#2650);
#2652=EDGE_CURVE('',#2639,#2647,#2651,.T.);
#2653=ORIENTED_EDGE('',*,*,#2652,.T.);
#2654=CARTESIAN_POINT('',(214.654261188,-165.523388241,24.94));
#2655=VERTEX_POINT('',#2654);
#2656=CARTESIAN_POINT('',(214.816170248,-165.500216821,24.94));
#2657=DIRECTION('',(-0.989913893,-0.141670334,0.));
#2658=VECTOR('',#2657,0.163558731);
#2659=LINE('',#2656,#2658);
#2660=EDGE_CURVE('',#2647,#2655,#2659,.T.);
#2661=ORIENTED_EDGE('',*,*,#2660,.T.);
#2662=CARTESIAN_POINT('',(214.491500698,-165.538803871,24.94));
#2663=VERTEX_POINT('',#2662);
#2664=CARTESIAN_POINT('',(214.654261188,-165.523388241,24.94));
#2665=DIRECTION('',(-0.995544622,-0.094291603,0.));
#2666=VECTOR('',#2665,0.163488895);
#2667=LINE('',#2664,#2666);
#2668=EDGE_CURVE('',#2655,#2663,#2667,.T.);
#2669=ORIENTED_EDGE('',*,*,#2668,.T.);
#2670=CARTESIAN_POINT('',(214.328189758,-165.546443511,24.94));
#2671=VERTEX_POINT('',#2670);
#2672=CARTESIAN_POINT('',(214.491500698,-165.538803871,24.94));
#2673=DIRECTION('',(-0.998907621,-0.046728619,0.));
#2674=VECTOR('',#2673,0.163489532);
#2675=LINE('',#2672,#2674);
#2676=EDGE_CURVE('',#2663,#2671,#2675,.T.);
#2677=ORIENTED_EDGE('',*,*,#2676,.T.);
#2678=CARTESIAN_POINT('',(214.164631368,-165.546284941,24.94));
#2679=VERTEX_POINT('',#2678);
#2680=CARTESIAN_POINT('',(214.328189758,-165.546443511,24.94));
#2681=DIRECTION('',(-0.99999953,0.0009695,0.));
#2682=VECTOR('',#2681,0.163558467);
#2683=LINE('',#2680,#2682);
#2684=EDGE_CURVE('',#2671,#2679,#2683,.T.);
#2685=ORIENTED_EDGE('',*,*,#2684,.T.);
#2686=CARTESIAN_POINT('',(214.001127518,-165.538306951,24.94));
#2687=VERTEX_POINT('',#2686);
#2688=CARTESIAN_POINT('',(214.164631368,-165.546284941,24.94));
#2689=DIRECTION('',(-0.998811699,0.048735915,0.));
#2690=VECTOR('',#2689,0.163698373);
#2691=LINE('',#2688,#2690);
#2692=EDGE_CURVE('',#2679,#2687,#2691,.T.);
#2693=ORIENTED_EDGE('',*,*,#2692,.T.);
#2694=CARTESIAN_POINT('',(213.837981208,-165.522487321,24.94));
#2695=VERTEX_POINT('',#2694);
#2696=CARTESIAN_POINT('',(214.001127518,-165.538306951,24.94));
#2697=DIRECTION('',(-0.995331701,0.096513242,0.));
#2698=VECTOR('',#2697,0.163911498);
#2699=LINE('',#2696,#2698);
#2700=EDGE_CURVE('',#2687,#2695,#2699,.T.);
#2701=ORIENTED_EDGE('',*,*,#2700,.T.);
#2702=CARTESIAN_POINT('',(213.675492408,-165.498806861,24.94));
#2703=VERTEX_POINT('',#2702);
#2704=CARTESIAN_POINT('',(213.837981208,-165.522487321,24.94));
#2705=DIRECTION('',(-0.989546737,0.144212536,0.));
#2706=VECTOR('',#2705,0.164205281);
#2707=LINE('',#2704,#2706);
#2708=EDGE_CURVE('',#2695,#2703,#2707,.T.);
#2709=ORIENTED_EDGE('',*,*,#2708,.T.);
#2710=CARTESIAN_POINT('',(213.513964118,-165.467242341,24.94));
#2711=VERTEX_POINT('',#2710);
#2712=CARTESIAN_POINT('',(213.675492408,-165.498806861,24.94));
#2713=DIRECTION('',(-0.981437099,0.191784306,0.));
#2714=VECTOR('',#2713,0.164583436);
#2715=LINE('',#2712,#2714);
#2716=EDGE_CURVE('',#2703,#2711,#2715,.T.);
#2717=ORIENTED_EDGE('',*,*,#2716,.T.);
#2718=CARTESIAN_POINT('',(213.353698328,-165.427773561,24.94));
#2719=VERTEX_POINT('',#2718);
#2720=CARTESIAN_POINT('',(213.513964118,-165.467242341,24.94));
#2721=DIRECTION('',(-0.970988523,0.239126094,0.));
#2722=VECTOR('',#2721,0.165054258);
#2723=LINE('',#2720,#2722);
#2724=EDGE_CURVE('',#2711,#2719,#2723,.T.);
#2725=ORIENTED_EDGE('',*,*,#2724,.T.);
#2726=CARTESIAN_POINT('',(213.194997028,-165.380377291,24.94));
#2727=VERTEX_POINT('',#2726);
#2728=CARTESIAN_POINT('',(213.353698328,-165.427773561,24.94));
#2729=DIRECTION('',(-0.958181362,0.286161629,0.));
#2730=VECTOR('',#2729,0.165627622);
#2731=LINE('',#2728,#2730);
#2732=EDGE_CURVE('',#2719,#2727,#2731,.T.);
#2733=ORIENTED_EDGE('',*,*,#2732,.T.);
#2734=CARTESIAN_POINT('',(213.038163218,-165.325034341,24.94));
#2735=VERTEX_POINT('',#2734);
#2736=CARTESIAN_POINT('',(213.194997028,-165.380377291,24.94));
#2737=DIRECTION('',(-0.943009504,0.332765797,0.));
#2738=VECTOR('',#2737,0.166312014);
#2739=LINE('',#2736,#2738);
#2740=EDGE_CURVE('',#2727,#2735,#2739,.T.);
#2741=ORIENTED_EDGE('',*,*,#2740,.T.);
#2742=CARTESIAN_POINT('',(212.883496868,-165.261722491,24.94));
#2743=VERTEX_POINT('',#2742);
#2744=CARTESIAN_POINT('',(213.038163218,-165.325034341,24.94));
#2745=DIRECTION('',(-0.925464626,0.378834036,0.));
#2746=VECTOR('',#2745,0.167122919);
#2747=LINE('',#2744,#2746);
#2748=EDGE_CURVE('',#2735,#2743,#2747,.T.);
#2749=ORIENTED_EDGE('',*,*,#2748,.T.);
#2750=CARTESIAN_POINT('',(212.875850158,-165.258140021,24.94));
#2751=VERTEX_POINT('',#2750);
#2752=CARTESIAN_POINT('',(212.883496868,-165.261722491,24.94));
#2753=DIRECTION('',(-0.905546539,0.424246939,0.));
#2754=VECTOR('',#2753,0.008444304);
#2755=LINE('',#2752,#2754);
#2756=EDGE_CURVE('',#2743,#2751,#2755,.T.);
#2757=ORIENTED_EDGE('',*,*,#2756,.T.);
#2758=CARTESIAN_POINT('',(211.069926728,-167.142202101,24.94));
#2759=VERTEX_POINT('',#2758);
#2760=CARTESIAN_POINT('',(212.875850158,-165.258140021,24.94));
#2761=DIRECTION('',(-0.69197805,-0.72191854,0.));
#2762=VECTOR('',#2761,2.60979872);
#2763=LINE('',#2760,#2762);
#2764=EDGE_CURVE('',#2751,#2759,#2763,.T.);
#2765=ORIENTED_EDGE('',*,*,#2764,.T.);
#2766=CARTESIAN_POINT('',(207.663618908,-170.330491321,24.94));
#2767=VERTEX_POINT('',#2766);
#2768=CARTESIAN_POINT('',(211.069926728,-167.142202101,24.94));
#2769=DIRECTION('',(-0.730084989,-0.683356356,0.));
#2770=VECTOR('',#2769,4.66563191);
#2771=LINE('',#2768,#2770);
#2772=EDGE_CURVE('',#2759,#2767,#2771,.T.);
#2773=ORIENTED_EDGE('',*,*,#2772,.T.);
#2774=CARTESIAN_POINT('',(204.142432678,-173.279879181,24.94));
#2775=VERTEX_POINT('',#2774);
#2776=CARTESIAN_POINT('',(207.663618908,-170.330491321,24.94));
#2777=DIRECTION('',(-0.766605699,-0.642118137,0.));
#2778=VECTOR('',#2777,4.59321687);
#2779=LINE('',#2776,#2778);
#2780=EDGE_CURVE('',#2767,#2775,#2779,.T.);
#2781=ORIENTED_EDGE('',*,*,#2780,.T.);
#2782=CARTESIAN_POINT('',(200.525818618,-175.976724621,24.94));
#2783=VERTEX_POINT('',#2782);
#2784=CARTESIAN_POINT('',(204.142432678,-173.279879181,24.94));
#2785=DIRECTION('',(-0.80165833,-0.597782504,0.));
#2786=VECTOR('',#2785,4.511415807);
#2787=LINE('',#2784,#2786);
#2788=EDGE_CURVE('',#2775,#2783,#2787,.T.);
#2789=ORIENTED_EDGE('',*,*,#2788,.T.);
#2790=CARTESIAN_POINT('',(196.833227308,-178.407383551,24.94));
#2791=VERTEX_POINT('',#2790);
#2792=CARTESIAN_POINT('',(200.525818618,-175.976724621,24.94));
#2793=DIRECTION('',(-0.835279692,-0.549825278,0.));
#2794=VECTOR('',#2793,4.420784254);
#2795=LINE('',#2792,#2794);
#2796=EDGE_CURVE('',#2783,#2791,#2795,.T.);
#2797=ORIENTED_EDGE('',*,*,#2796,.T.);
#2798=CARTESIAN_POINT('',(193.084109328,-180.558215921,24.94));
#2799=VERTEX_POINT('',#2798);
#2800=CARTESIAN_POINT('',(196.833227308,-178.407383551,24.94));
#2801=DIRECTION('',(-0.867396817,-0.497617083,0.));
#2802=VECTOR('',#2801,4.322263934);
#2803=LINE('',#2800,#2802);
#2804=EDGE_CURVE('',#2791,#2799,#2803,.T.);
#2805=ORIENTED_EDGE('',*,*,#2804,.T.);
#2806=CARTESIAN_POINT('',(189.297914248,-182.415579661,24.94));
#2807=VERTEX_POINT('',#2806);
#2808=CARTESIAN_POINT('',(193.084109328,-180.558215921,24.94));
#2809=DIRECTION('',(-0.897790815,-0.440422131,0.));
#2810=VECTOR('',#2809,4.217235261);
#2811=LINE('',#2808,#2810);
#2812=EDGE_CURVE('',#2799,#2807,#2811,.T.);
#2813=ORIENTED_EDGE('',*,*,#2812,.T.);
#2814=CARTESIAN_POINT('',(185.494092648,-183.965830681,24.94));
#2815=VERTEX_POINT('',#2814);
#2816=CARTESIAN_POINT('',(189.297914248,-182.415579661,24.94));
#2817=DIRECTION('',(-0.926045914,-0.377410871,0.));
#2818=VECTOR('',#2817,4.107595037);
#2819=LINE('',#2816,#2818);
#2820=EDGE_CURVE('',#2807,#2815,#2819,.T.);
#2821=ORIENTED_EDGE('',*,*,#2820,.T.);
#2822=CARTESIAN_POINT('',(181.692096118,-185.195329941,24.94));
#2823=VERTEX_POINT('',#2822);
#2824=CARTESIAN_POINT('',(185.494092648,-183.965830681,24.94));
#2825=DIRECTION('',(-0.951485441,-0.30769377,0.));
#2826=VECTOR('',#2825,3.995853606);
#2827=LINE('',#2824,#2826);
#2828=EDGE_CURVE('',#2815,#2823,#2827,.T.);
#2829=ORIENTED_EDGE('',*,*,#2828,.T.);
#2830=CARTESIAN_POINT('',(179.797860308,-185.685533441,24.94));
#2831=VERTEX_POINT('',#2830);
#2832=CARTESIAN_POINT('',(181.692096118,-185.195329941,24.94));
#2833=DIRECTION('',(-0.968107883,-0.250533682,0.));
#2834=VECTOR('',#2833,1.956637109);
#2835=LINE('',#2832,#2834);
#2836=EDGE_CURVE('',#2823,#2831,#2835,.T.);
#2837=ORIENTED_EDGE('',*,*,#2836,.T.);
#2838=CARTESIAN_POINT('',(179.797860308,-185.685533441,24.94));
#2839=DIRECTION('',(-0.977733033,-0.209852604,0.));
#2840=VECTOR('',#2839,0.629646631);
#2841=LINE('',#2838,#2840);
#2842=EDGE_CURVE('',#2831,#2239,#2841,.T.);
#2843=ORIENTED_EDGE('',*,*,#2842,.T.);
#2844=EDGE_LOOP('',(#2245,#2253,#2261,#2269,#2277,#2285,#2293,#2301,#2309,#2317,#2325,#2333,#2341,#2349,#2357,#2365,#2373,#2381,#2389,#2397,#2405,#2413,#2421,#2429,#2437,#2445,
#2453,#2461,#2469,#2477,#2485,#2493,#2501,#2509,#2517,#2525,#2533,#2541,#2549,#2557,#2565,#2573,#2581,#2589,#2597,#2605,#2613,#2621,#2629,#2637,#2645,
#2653,#2661,#2669,#2677,#2685,#2693,#2701,#2709,#2717,#2725,#2733,#2741,#2749,#2757,#2765,#2773,#2781,#2789,#2797,#2805,#2813,#2821,#2829,#2837,#2843));
#2845=FACE_BOUND('',#2844,.T.);
#2846=ADVANCED_FACE('',(#2845),#2235,.T.);
#2847=CARTESIAN_POINT('',(178.854617268,-185.887983396,12.06));
#2848=DIRECTION('',(0.209852604,-0.977733033,0.));
#2849=DIRECTION('',(0.977733033,0.209852604,0.));
#2850=AXIS2_PLACEMENT_3D('',#2847,#2848,#2849);
#2851=PLANE('',#2850);
#2852=CARTESIAN_POINT('',(179.182233998,-185.817666426,-0.06));
#2853=VERTEX_POINT('',#2852);
#2854=CARTESIAN_POINT('',(179.182233998,-185.817666426,24.94));
#2855=DIRECTION('',(0.,0.,-1.));
#2856=VECTOR('',#2855,25.);
#2857=LINE('',#2854,#2856);
#2858=EDGE_CURVE('',#2239,#2853,#2857,.T.);
#2859=ORIENTED_EDGE('',*,*,#2858,.F.);
#2860=ORIENTED_EDGE('',*,*,#2842,.F.);
#2861=CARTESIAN_POINT('',(179.797860308,-185.685533441,-0.06));
#2862=VERTEX_POINT('',#2861);
#2863=CARTESIAN_POINT('',(179.797860308,-185.685533441,24.94));
#2864=DIRECTION('',(0.,0.,-1.));
#2865=VECTOR('',#2864,25.);
#2866=LINE('',#2863,#2865);
#2867=EDGE_CURVE('',#2831,#2862,#2866,.T.);
#2868=ORIENTED_EDGE('',*,*,#2867,.T.);
#2869=CARTESIAN_POINT('',(179.797860308,-185.685533441,-0.06));
#2870=DIRECTION('',(-0.977733033,-0.209852604,0.));
#2871=VECTOR('',#2870,0.629646631);
#2872=LINE('',#2869,#2871);
#2873=EDGE_CURVE('',#2862,#2853,#2872,.T.);
#2874=ORIENTED_EDGE('',*,*,#2873,.T.);
#2875=EDGE_LOOP('',(#2859,#2860,#2868,#2874));
#2876=FACE_BOUND('',#2875,.T.);
#2877=ADVANCED_FACE('',(#2876),#2851,.F.);
#2878=CARTESIAN_POINT('',(209.966993093,-57.272881041,12.06));
#2879=DIRECTION('',(0.973484244,-0.228754076,0.));
#2880=DIRECTION('',(0.228754076,0.973484244,0.));
#2881=AXIS2_PLACEMENT_3D('',#2878,#2879,#2880);
#2882=PLANE('',#2881);
#2883=CARTESIAN_POINT('',(210.302538828,-55.844934961,-0.06));
#2884=VERTEX_POINT('',#2883);
#2885=CARTESIAN_POINT('',(209.631447358,-58.700827121,-0.06));
#2886=VERTEX_POINT('',#2885);
#2887=CARTESIAN_POINT('',(210.302538828,-55.844934961,-0.06));
#2888=DIRECTION('',(-0.228754076,-0.973484244,0.));
#2889=VECTOR('',#2888,2.933680929);
#2890=LINE('',#2887,#2889);
#2891=EDGE_CURVE('',#2884,#2886,#2890,.T.);
#2892=ORIENTED_EDGE('',*,*,#2891,.T.);
#2893=CARTESIAN_POINT('',(209.631447358,-58.700827121,24.94));
#2894=DIRECTION('',(0.,0.,-1.));
#2895=VECTOR('',#2894,25.);
#2896=LINE('',#2893,#2895);
#2897=EDGE_CURVE('',#503,#2886,#2896,.T.);
#2898=ORIENTED_EDGE('',*,*,#2897,.F.);
#2899=ORIENTED_EDGE('',*,*,#508,.F.);
#2900=CARTESIAN_POINT('',(210.302538828,-55.844934961,24.94));
#2901=DIRECTION('',(0.,0.,-1.));
#2902=VECTOR('',#2901,25.);
#2903=LINE('',#2900,#2902);
#2904=EDGE_CURVE('',#495,#2884,#2903,.T.);
#2905=ORIENTED_EDGE('',*,*,#2904,.T.);
#2906=EDGE_LOOP('',(#2892,#2898,#2899,#2905));
#2907=FACE_BOUND('',#2906,.T.);
#2908=ADVANCED_FACE('',(#2907),#2882,.F.);
#2909=CARTESIAN_POINT('',(209.196262093,-60.138825731,12.06));
#2910=DIRECTION('',(0.957129988,-0.289658741,0.));
#2911=DIRECTION('',(0.289658741,0.957129988,0.));
#2912=AXIS2_PLACEMENT_3D('',#2909,#2910,#2911);
#2913=PLANE('',#2912);
#2914=CARTESIAN_POINT('',(208.761076828,-61.576824341,-0.06));
#2915=VERTEX_POINT('',#2914);
#2916=CARTESIAN_POINT('',(209.631447358,-58.700827121,-0.06));
#2917=DIRECTION('',(-0.289658741,-0.957129988,0.));
#2918=VECTOR('',#2917,3.004813616);
#2919=LINE('',#2916,#2918);
#2920=EDGE_CURVE('',#2886,#2915,#2919,.T.);
#2921=ORIENTED_EDGE('',*,*,#2920,.T.);
#2922=CARTESIAN_POINT('',(208.761076828,-61.576824341,24.94));
#2923=DIRECTION('',(0.,0.,-1.));
#2924=VECTOR('',#2923,25.);
#2925=LINE('',#2922,#2924);
#2926=EDGE_CURVE('',#511,#2915,#2925,.T.);
#2927=ORIENTED_EDGE('',*,*,#2926,.F.);
#2928=ORIENTED_EDGE('',*,*,#516,.F.);
#2929=ORIENTED_EDGE('',*,*,#2897,.T.);
#2930=EDGE_LOOP('',(#2921,#2927,#2928,#2929));
#2931=FACE_BOUND('',#2930,.T.);
#2932=ADVANCED_FACE('',(#2931),#2913,.F.);
#2933=CARTESIAN_POINT('',(208.761791908,-61.576949581,12.06));
#2934=DIRECTION('',(0.172515321,0.985006834,0.));
#2935=DIRECTION('',(-0.985006834,0.172515321,0.));
#2936=AXIS2_PLACEMENT_3D('',#2933,#2934,#2935);
#2937=PLANE('',#2936);
#2938=CARTESIAN_POINT('',(208.762506988,-61.577074821,-0.06));
#2939=VERTEX_POINT('',#2938);
#2940=CARTESIAN_POINT('',(208.761076828,-61.576824341,-0.06));
#2941=DIRECTION('',(0.985006834,-0.172515321,0.));
#2942=VECTOR('',#2941,0.001451929);
#2943=LINE('',#2940,#2942);
#2944=EDGE_CURVE('',#2915,#2939,#2943,.T.);
#2945=ORIENTED_EDGE('',*,*,#2944,.T.);
#2946=CARTESIAN_POINT('',(208.762506988,-61.577074821,24.94));
#2947=DIRECTION('',(0.,0.,-1.));
#2948=VECTOR('',#2947,25.);
#2949=LINE('',#2946,#2948);
#2950=EDGE_CURVE('',#519,#2939,#2949,.T.);
#2951=ORIENTED_EDGE('',*,*,#2950,.F.);
#2952=ORIENTED_EDGE('',*,*,#524,.F.);
#2953=ORIENTED_EDGE('',*,*,#2926,.T.);
#2954=EDGE_LOOP('',(#2945,#2951,#2952,#2953));
#2955=FACE_BOUND('',#2954,.T.);
#2956=ADVANCED_FACE('',(#2955),#2937,.F.);
#2957=CARTESIAN_POINT('',(208.756598488,-61.594109481,12.06));
#2958=DIRECTION('',(0.944782098,-0.327699234,0.));
#2959=DIRECTION('',(0.327699234,0.944782098,0.));
#2960=AXIS2_PLACEMENT_3D('',#2957,#2958,#2959);
#2961=PLANE('',#2960);
#2962=CARTESIAN_POINT('',(208.750689988,-61.611144141,-0.06));
#2963=VERTEX_POINT('',#2962);
#2964=CARTESIAN_POINT('',(208.762506988,-61.577074821,-0.06));
#2965=DIRECTION('',(-0.327699234,-0.944782098,0.));
#2966=VECTOR('',#2965,0.036060505);
#2967=LINE('',#2964,#2966);
#2968=EDGE_CURVE('',#2939,#2963,#2967,.T.);
#2969=ORIENTED_EDGE('',*,*,#2968,.T.);
#2970=CARTESIAN_POINT('',(208.750689988,-61.611144141,24.94));
#2971=DIRECTION('',(0.,0.,-1.));
#2972=VECTOR('',#2971,25.);
#2973=LINE('',#2970,#2972);
#2974=EDGE_CURVE('',#527,#2963,#2973,.T.);
#2975=ORIENTED_EDGE('',*,*,#2974,.F.);
#2976=ORIENTED_EDGE('',*,*,#532,.F.);
#2977=ORIENTED_EDGE('',*,*,#2950,.T.);
#2978=EDGE_LOOP('',(#2969,#2975,#2976,#2977));
#2979=FACE_BOUND('',#2978,.T.);
#2980=ADVANCED_FACE('',(#2979),#2961,.F.);
#2981=CARTESIAN_POINT('',(208.747051968,-61.623166676,12.06));
#2982=DIRECTION('',(0.957138619,-0.289630219,0.));
#2983=DIRECTION('',(0.289630219,0.957138619,0.));
#2984=AXIS2_PLACEMENT_3D('',#2981,#2982,#2983);
#2985=PLANE('',#2984);
#2986=CARTESIAN_POINT('',(208.743413948,-61.635189211,-0.06));
#2987=VERTEX_POINT('',#2986);
#2988=CARTESIAN_POINT('',(208.750689988,-61.611144141,-0.06));
#2989=DIRECTION('',(-0.289630219,-0.957138619,0.));
#2990=VECTOR('',#2989,0.025121826);
#2991=LINE('',#2988,#2990);
#2992=EDGE_CURVE('',#2963,#2987,#2991,.T.);
#2993=ORIENTED_EDGE('',*,*,#2992,.T.);
#2994=CARTESIAN_POINT('',(208.743413948,-61.635189211,24.94));
#2995=DIRECTION('',(0.,0.,-1.));
#2996=VECTOR('',#2995,25.);
#2997=LINE('',#2994,#2996);
#2998=EDGE_CURVE('',#535,#2987,#2997,.T.);
#2999=ORIENTED_EDGE('',*,*,#2998,.F.);
#3000=ORIENTED_EDGE('',*,*,#540,.F.);
#3001=ORIENTED_EDGE('',*,*,#2974,.T.);
#3002=EDGE_LOOP('',(#2993,#2999,#3000,#3001));
#3003=FACE_BOUND('',#3002,.T.);
#3004=ADVANCED_FACE('',(#3003),#2985,.F.);
#3005=CARTESIAN_POINT('',(208.732825108,-61.664187321,12.06));
#3006=DIRECTION('',(0.939334064,-0.343003668,0.));
#3007=DIRECTION('',(0.343003668,0.939334064,0.));
#3008=AXIS2_PLACEMENT_3D('',#3005,#3006,#3007);
#3009=PLANE('',#3008);
#3010=CARTESIAN_POINT('',(208.722236268,-61.693185431,-0.06));
#3011=VERTEX_POINT('',#3010);
#3012=CARTESIAN_POINT('',(208.743413948,-61.635189211,-0.06));
#3013=DIRECTION('',(-0.343003668,-0.939334064,0.));
#3014=VECTOR('',#3013,0.061741847);
#3015=LINE('',#3012,#3014);
#3016=EDGE_CURVE('',#2987,#3011,#3015,.T.);
#3017=ORIENTED_EDGE('',*,*,#3016,.T.);
#3018=CARTESIAN_POINT('',(208.722236268,-61.693185431,24.94));
#3019=DIRECTION('',(0.,0.,-1.));
#3020=VECTOR('',#3019,25.);
#3021=LINE('',#3018,#3020);
#3022=EDGE_CURVE('',#543,#3011,#3021,.T.);
#3023=ORIENTED_EDGE('',*,*,#3022,.F.);
#3024=ORIENTED_EDGE('',*,*,#548,.F.);
#3025=ORIENTED_EDGE('',*,*,#2998,.T.);
#3026=EDGE_LOOP('',(#3017,#3023,#3024,#3025));
#3027=FACE_BOUND('',#3026,.T.);
#3028=ADVANCED_FACE('',(#3027),#3009,.F.);
#3029=CARTESIAN_POINT('',(208.516499268,-62.286382166,12.06));
#3030=DIRECTION('',(0.944789134,-0.327678948,0.));
#3031=DIRECTION('',(0.327678948,0.944789134,0.));
#3032=AXIS2_PLACEMENT_3D('',#3029,#3030,#3031);
#3033=PLANE('',#3032);
#3034=CARTESIAN_POINT('',(208.310762268,-62.879578901,-0.06));
#3035=VERTEX_POINT('',#3034);
#3036=CARTESIAN_POINT('',(208.722236268,-61.693185431,-0.06));
#3037=DIRECTION('',(-0.327678948,-0.944789134,0.));
#3038=VECTOR('',#3037,1.255723026);
#3039=LINE('',#3036,#3038);
#3040=EDGE_CURVE('',#3011,#3035,#3039,.T.);
#3041=ORIENTED_EDGE('',*,*,#3040,.T.);
#3042=CARTESIAN_POINT('',(208.310762268,-62.879578901,24.94));
#3043=DIRECTION('',(0.,0.,-1.));
#3044=VECTOR('',#3043,25.);
#3045=LINE('',#3042,#3044);
#3046=EDGE_CURVE('',#551,#3035,#3045,.T.);
#3047=ORIENTED_EDGE('',*,*,#3046,.F.);
#3048=ORIENTED_EDGE('',*,*,#556,.F.);
#3049=ORIENTED_EDGE('',*,*,#3022,.T.);
#3050=EDGE_LOOP('',(#3041,#3047,#3048,#3049));
#3051=FACE_BOUND('',#3050,.T.);
#3052=ADVANCED_FACE('',(#3051),#3033,.F.);
#3053=CARTESIAN_POINT('',(208.066492253,-63.533410986,12.06));
#3054=DIRECTION('',(0.936760414,-0.349971324,0.));
#3055=DIRECTION('',(0.349971324,0.936760414,0.));
#3056=AXIS2_PLACEMENT_3D('',#3053,#3054,#3055);
#3057=PLANE('',#3056);
#3058=CARTESIAN_POINT('',(207.822222238,-64.187243071,-0.06));
#3059=VERTEX_POINT('',#3058);
#3060=CARTESIAN_POINT('',(208.310762268,-62.879578901,-0.06));
#3061=DIRECTION('',(-0.349971324,-0.936760414,0.));
#3062=VECTOR('',#3061,1.39594303);
#3063=LINE('',#3060,#3062);
#3064=EDGE_CURVE('',#3035,#3059,#3063,.T.);
#3065=ORIENTED_EDGE('',*,*,#3064,.T.);
#3066=CARTESIAN_POINT('',(207.822222238,-64.187243071,24.94));
#3067=DIRECTION('',(0.,0.,-1.));
#3068=VECTOR('',#3067,25.);
#3069=LINE('',#3066,#3068);
#3070=EDGE_CURVE('',#559,#3059,#3069,.T.);
#3071=ORIENTED_EDGE('',*,*,#3070,.F.);
#3072=ORIENTED_EDGE('',*,*,#564,.F.);
#3073=ORIENTED_EDGE('',*,*,#3046,.T.);
#3074=EDGE_LOOP('',(#3065,#3071,#3072,#3073));
#3075=FACE_BOUND('',#3074,.T.);
#3076=ADVANCED_FACE('',(#3075),#3057,.F.);
#3077=CARTESIAN_POINT('',(207.760745053,-64.340962546,12.06));
#3078=DIRECTION('',(0.928498778,-0.371335455,0.));
#3079=DIRECTION('',(0.371335455,0.928498778,0.));
#3080=AXIS2_PLACEMENT_3D('',#3077,#3078,#3079);
#3081=PLANE('',#3080);
#3082=CARTESIAN_POINT('',(207.699267868,-64.494682021,-0.06));
#3083=VERTEX_POINT('',#3082);
#3084=CARTESIAN_POINT('',(207.822222238,-64.187243071,-0.06));
#3085=DIRECTION('',(-0.371335455,-0.928498778,0.));
#3086=VECTOR('',#3085,0.331114006);
#3087=LINE('',#3084,#3086);
#3088=EDGE_CURVE('',#3059,#3083,#3087,.T.);
#3089=ORIENTED_EDGE('',*,*,#3088,.T.);
#3090=CARTESIAN_POINT('',(207.699267868,-64.494682021,24.94));
#3091=DIRECTION('',(0.,0.,-1.));
#3092=VECTOR('',#3091,25.);
#3093=LINE('',#3090,#3092);
#3094=EDGE_CURVE('',#567,#3083,#3093,.T.);
#3095=ORIENTED_EDGE('',*,*,#3094,.F.);
#3096=ORIENTED_EDGE('',*,*,#572,.F.);
#3097=ORIENTED_EDGE('',*,*,#3070,.T.);
#3098=EDGE_LOOP('',(#3089,#3095,#3096,#3097));
#3099=FACE_BOUND('',#3098,.T.);
#3100=ADVANCED_FACE('',(#3099),#3081,.F.);
#3101=CARTESIAN_POINT('',(207.677921013,-64.553143851,12.06));
#3102=DIRECTION('',(0.93933844,-0.342991683,0.));
#3103=DIRECTION('',(0.342991683,0.93933844,0.));
#3104=AXIS2_PLACEMENT_3D('',#3101,#3102,#3103);
#3105=PLANE('',#3104);
#3106=CARTESIAN_POINT('',(207.656574158,-64.611605681,-0.06));
#3107=VERTEX_POINT('',#3106);
#3108=CARTESIAN_POINT('',(207.699267868,-64.494682021,-0.06));
#3109=DIRECTION('',(-0.342991683,-0.93933844,0.));
#3110=VECTOR('',#3109,0.124474476);
#3111=LINE('',#3108,#3110);
#3112=EDGE_CURVE('',#3083,#3107,#3111,.T.);
#3113=ORIENTED_EDGE('',*,*,#3112,.T.);
#3114=CARTESIAN_POINT('',(207.656574158,-64.611605681,24.94));
#3115=DIRECTION('',(0.,0.,-1.));
#3116=VECTOR('',#3115,25.);
#3117=LINE('',#3114,#3116);
#3118=EDGE_CURVE('',#575,#3107,#3117,.T.);
#3119=ORIENTED_EDGE('',*,*,#3118,.F.);
#3120=ORIENTED_EDGE('',*,*,#580,.F.);
#3121=ORIENTED_EDGE('',*,*,#3094,.T.);
#3122=EDGE_LOOP('',(#3113,#3119,#3120,#3121));
#3123=FACE_BOUND('',#3122,.T.);
#3124=ADVANCED_FACE('',(#3123),#3105,.F.);
#3125=CARTESIAN_POINT('',(207.622170023,-64.692547586,12.06));
#3126=DIRECTION('',(0.920315261,-0.391177481,0.));
#3127=DIRECTION('',(0.391177481,0.920315261,0.));
#3128=AXIS2_PLACEMENT_3D('',#3125,#3126,#3127);
#3129=PLANE('',#3128);
#3130=CARTESIAN_POINT('',(207.587765888,-64.773489491,-0.06));
#3131=VERTEX_POINT('',#3130);
#3132=CARTESIAN_POINT('',(207.656574158,-64.611605681,-0.06));
#3133=DIRECTION('',(-0.391177481,-0.920315261,0.));
#3134=VECTOR('',#3133,0.175900386);
#3135=LINE('',#3132,#3134);
#3136=EDGE_CURVE('',#3107,#3131,#3135,.T.);
#3137=ORIENTED_EDGE('',*,*,#3136,.T.);
#3138=CARTESIAN_POINT('',(207.587765888,-64.773489491,24.94));
#3139=DIRECTION('',(0.,0.,-1.));
#3140=VECTOR('',#3139,25.);
#3141=LINE('',#3138,#3140);
#3142=EDGE_CURVE('',#583,#3131,#3141,.T.);
#3143=ORIENTED_EDGE('',*,*,#3142,.F.);
#3144=ORIENTED_EDGE('',*,*,#588,.F.);
#3145=ORIENTED_EDGE('',*,*,#3118,.T.);
#3146=EDGE_LOOP('',(#3137,#3143,#3144,#3145));
#3147=FACE_BOUND('',#3146,.T.);
#3148=ADVANCED_FACE('',(#3147),#3129,.F.);
#3149=CARTESIAN_POINT('',(207.443091468,-65.135241191,12.06));
#3150=DIRECTION('',(0.928499931,-0.371332571,0.));
#3151=DIRECTION('',(0.371332571,0.928499931,0.));
#3152=AXIS2_PLACEMENT_3D('',#3149,#3150,#3151);
#3153=PLANE('',#3152);
#3154=CARTESIAN_POINT('',(207.298417048,-65.496992891,-0.06));
#3155=VERTEX_POINT('',#3154);
#3156=CARTESIAN_POINT('',(207.587765888,-64.773489491,-0.06));
#3157=DIRECTION('',(-0.371332571,-0.928499931,0.));
#3158=VECTOR('',#3157,0.779217506);
#3159=LINE('',#3156,#3158);
#3160=EDGE_CURVE('',#3131,#3155,#3159,.T.);
#3161=ORIENTED_EDGE('',*,*,#3160,.T.);
#3162=CARTESIAN_POINT('',(207.298417048,-65.496992891,24.94));
#3163=DIRECTION('',(0.,0.,-1.));
#3164=VECTOR('',#3163,25.);
#3165=LINE('',#3162,#3164);
#3166=EDGE_CURVE('',#591,#3155,#3165,.T.);
#3167=ORIENTED_EDGE('',*,*,#3166,.F.);
#3168=ORIENTED_EDGE('',*,*,#596,.F.);
#3169=ORIENTED_EDGE('',*,*,#3142,.T.);
#3170=EDGE_LOOP('',(#3161,#3167,#3168,#3169));
#3171=FACE_BOUND('',#3170,.T.);
#3172=ADVANCED_FACE('',(#3171),#3153,.F.);
#3173=CARTESIAN_POINT('',(207.019646443,-66.151372396,12.06));
#3174=DIRECTION('',(0.919996906,-0.391925621,0.));
#3175=DIRECTION('',(0.391925621,0.919996906,0.));
#3176=AXIS2_PLACEMENT_3D('',#3173,#3174,#3175);
#3177=PLANE('',#3176);
#3178=CARTESIAN_POINT('',(206.740875838,-66.805751901,-0.06));
#3179=VERTEX_POINT('',#3178);
#3180=CARTESIAN_POINT('',(207.298417048,-65.496992891,-0.06));
#3181=DIRECTION('',(-0.391925621,-0.919996906,0.));
#3182=VECTOR('',#3181,1.422568925);
#3183=LINE('',#3180,#3182);
#3184=EDGE_CURVE('',#3155,#3179,#3183,.T.);
#3185=ORIENTED_EDGE('',*,*,#3184,.T.);
#3186=CARTESIAN_POINT('',(206.740875838,-66.805751901,24.94));
#3187=DIRECTION('',(0.,0.,-1.));
#3188=VECTOR('',#3187,25.);
#3189=LINE('',#3186,#3188);
#3190=EDGE_CURVE('',#599,#3179,#3189,.T.);
#3191=ORIENTED_EDGE('',*,*,#3190,.F.);
#3192=ORIENTED_EDGE('',*,*,#604,.F.);
#3193=ORIENTED_EDGE('',*,*,#3166,.T.);
#3194=EDGE_LOOP('',(#3185,#3191,#3192,#3193));
#3195=FACE_BOUND('',#3194,.T.);
#3196=ADVANCED_FACE('',(#3195),#3177,.F.);
#3197=CARTESIAN_POINT('',(206.599140013,-67.119312966,12.06));
#3198=DIRECTION('',(0.91123145,-0.411894702,0.));
#3199=DIRECTION('',(0.411894702,0.91123145,0.));
#3200=AXIS2_PLACEMENT_3D('',#3197,#3198,#3199);
#3201=PLANE('',#3200);
#3202=CARTESIAN_POINT('',(206.457404188,-67.432874031,-0.06));
#3203=VERTEX_POINT('',#3202);
#3204=CARTESIAN_POINT('',(206.740875838,-66.805751901,-0.06));
#3205=DIRECTION('',(-0.411894702,-0.91123145,0.));
#3206=VECTOR('',#3205,0.688213878);
#3207=LINE('',#3204,#3206);
#3208=EDGE_CURVE('',#3179,#3203,#3207,.T.);
#3209=ORIENTED_EDGE('',*,*,#3208,.T.);
#3210=CARTESIAN_POINT('',(206.457404188,-67.432874031,24.94));
#3211=DIRECTION('',(0.,0.,-1.));
#3212=VECTOR('',#3211,25.);
#3213=LINE('',#3210,#3212);
#3214=EDGE_CURVE('',#607,#3203,#3213,.T.);
#3215=ORIENTED_EDGE('',*,*,#3214,.F.);
#3216=ORIENTED_EDGE('',*,*,#612,.F.);
#3217=ORIENTED_EDGE('',*,*,#3190,.T.);
#3218=EDGE_LOOP('',(#3209,#3215,#3216,#3217));
#3219=FACE_BOUND('',#3218,.T.);
#3220=ADVANCED_FACE('',(#3219),#3201,.F.);
#3221=CARTESIAN_POINT('',(206.423232858,-67.513269526,12.06));
#3222=DIRECTION('',(0.920317547,-0.3911721,0.));
#3223=DIRECTION('',(0.3911721,0.920317547,0.));
#3224=AXIS2_PLACEMENT_3D('',#3221,#3222,#3223);
#3225=PLANE('',#3224);
#3226=CARTESIAN_POINT('',(206.389061528,-67.593665021,-0.06));
#3227=VERTEX_POINT('',#3226);
#3228=CARTESIAN_POINT('',(206.457404188,-67.432874031,-0.06));
#3229=DIRECTION('',(-0.3911721,-0.920317547,0.));
#3230=VECTOR('',#3229,0.174712511);
#3231=LINE('',#3228,#3230);
#3232=EDGE_CURVE('',#3203,#3227,#3231,.T.);
#3233=ORIENTED_EDGE('',*,*,#3232,.T.);
#3234=CARTESIAN_POINT('',(206.389061528,-67.593665021,24.94));
#3235=DIRECTION('',(0.,0.,-1.));
#3236=VECTOR('',#3235,25.);
#3237=LINE('',#3234,#3236);
#3238=EDGE_CURVE('',#615,#3227,#3237,.T.);
#3239=ORIENTED_EDGE('',*,*,#3238,.F.);
#3240=ORIENTED_EDGE('',*,*,#620,.F.);
#3241=ORIENTED_EDGE('',*,*,#3214,.T.);
#3242=EDGE_LOOP('',(#3233,#3239,#3240,#3241));
#3243=FACE_BOUND('',#3242,.T.);
#3244=ADVANCED_FACE('',(#3243),#3225,.F.);
#3245=CARTESIAN_POINT('',(206.356764758,-67.660316941,12.06));
#3246=DIRECTION('',(0.899916444,-0.436062373,0.));
#3247=DIRECTION('',(0.436062373,0.899916444,0.));
#3248=AXIS2_PLACEMENT_3D('',#3245,#3246,#3247);
#3249=PLANE('',#3248);
#3250=CARTESIAN_POINT('',(206.324467988,-67.726968861,-0.06));
#3251=VERTEX_POINT('',#3250);
#3252=CARTESIAN_POINT('',(206.389061528,-67.593665021,-0.06));
#3253=DIRECTION('',(-0.436062373,-0.899916444,0.));
#3254=VECTOR('',#3253,0.14812913);
#3255=LINE('',#3252,#3254);
#3256=EDGE_CURVE('',#3227,#3251,#3255,.T.);
#3257=ORIENTED_EDGE('',*,*,#3256,.T.);
#3258=CARTESIAN_POINT('',(206.324467988,-67.726968861,24.94));
#3259=DIRECTION('',(0.,0.,-1.));
#3260=VECTOR('',#3259,25.);
#3261=LINE('',#3258,#3260);
#3262=EDGE_CURVE('',#623,#3251,#3261,.T.);
#3263=ORIENTED_EDGE('',*,*,#3262,.F.);
#3264=ORIENTED_EDGE('',*,*,#628,.F.);
#3265=ORIENTED_EDGE('',*,*,#3238,.T.);
#3266=EDGE_LOOP('',(#3257,#3263,#3264,#3265));
#3267=FACE_BOUND('',#3266,.T.);
#3268=ADVANCED_FACE('',(#3267),#3249,.F.);
#3269=CARTESIAN_POINT('',(206.237799383,-67.918706756,12.06));
#3270=DIRECTION('',(0.91123275,-0.411891824,0.));
#3271=DIRECTION('',(0.411891824,0.91123275,0.));
#3272=AXIS2_PLACEMENT_3D('',#3269,#3270,#3271);
#3273=PLANE('',#3272);
#3274=CARTESIAN_POINT('',(206.151130778,-68.110444651,-0.06));
#3275=VERTEX_POINT('',#3274);
#3276=CARTESIAN_POINT('',(206.324467988,-67.726968861,-0.06));
#3277=DIRECTION('',(-0.411891824,-0.91123275,0.));
#3278=VECTOR('',#3277,0.420831878);
#3279=LINE('',#3276,#3278);
#3280=EDGE_CURVE('',#3251,#3275,#3279,.T.);
#3281=ORIENTED_EDGE('',*,*,#3280,.T.);
#3282=CARTESIAN_POINT('',(206.151130778,-68.110444651,24.94));
#3283=DIRECTION('',(0.,0.,-1.));
#3284=VECTOR('',#3283,25.);
#3285=LINE('',#3282,#3284);
#3286=EDGE_CURVE('',#631,#3275,#3285,.T.);
#3287=ORIENTED_EDGE('',*,*,#3286,.F.);
#3288=ORIENTED_EDGE('',*,*,#636,.F.);
#3289=ORIENTED_EDGE('',*,*,#3262,.T.);
#3290=EDGE_LOOP('',(#3281,#3287,#3288,#3289));
#3291=FACE_BOUND('',#3290,.T.);
#3292=ADVANCED_FACE('',(#3291),#3273,.F.);
#3293=CARTESIAN_POINT('',(205.840921398,-68.759220676,12.06));
#3294=DIRECTION('',(0.902174707,-0.431370836,0.));
#3295=DIRECTION('',(0.431370836,0.902174707,0.));
#3296=AXIS2_PLACEMENT_3D('',#3293,#3294,#3295);
#3297=PLANE('',#3296);
#3298=CARTESIAN_POINT('',(205.530712018,-69.407996701,-0.06));
#3299=VERTEX_POINT('',#3298);
#3300=CARTESIAN_POINT('',(206.151130778,-68.110444651,-0.06));
#3301=DIRECTION('',(-0.431370836,-0.902174707,0.));
#3302=VECTOR('',#3301,1.4382492);
#3303=LINE('',#3300,#3302);
#3304=EDGE_CURVE('',#3275,#3299,#3303,.T.);
#3305=ORIENTED_EDGE('',*,*,#3304,.T.);
#3306=CARTESIAN_POINT('',(205.530712018,-69.407996701,24.94));
#3307=DIRECTION('',(0.,0.,-1.));
#3308=VECTOR('',#3307,25.);
#3309=LINE('',#3306,#3308);
#3310=EDGE_CURVE('',#639,#3299,#3309,.T.);
#3311=ORIENTED_EDGE('',*,*,#3310,.F.);
#3312=ORIENTED_EDGE('',*,*,#644,.F.);
#3313=ORIENTED_EDGE('',*,*,#3286,.T.);
#3314=EDGE_LOOP('',(#3305,#3311,#3312,#3313));
#3315=FACE_BOUND('',#3314,.T.);
#3316=ADVANCED_FACE('',(#3315),#3297,.F.);
#3317=CARTESIAN_POINT('',(205.268848813,-69.926968031,12.06));
#3318=DIRECTION('',(0.892785175,-0.450482664,0.));
#3319=DIRECTION('',(0.450482664,0.892785175,0.));
#3320=AXIS2_PLACEMENT_3D('',#3317,#3318,#3319);
#3321=PLANE('',#3320);
#3322=CARTESIAN_POINT('',(205.006985608,-70.445939361,-0.06));
#3323=VERTEX_POINT('',#3322);
#3324=CARTESIAN_POINT('',(205.530712018,-69.407996701,-0.06));
#3325=DIRECTION('',(-0.450482664,-0.892785175,0.));
#3326=VECTOR('',#3325,1.162589488);
#3327=LINE('',#3324,#3326);
#3328=EDGE_CURVE('',#3299,#3323,#3327,.T.);
#3329=ORIENTED_EDGE('',*,*,#3328,.T.);
#3330=CARTESIAN_POINT('',(205.006985608,-70.445939361,24.94));
#3331=DIRECTION('',(0.,0.,-1.));
#3332=VECTOR('',#3331,25.);
#3333=LINE('',#3330,#3332);
#3334=EDGE_CURVE('',#647,#3323,#3333,.T.);
#3335=ORIENTED_EDGE('',*,*,#3334,.F.);
#3336=ORIENTED_EDGE('',*,*,#652,.F.);
#3337=ORIENTED_EDGE('',*,*,#3310,.T.);
#3338=EDGE_LOOP('',(#3329,#3335,#3336,#3337));
#3339=FACE_BOUND('',#3338,.T.);
#3340=ADVANCED_FACE('',(#3339),#3321,.F.);
#3341=CARTESIAN_POINT('',(204.982997098,-70.495446531,12.06));
#3342=DIRECTION('',(0.899920878,-0.436053222,0.));
#3343=DIRECTION('',(0.436053222,0.899920878,0.));
#3344=AXIS2_PLACEMENT_3D('',#3341,#3342,#3343);
#3345=PLANE('',#3344);
#3346=CARTESIAN_POINT('',(204.959008588,-70.544953701,-0.06));
#3347=VERTEX_POINT('',#3346);
#3348=CARTESIAN_POINT('',(205.006985608,-70.445939361,-0.06));
#3349=DIRECTION('',(-0.436053222,-0.899920878,0.));
#3350=VECTOR('',#3349,0.110025606);
#3351=LINE('',#3348,#3350);
#3352=EDGE_CURVE('',#3323,#3347,#3351,.T.);
#3353=ORIENTED_EDGE('',*,*,#3352,.T.);
#3354=CARTESIAN_POINT('',(204.959008588,-70.544953701,24.94));
#3355=DIRECTION('',(0.,0.,-1.));
#3356=VECTOR('',#3355,25.);
#3357=LINE('',#3354,#3356);
#3358=EDGE_CURVE('',#655,#3347,#3357,.T.);
#3359=ORIENTED_EDGE('',*,*,#3358,.F.);
#3360=ORIENTED_EDGE('',*,*,#660,.F.);
#3361=ORIENTED_EDGE('',*,*,#3334,.T.);
#3362=EDGE_LOOP('',(#3353,#3359,#3360,#3361));
#3363=FACE_BOUND('',#3362,.T.);
#3364=ADVANCED_FACE('',(#3363),#3345,.F.);
#3365=CARTESIAN_POINT('',(204.945910403,-70.568946251,12.06));
#3366=DIRECTION('',(0.877721125,-0.479171813,0.));
#3367=DIRECTION('',(0.479171813,0.877721125,0.));
#3368=AXIS2_PLACEMENT_3D('',#3365,#3366,#3367);
#3369=PLANE('',#3368);
#3370=CARTESIAN_POINT('',(204.932812218,-70.592938801,-0.06));
#3371=VERTEX_POINT('',#3370);
#3372=CARTESIAN_POINT('',(204.959008588,-70.544953701,-0.06));
#3373=DIRECTION('',(-0.479171813,-0.877721125,0.));
#3374=VECTOR('',#3373,0.054670098);
#3375=LINE('',#3372,#3374);
#3376=EDGE_CURVE('',#3347,#3371,#3375,.T.);
#3377=ORIENTED_EDGE('',*,*,#3376,.T.);
#3378=CARTESIAN_POINT('',(204.932812218,-70.592938801,24.94));
#3379=DIRECTION('',(0.,0.,-1.));
#3380=VECTOR('',#3379,25.);
#3381=LINE('',#3378,#3380);
#3382=EDGE_CURVE('',#663,#3371,#3381,.T.);
#3383=ORIENTED_EDGE('',*,*,#3382,.F.);
#3384=ORIENTED_EDGE('',*,*,#668,.F.);
#3385=ORIENTED_EDGE('',*,*,#3358,.T.);
#3386=EDGE_LOOP('',(#3377,#3383,#3384,#3385));
#3387=FACE_BOUND('',#3386,.T.);
#3388=ADVANCED_FACE('',(#3387),#3369,.F.);
#3389=CARTESIAN_POINT('',(204.906979953,-70.644135196,12.06));
#3390=DIRECTION('',(0.892788515,-0.450476045,0.));
#3391=DIRECTION('',(0.450476045,0.892788515,0.));
#3392=AXIS2_PLACEMENT_3D('',#3389,#3390,#3391);
#3393=PLANE('',#3392);
#3394=CARTESIAN_POINT('',(204.881147688,-70.695331591,-0.06));
#3395=VERTEX_POINT('',#3394);
#3396=CARTESIAN_POINT('',(204.932812218,-70.592938801,-0.06));
#3397=DIRECTION('',(-0.450476045,-0.892788515,0.));
#3398=VECTOR('',#3397,0.11468874);
#3399=LINE('',#3396,#3398);
#3400=EDGE_CURVE('',#3371,#3395,#3399,.T.);
#3401=ORIENTED_EDGE('',*,*,#3400,.T.);
#3402=CARTESIAN_POINT('',(204.881147688,-70.695331591,24.94));
#3403=DIRECTION('',(0.,0.,-1.));
#3404=VECTOR('',#3403,25.);
#3405=LINE('',#3402,#3404);
#3406=EDGE_CURVE('',#671,#3395,#3405,.T.);
#3407=ORIENTED_EDGE('',*,*,#3406,.F.);
#3408=ORIENTED_EDGE('',*,*,#676,.F.);
#3409=ORIENTED_EDGE('',*,*,#3382,.T.);
#3410=EDGE_LOOP('',(#3401,#3407,#3408,#3409));
#3411=FACE_BOUND('',#3410,.T.);
#3412=ADVANCED_FACE('',(#3411),#3393,.F.);
#3413=CARTESIAN_POINT('',(204.542559328,-71.332352731,12.06));
#3414=DIRECTION('',(0.883017562,-0.469339947,0.));
#3415=DIRECTION('',(0.469339947,0.883017562,0.));
#3416=AXIS2_PLACEMENT_3D('',#3413,#3414,#3415);
#3417=PLANE('',#3416);
#3418=CARTESIAN_POINT('',(204.203970968,-71.969373871,-0.06));
#3419=VERTEX_POINT('',#3418);
#3420=CARTESIAN_POINT('',(204.881147688,-70.695331591,-0.06));
#3421=DIRECTION('',(-0.469339947,-0.883017562,0.));
#3422=VECTOR('',#3421,1.442827793);
#3423=LINE('',#3420,#3422);
#3424=EDGE_CURVE('',#3395,#3419,#3423,.T.);
#3425=ORIENTED_EDGE('',*,*,#3424,.T.);
#3426=CARTESIAN_POINT('',(204.203970968,-71.969373871,24.94));
#3427=DIRECTION('',(0.,0.,-1.));
#3428=VECTOR('',#3427,25.);
#3429=LINE('',#3426,#3428);
#3430=EDGE_CURVE('',#679,#3419,#3429,.T.);
#3431=ORIENTED_EDGE('',*,*,#3430,.F.);
#3432=ORIENTED_EDGE('',*,*,#684,.F.);
#3433=ORIENTED_EDGE('',*,*,#3406,.T.);
#3434=EDGE_LOOP('',(#3425,#3431,#3432,#3433));
#3435=FACE_BOUND('',#3434,.T.);
#3436=ADVANCED_FACE('',(#3435),#3417,.F.);
#3437=CARTESIAN_POINT('',(203.852339973,-72.598211486,12.06));
#3438=DIRECTION('',(0.87281239,-0.48805587,0.));
#3439=DIRECTION('',(0.48805587,0.87281239,0.));
#3440=AXIS2_PLACEMENT_3D('',#3437,#3438,#3439);
#3441=PLANE('',#3440);
#3442=CARTESIAN_POINT('',(203.500708978,-73.227049101,-0.06));
#3443=VERTEX_POINT('',#3442);
#3444=CARTESIAN_POINT('',(204.203970968,-71.969373871,-0.06));
#3445=DIRECTION('',(-0.48805587,-0.87281239,0.));
#3446=VECTOR('',#3445,1.440945665);
#3447=LINE('',#3444,#3446);
#3448=EDGE_CURVE('',#3419,#3443,#3447,.T.);
#3449=ORIENTED_EDGE('',*,*,#3448,.T.);
#3450=CARTESIAN_POINT('',(203.500708978,-73.227049101,24.94));
#3451=DIRECTION('',(0.,0.,-1.));
#3452=VECTOR('',#3451,25.);
#3453=LINE('',#3450,#3452);
#3454=EDGE_CURVE('',#687,#3443,#3453,.T.);
#3455=ORIENTED_EDGE('',*,*,#3454,.F.);
#3456=ORIENTED_EDGE('',*,*,#692,.F.);
#3457=ORIENTED_EDGE('',*,*,#3430,.T.);
#3458=EDGE_LOOP('',(#3449,#3455,#3456,#3457));
#3459=FACE_BOUND('',#3458,.T.);
#3460=ADVANCED_FACE('',(#3459),#3441,.F.);
#3461=CARTESIAN_POINT('',(203.459448963,-73.297244101,12.06));
#3462=DIRECTION('',(0.86210142,-0.506735772,0.));
#3463=DIRECTION('',(0.506735772,0.86210142,0.));
#3464=AXIS2_PLACEMENT_3D('',#3461,#3462,#3463);
#3465=PLANE('',#3464);
#3466=CARTESIAN_POINT('',(203.418188948,-73.367439101,-0.06));
#3467=VERTEX_POINT('',#3466);
#3468=CARTESIAN_POINT('',(203.500708978,-73.227049101,-0.06));
#3469=DIRECTION('',(-0.506735772,-0.86210142,0.));
#3470=VECTOR('',#3469,0.162846269);
#3471=LINE('',#3468,#3470);
#3472=EDGE_CURVE('',#3443,#3467,#3471,.T.);
#3473=ORIENTED_EDGE('',*,*,#3472,.T.);
#3474=CARTESIAN_POINT('',(203.418188948,-73.367439101,24.94));
#3475=DIRECTION('',(0.,0.,-1.));
#3476=VECTOR('',#3475,25.);
#3477=LINE('',#3474,#3476);
#3478=EDGE_CURVE('',#695,#3467,#3477,.T.);
#3479=ORIENTED_EDGE('',*,*,#3478,.F.);
#3480=ORIENTED_EDGE('',*,*,#700,.F.);
#3481=ORIENTED_EDGE('',*,*,#3454,.T.);
#3482=EDGE_LOOP('',(#3473,#3479,#3480,#3481));
#3483=FACE_BOUND('',#3482,.T.);
#3484=ADVANCED_FACE('',(#3483),#3465,.F.);
#3485=CARTESIAN_POINT('',(203.401369923,-73.398249151,12.06));
#3486=DIRECTION('',(0.877733328,-0.479149459,0.));
#3487=DIRECTION('',(0.479149459,0.877733328,0.));
#3488=AXIS2_PLACEMENT_3D('',#3485,#3486,#3487);
#3489=PLANE('',#3488);
#3490=CARTESIAN_POINT('',(203.384550898,-73.429059201,-0.06));
#3491=VERTEX_POINT('',#3490);
#3492=CARTESIAN_POINT('',(203.418188948,-73.367439101,-0.06));
#3493=DIRECTION('',(-0.479149459,-0.877733328,0.));
#3494=VECTOR('',#3493,0.070203669);
#3495=LINE('',#3492,#3494);
#3496=EDGE_CURVE('',#3467,#3491,#3495,.T.);
#3497=ORIENTED_EDGE('',*,*,#3496,.T.);
#3498=CARTESIAN_POINT('',(203.384550898,-73.429059201,24.94));
#3499=DIRECTION('',(0.,0.,-1.));
#3500=VECTOR('',#3499,25.);
#3501=LINE('',#3498,#3500);
#3502=EDGE_CURVE('',#703,#3491,#3501,.T.);
#3503=ORIENTED_EDGE('',*,*,#3502,.F.);
#3504=ORIENTED_EDGE('',*,*,#708,.F.);
#3505=ORIENTED_EDGE('',*,*,#3478,.T.);
#3506=EDGE_LOOP('',(#3497,#3503,#3504,#3505));
#3507=FACE_BOUND('',#3506,.T.);
#3508=ADVANCED_FACE('',(#3507),#3489,.F.);
#3509=CARTESIAN_POINT('',(203.351498143,-73.483095716,12.06));
#3510=DIRECTION('',(0.853067941,-0.521799854,0.));
#3511=DIRECTION('',(0.521799854,0.853067941,0.));
#3512=AXIS2_PLACEMENT_3D('',#3509,#3510,#3511);
#3513=PLANE('',#3512);
#3514=CARTESIAN_POINT('',(203.318445388,-73.537132231,-0.06));
#3515=VERTEX_POINT('',#3514);
#3516=CARTESIAN_POINT('',(203.384550898,-73.429059201,-0.06));
#3517=DIRECTION('',(-0.521799854,-0.853067941,0.));
#3518=VECTOR('',#3517,0.126687483);
#3519=LINE('',#3516,#3518);
#3520=EDGE_CURVE('',#3491,#3515,#3519,.T.);
#3521=ORIENTED_EDGE('',*,*,#3520,.T.);
#3522=CARTESIAN_POINT('',(203.318445388,-73.537132231,24.94));
#3523=DIRECTION('',(0.,0.,-1.));
#3524=VECTOR('',#3523,25.);
#3525=LINE('',#3522,#3524);
#3526=EDGE_CURVE('',#711,#3515,#3525,.T.);
#3527=ORIENTED_EDGE('',*,*,#3526,.F.);
#3528=ORIENTED_EDGE('',*,*,#716,.F.);
#3529=ORIENTED_EDGE('',*,*,#3502,.T.);
#3530=EDGE_LOOP('',(#3521,#3527,#3528,#3529));
#3531=FACE_BOUND('',#3530,.T.);
#3532=ADVANCED_FACE('',(#3531),#3513,.F.);
#3533=CARTESIAN_POINT('',(203.045670143,-74.001206526,12.06));
#3534=DIRECTION('',(0.862104357,-0.506730775,0.));
#3535=DIRECTION('',(0.506730775,0.862104357,0.));
#3536=AXIS2_PLACEMENT_3D('',#3533,#3534,#3535);
#3537=PLANE('',#3536);
#3538=CARTESIAN_POINT('',(202.772894898,-74.465280821,-0.06));
#3539=VERTEX_POINT('',#3538);
#3540=CARTESIAN_POINT('',(203.318445388,-73.537132231,-0.06));
#3541=DIRECTION('',(-0.506730775,-0.862104357,0.));
#3542=VECTOR('',#3541,1.076608166);
#3543=LINE('',#3540,#3542);
#3544=EDGE_CURVE('',#3515,#3539,#3543,.T.);
#3545=ORIENTED_EDGE('',*,*,#3544,.T.);
#3546=CARTESIAN_POINT('',(202.772894898,-74.465280821,24.94));
#3547=DIRECTION('',(0.,0.,-1.));
#3548=VECTOR('',#3547,25.);
#3549=LINE('',#3546,#3548);
#3550=EDGE_CURVE('',#719,#3539,#3549,.T.);
#3551=ORIENTED_EDGE('',*,*,#3550,.F.);
#3552=ORIENTED_EDGE('',*,*,#724,.F.);
#3553=ORIENTED_EDGE('',*,*,#3526,.T.);
#3554=EDGE_LOOP('',(#3545,#3551,#3552,#3553));
#3555=FACE_BOUND('',#3554,.T.);
#3556=ADVANCED_FACE('',(#3555),#3537,.F.);
#3557=CARTESIAN_POINT('',(202.397475878,-75.073137201,12.06));
#3558=DIRECTION('',(0.850811567,-0.52547091,0.));
#3559=DIRECTION('',(0.52547091,0.850811567,0.));
#3560=AXIS2_PLACEMENT_3D('',#3557,#3558,#3559);
#3561=PLANE('',#3560);
#3562=CARTESIAN_POINT('',(202.022056858,-75.680993581,-0.06));
#3563=VERTEX_POINT('',#3562);
#3564=CARTESIAN_POINT('',(202.772894898,-74.465280821,-0.06));
#3565=DIRECTION('',(-0.52547091,-0.850811567,0.));
#3566=VECTOR('',#3565,1.428886027);
#3567=LINE('',#3564,#3566);
#3568=EDGE_CURVE('',#3539,#3563,#3567,.T.);
#3569=ORIENTED_EDGE('',*,*,#3568,.T.);
#3570=CARTESIAN_POINT('',(202.022056858,-75.680993581,24.94));
#3571=DIRECTION('',(0.,0.,-1.));
#3572=VECTOR('',#3571,25.);
#3573=LINE('',#3570,#3572);
#3574=EDGE_CURVE('',#727,#3563,#3573,.T.);
#3575=ORIENTED_EDGE('',*,*,#3574,.F.);
#3576=ORIENTED_EDGE('',*,*,#732,.F.);
#3577=ORIENTED_EDGE('',*,*,#3550,.T.);
#3578=EDGE_LOOP('',(#3569,#3575,#3576,#3577));
#3579=FACE_BOUND('',#3578,.T.);
#3580=ADVANCED_FACE('',(#3579),#3561,.F.);
#3581=CARTESIAN_POINT('',(201.892166313,-75.881147301,12.06));
#3582=DIRECTION('',(0.838844348,-0.544371344,0.));
#3583=DIRECTION('',(0.544371344,0.838844348,0.));
#3584=AXIS2_PLACEMENT_3D('',#3581,#3582,#3583);
#3585=PLANE('',#3584);
#3586=CARTESIAN_POINT('',(201.762275768,-76.081301021,-0.06));
#3587=VERTEX_POINT('',#3586);
#3588=CARTESIAN_POINT('',(202.022056858,-75.680993581,-0.06));
#3589=DIRECTION('',(-0.544371344,-0.838844348,0.));
#3590=VECTOR('',#3589,0.477213015);
#3591=LINE('',#3588,#3590);
#3592=EDGE_CURVE('',#3563,#3587,#3591,.T.);
#3593=ORIENTED_EDGE('',*,*,#3592,.T.);
#3594=CARTESIAN_POINT('',(201.762275768,-76.081301021,24.94));
#3595=DIRECTION('',(0.,0.,-1.));
#3596=VECTOR('',#3595,25.);
#3597=LINE('',#3594,#3596);
#3598=EDGE_CURVE('',#735,#3587,#3597,.T.);
#3599=ORIENTED_EDGE('',*,*,#3598,.F.);
#3600=ORIENTED_EDGE('',*,*,#740,.F.);
#3601=ORIENTED_EDGE('',*,*,#3574,.T.);
#3602=EDGE_LOOP('',(#3593,#3599,#3600,#3601));
#3603=FACE_BOUND('',#3602,.T.);
#3604=ADVANCED_FACE('',(#3603),#3585,.F.);
#3605=CARTESIAN_POINT('',(201.723048378,-76.145434001,12.06));
#3606=DIRECTION('',(0.85307454,-0.521789065,0.));
#3607=DIRECTION('',(0.521789065,0.85307454,0.));
#3608=AXIS2_PLACEMENT_3D('',#3605,#3606,#3607);
#3609=PLANE('',#3608);
#3610=CARTESIAN_POINT('',(201.683820988,-76.209566981,-0.06));
#3611=VERTEX_POINT('',#3610);
#3612=CARTESIAN_POINT('',(201.762275768,-76.081301021,-0.06));
#3613=DIRECTION('',(-0.521789065,-0.85307454,0.));
#3614=VECTOR('',#3613,0.150357271);
#3615=LINE('',#3612,#3614);
#3616=EDGE_CURVE('',#3587,#3611,#3615,.T.);
#3617=ORIENTED_EDGE('',*,*,#3616,.T.);
#3618=CARTESIAN_POINT('',(201.683820988,-76.209566981,24.94));
#3619=DIRECTION('',(0.,0.,-1.));
#3620=VECTOR('',#3619,25.);
#3621=LINE('',#3618,#3620);
#3622=EDGE_CURVE('',#743,#3611,#3621,.T.);
#3623=ORIENTED_EDGE('',*,*,#3622,.F.);
#3624=ORIENTED_EDGE('',*,*,#748,.F.);
#3625=ORIENTED_EDGE('',*,*,#3598,.T.);
#3626=EDGE_LOOP('',(#3617,#3623,#3624,#3625));
#3627=FACE_BOUND('',#3626,.T.);
#3628=ADVANCED_FACE('',(#3627),#3609,.F.);
#3629=CARTESIAN_POINT('',(201.638432598,-76.275822476,12.06));
#3630=DIRECTION('',(0.824984004,-0.565156078,0.));
#3631=DIRECTION('',(0.565156078,0.824984004,0.));
#3632=AXIS2_PLACEMENT_3D('',#3629,#3630,#3631);
#3633=PLANE('',#3632);
#3634=CARTESIAN_POINT('',(201.593044208,-76.342077971,-0.06));
#3635=VERTEX_POINT('',#3634);
#3636=CARTESIAN_POINT('',(201.683820988,-76.209566981,-0.06));
#3637=DIRECTION('',(-0.565156078,-0.824984004,0.));
#3638=VECTOR('',#3637,0.160622496);
#3639=LINE('',#3636,#3638);
#3640=EDGE_CURVE('',#3611,#3635,#3639,.T.);
#3641=ORIENTED_EDGE('',*,*,#3640,.T.);
#3642=CARTESIAN_POINT('',(201.593044208,-76.342077971,24.94));
#3643=DIRECTION('',(0.,0.,-1.));
#3644=VECTOR('',#3643,25.);
#3645=LINE('',#3642,#3644);
#3646=EDGE_CURVE('',#751,#3635,#3645,.T.);
#3647=ORIENTED_EDGE('',*,*,#3646,.F.);
#3648=ORIENTED_EDGE('',*,*,#756,.F.);
#3649=ORIENTED_EDGE('',*,*,#3622,.T.);
#3650=EDGE_LOOP('',(#3641,#3647,#3648,#3649));
#3651=FACE_BOUND('',#3650,.T.);
#3652=ADVANCED_FACE('',(#3651),#3633,.F.);
#3653=CARTESIAN_POINT('',(201.421385113,-76.606595456,12.06));
#3654=DIRECTION('',(0.838845172,-0.544370074,0.));
#3655=DIRECTION('',(0.544370074,0.838845172,0.));
#3656=AXIS2_PLACEMENT_3D('',#3653,#3654,#3655);
#3657=PLANE('',#3656);
#3658=CARTESIAN_POINT('',(201.249726018,-76.871112941,-0.06));
#3659=VERTEX_POINT('',#3658);
#3660=CARTESIAN_POINT('',(201.593044208,-76.342077971,-0.06));
#3661=DIRECTION('',(-0.544370074,-0.838845172,0.));
#3662=VECTOR('',#3661,0.630670579);
#3663=LINE('',#3660,#3662);
#3664=EDGE_CURVE('',#3635,#3659,#3663,.T.);
#3665=ORIENTED_EDGE('',*,*,#3664,.T.);
#3666=CARTESIAN_POINT('',(201.249726018,-76.871112941,24.94));
#3667=DIRECTION('',(0.,0.,-1.));
#3668=VECTOR('',#3667,25.);
#3669=LINE('',#3666,#3668);
#3670=EDGE_CURVE('',#759,#3659,#3669,.T.);
#3671=ORIENTED_EDGE('',*,*,#3670,.F.);
#3672=ORIENTED_EDGE('',*,*,#764,.F.);
#3673=ORIENTED_EDGE('',*,*,#3646,.T.);
#3674=EDGE_LOOP('',(#3665,#3671,#3672,#3673));
#3675=FACE_BOUND('',#3674,.T.);
#3676=ADVANCED_FACE('',(#3675),#3657,.F.);
#3677=CARTESIAN_POINT('',(200.853579778,-77.451837691,12.06));
#3678=DIRECTION('',(0.826096523,-0.563528645,0.));
#3679=DIRECTION('',(0.563528645,0.826096523,0.));
#3680=AXIS2_PLACEMENT_3D('',#3677,#3678,#3679);
#3681=PLANE('',#3680);
#3682=CARTESIAN_POINT('',(200.457433538,-78.032562441,-0.06));
#3683=VERTEX_POINT('',#3682);
#3684=CARTESIAN_POINT('',(201.249726018,-76.871112941,-0.06));
#3685=DIRECTION('',(-0.563528645,-0.826096523,0.));
#3686=VECTOR('',#3685,1.405948902);
#3687=LINE('',#3684,#3686);
#3688=EDGE_CURVE('',#3659,#3683,#3687,.T.);
#3689=ORIENTED_EDGE('',*,*,#3688,.T.);
#3690=CARTESIAN_POINT('',(200.457433538,-78.032562441,24.94));
#3691=DIRECTION('',(0.,0.,-1.));
#3692=VECTOR('',#3691,25.);
#3693=LINE('',#3690,#3692);
#3694=EDGE_CURVE('',#767,#3683,#3693,.T.);
#3695=ORIENTED_EDGE('',*,*,#3694,.F.);
#3696=ORIENTED_EDGE('',*,*,#772,.F.);
#3697=ORIENTED_EDGE('',*,*,#3670,.T.);
#3698=EDGE_LOOP('',(#3689,#3695,#3696,#3697));
#3699=FACE_BOUND('',#3698,.T.);
#3700=ADVANCED_FACE('',(#3699),#3681,.F.);
#3701=CARTESIAN_POINT('',(200.210271388,-78.376969411,12.06));
#3702=DIRECTION('',(0.812440382,-0.583044274,0.));
#3703=DIRECTION('',(0.583044274,0.812440382,0.));
#3704=AXIS2_PLACEMENT_3D('',#3701,#3702,#3703);
#3705=PLANE('',#3704);
#3706=CARTESIAN_POINT('',(199.963109238,-78.721376381,-0.06));
#3707=VERTEX_POINT('',#3706);
#3708=CARTESIAN_POINT('',(200.457433538,-78.032562441,-0.06));
#3709=DIRECTION('',(-0.583044274,-0.812440382,0.));
#3710=VECTOR('',#3709,0.847833213);
#3711=LINE('',#3708,#3710);
#3712=EDGE_CURVE('',#3683,#3707,#3711,.T.);
#3713=ORIENTED_EDGE('',*,*,#3712,.T.);
#3714=CARTESIAN_POINT('',(199.963109238,-78.721376381,24.94));
#3715=DIRECTION('',(0.,0.,-1.));
#3716=VECTOR('',#3715,25.);
#3717=LINE('',#3714,#3716);
#3718=EDGE_CURVE('',#775,#3707,#3717,.T.);
#3719=ORIENTED_EDGE('',*,*,#3718,.F.);
#3720=ORIENTED_EDGE('',*,*,#780,.F.);
#3721=ORIENTED_EDGE('',*,*,#3694,.T.);
#3722=EDGE_LOOP('',(#3713,#3719,#3720,#3721));
#3723=FACE_BOUND('',#3722,.T.);
#3724=ADVANCED_FACE('',(#3723),#3705,.F.);
#3725=CARTESIAN_POINT('',(199.919030818,-78.785720451,12.06));
#3726=DIRECTION('',(0.824987271,-0.56515131,0.));
#3727=DIRECTION('',(0.56515131,0.824987271,0.));
#3728=AXIS2_PLACEMENT_3D('',#3725,#3726,#3727);
#3729=PLANE('',#3728);
#3730=CARTESIAN_POINT('',(199.874952398,-78.850064521,-0.06));
#3731=VERTEX_POINT('',#3730);
#3732=CARTESIAN_POINT('',(199.963109238,-78.721376381,-0.06));
#3733=DIRECTION('',(-0.56515131,-0.824987271,0.));
#3734=VECTOR('',#3733,0.155988031);
#3735=LINE('',#3732,#3734);
#3736=EDGE_CURVE('',#3707,#3731,#3735,.T.);
#3737=ORIENTED_EDGE('',*,*,#3736,.T.);
#3738=CARTESIAN_POINT('',(199.874952398,-78.850064521,24.94));
#3739=DIRECTION('',(0.,0.,-1.));
#3740=VECTOR('',#3739,25.);
#3741=LINE('',#3738,#3740);
#3742=EDGE_CURVE('',#783,#3731,#3741,.T.);
#3743=ORIENTED_EDGE('',*,*,#3742,.F.);
#3744=ORIENTED_EDGE('',*,*,#788,.F.);
#3745=ORIENTED_EDGE('',*,*,#3718,.T.);
#3746=EDGE_LOOP('',(#3737,#3743,#3744,#3745));
#3747=FACE_BOUND('',#3746,.T.);
#3748=ADVANCED_FACE('',(#3747),#3729,.F.);
#3749=CARTESIAN_POINT('',(199.844443833,-78.889653491,12.06));
#3750=DIRECTION('',(0.792086935,-0.610408296,0.));
#3751=DIRECTION('',(0.610408296,0.792086935,0.));
#3752=AXIS2_PLACEMENT_3D('',#3749,#3750,#3751);
#3753=PLANE('',#3752);
#3754=CARTESIAN_POINT('',(199.813935268,-78.929242461,-0.06));
#3755=VERTEX_POINT('',#3754);
#3756=CARTESIAN_POINT('',(199.874952398,-78.850064521,-0.06));
#3757=DIRECTION('',(-0.610408296,-0.792086935,0.));
#3758=VECTOR('',#3757,0.099961174);
#3759=LINE('',#3756,#3758);
#3760=EDGE_CURVE('',#3731,#3755,#3759,.T.);
#3761=ORIENTED_EDGE('',*,*,#3760,.T.);
#3762=CARTESIAN_POINT('',(199.813935268,-78.929242461,24.94));
#3763=DIRECTION('',(0.,0.,-1.));
#3764=VECTOR('',#3763,25.);
#3765=LINE('',#3762,#3764);
#3766=EDGE_CURVE('',#791,#3755,#3765,.T.);
#3767=ORIENTED_EDGE('',*,*,#3766,.F.);
#3768=ORIENTED_EDGE('',*,*,#796,.F.);
#3769=ORIENTED_EDGE('',*,*,#3742,.T.);
#3770=EDGE_LOOP('',(#3761,#3767,#3768,#3769));
#3771=FACE_BOUND('',#3770,.T.);
#3772=ADVANCED_FACE('',(#3771),#3753,.F.);
#3773=CARTESIAN_POINT('',(199.730321408,-79.045754546,12.06));
#3774=DIRECTION('',(0.812442121,-0.583041851,0.));
#3775=DIRECTION('',(0.583041851,0.812442121,0.));
#3776=AXIS2_PLACEMENT_3D('',#3773,#3774,#3775);
#3777=PLANE('',#3776);
#3778=CARTESIAN_POINT('',(199.646707548,-79.162266631,-0.06));
#3779=VERTEX_POINT('',#3778);
#3780=CARTESIAN_POINT('',(199.813935268,-78.929242461,-0.06));
#3781=DIRECTION('',(-0.583041851,-0.812442121,0.));
#3782=VECTOR('',#3781,0.28681941);
#3783=LINE('',#3780,#3782);
#3784=EDGE_CURVE('',#3755,#3779,#3783,.T.);
#3785=ORIENTED_EDGE('',*,*,#3784,.T.);
#3786=CARTESIAN_POINT('',(199.646707548,-79.162266631,24.94));
#3787=DIRECTION('',(0.,0.,-1.));
#3788=VECTOR('',#3787,25.);
#3789=LINE('',#3786,#3788);
#3790=EDGE_CURVE('',#799,#3779,#3789,.T.);
#3791=ORIENTED_EDGE('',*,*,#3790,.F.);
#3792=ORIENTED_EDGE('',*,*,#804,.F.);
#3793=ORIENTED_EDGE('',*,*,#3766,.T.);
#3794=EDGE_LOOP('',(#3785,#3791,#3792,#3793));
#3795=FACE_BOUND('',#3794,.T.);
#3796=ADVANCED_FACE('',(#3795),#3777,.F.);
#3797=CARTESIAN_POINT('',(199.232893883,-79.709708851,12.06));
#3798=DIRECTION('',(0.797733677,-0.603009934,0.));
#3799=DIRECTION('',(0.603009934,0.797733677,0.));
#3800=AXIS2_PLACEMENT_3D('',#3797,#3798,#3799);
#3801=PLANE('',#3800);
#3802=CARTESIAN_POINT('',(198.819080218,-80.257151071,-0.06));
#3803=VERTEX_POINT('',#3802);
#3804=CARTESIAN_POINT('',(199.646707548,-79.162266631,-0.06));
#3805=DIRECTION('',(-0.603009934,-0.797733677,0.));
#3806=VECTOR('',#3805,1.372493692);
#3807=LINE('',#3804,#3806);
#3808=EDGE_CURVE('',#3779,#3803,#3807,.T.);
#3809=ORIENTED_EDGE('',*,*,#3808,.T.);
#3810=CARTESIAN_POINT('',(198.819080218,-80.257151071,24.94));
#3811=DIRECTION('',(0.,0.,-1.));
#3812=VECTOR('',#3811,25.);
#3813=LINE('',#3810,#3812);
#3814=EDGE_CURVE('',#807,#3803,#3813,.T.);
#3815=ORIENTED_EDGE('',*,*,#3814,.F.);
#3816=ORIENTED_EDGE('',*,*,#812,.F.);
#3817=ORIENTED_EDGE('',*,*,#3790,.T.);
#3818=EDGE_LOOP('',(#3809,#3815,#3816,#3817));
#3819=FACE_BOUND('',#3818,.T.);
#3820=ADVANCED_FACE('',(#3819),#3801,.F.);
#3821=CARTESIAN_POINT('',(198.397580453,-80.785645186,12.06));
#3822=DIRECTION('',(0.781802802,-0.623525765,0.));
#3823=DIRECTION('',(0.623525765,0.781802802,0.));
#3824=AXIS2_PLACEMENT_3D('',#3821,#3822,#3823);
#3825=PLANE('',#3824);
#3826=CARTESIAN_POINT('',(197.976080688,-81.314139301,-0.06));
#3827=VERTEX_POINT('',#3826);
#3828=CARTESIAN_POINT('',(198.819080218,-80.257151071,-0.06));
#3829=DIRECTION('',(-0.623525765,-0.781802802,0.));
#3830=VECTOR('',#3829,1.351988286);
#3831=LINE('',#3828,#3830);
#3832=EDGE_CURVE('',#3803,#3827,#3831,.T.);
#3833=ORIENTED_EDGE('',*,*,#3832,.T.);
#3834=CARTESIAN_POINT('',(197.976080688,-81.314139301,24.94));
#3835=DIRECTION('',(0.,0.,-1.));
#3836=VECTOR('',#3835,25.);
#3837=LINE('',#3834,#3836);
#3838=EDGE_CURVE('',#815,#3827,#3837,.T.);
#3839=ORIENTED_EDGE('',*,*,#3838,.F.);
#3840=ORIENTED_EDGE('',*,*,#820,.F.);
#3841=ORIENTED_EDGE('',*,*,#3814,.T.);
#3842=EDGE_LOOP('',(#3833,#3839,#3840,#3841));
#3843=FACE_BOUND('',#3842,.T.);
#3844=ADVANCED_FACE('',(#3843),#3825,.F.);
#3845=CARTESIAN_POINT('',(197.387270888,-82.006695796,12.06));
#3846=DIRECTION('',(0.761865062,-0.64773577,0.));
#3847=DIRECTION('',(0.64773577,0.761865062,0.));
#3848=AXIS2_PLACEMENT_3D('',#3845,#3846,#3847);
#3849=PLANE('',#3848);
#3850=CARTESIAN_POINT('',(196.798461088,-82.699252291,-0.06));
#3851=VERTEX_POINT('',#3850);
#3852=CARTESIAN_POINT('',(197.976080688,-81.314139301,-0.06));
#3853=DIRECTION('',(-0.64773577,-0.761865062,0.));
#3854=VECTOR('',#3853,1.818055532);
#3855=LINE('',#3852,#3854);
#3856=EDGE_CURVE('',#3827,#3851,#3855,.T.);
#3857=ORIENTED_EDGE('',*,*,#3856,.T.);
#3858=CARTESIAN_POINT('',(196.798461088,-82.699252291,24.94));
#3859=DIRECTION('',(0.,0.,-1.));
#3860=VECTOR('',#3859,25.);
#3861=LINE('',#3858,#3860);
#3862=EDGE_CURVE('',#823,#3851,#3861,.T.);
#3863=ORIENTED_EDGE('',*,*,#3862,.F.);
#3864=ORIENTED_EDGE('',*,*,#828,.F.);
#3865=ORIENTED_EDGE('',*,*,#3838,.T.);
#3866=EDGE_LOOP('',(#3857,#3863,#3864,#3865));
#3867=FACE_BOUND('',#3866,.T.);
#3868=ADVANCED_FACE('',(#3867),#3849,.F.);
#3869=CARTESIAN_POINT('',(196.198413018,-83.361318906,12.06));
#3870=DIRECTION('',(0.740958995,-0.671550272,0.));
#3871=DIRECTION('',(0.671550272,0.740958995,0.));
#3872=AXIS2_PLACEMENT_3D('',#3869,#3870,#3871);
#3873=PLANE('',#3872);
#3874=CARTESIAN_POINT('',(195.598364948,-84.023385521,-0.06));
#3875=VERTEX_POINT('',#3874);
#3876=CARTESIAN_POINT('',(196.798461088,-82.699252291,-0.06));
#3877=DIRECTION('',(-0.671550272,-0.740958995,0.));
#3878=VECTOR('',#3877,1.787053317);
#3879=LINE('',#3876,#3878);
#3880=EDGE_CURVE('',#3851,#3875,#3879,.T.);
#3881=ORIENTED_EDGE('',*,*,#3880,.T.);
#3882=CARTESIAN_POINT('',(195.598364948,-84.023385521,24.94));
#3883=DIRECTION('',(0.,0.,-1.));
#3884=VECTOR('',#3883,25.);
#3885=LINE('',#3882,#3884);
#3886=EDGE_CURVE('',#831,#3875,#3885,.T.);
#3887=ORIENTED_EDGE('',*,*,#3886,.F.);
#3888=ORIENTED_EDGE('',*,*,#836,.F.);
#3889=ORIENTED_EDGE('',*,*,#3862,.T.);
#3890=EDGE_LOOP('',(#3881,#3887,#3888,#3889));
#3891=FACE_BOUND('',#3890,.T.);
#3892=ADVANCED_FACE('',(#3891),#3873,.F.);
#3893=CARTESIAN_POINT('',(194.990690873,-84.661275261,12.06));
#3894=DIRECTION('',(0.724047207,-0.689750421,0.));
#3895=DIRECTION('',(0.689750421,0.724047207,0.));
#3896=AXIS2_PLACEMENT_3D('',#3893,#3894,#3895);
#3897=PLANE('',#3896);
#3898=CARTESIAN_POINT('',(194.383016798,-85.299165001,-0.06));
#3899=VERTEX_POINT('',#3898);
#3900=CARTESIAN_POINT('',(195.598364948,-84.023385521,-0.06));
#3901=DIRECTION('',(-0.689750421,-0.724047207,0.));
#3902=VECTOR('',#3901,1.762011466);
#3903=LINE('',#3900,#3902);
#3904=EDGE_CURVE('',#3875,#3899,#3903,.T.);
#3905=ORIENTED_EDGE('',*,*,#3904,.T.);
#3906=CARTESIAN_POINT('',(194.383016798,-85.299165001,24.94));
#3907=DIRECTION('',(0.,0.,-1.));
#3908=VECTOR('',#3907,25.);
#3909=LINE('',#3906,#3908);
#3910=EDGE_CURVE('',#839,#3899,#3909,.T.);
#3911=ORIENTED_EDGE('',*,*,#3910,.F.);
#3912=ORIENTED_EDGE('',*,*,#844,.F.);
#3913=ORIENTED_EDGE('',*,*,#3886,.T.);
#3914=EDGE_LOOP('',(#3905,#3911,#3912,#3913));
#3915=FACE_BOUND('',#3914,.T.);
#3916=ADVANCED_FACE('',(#3915),#3897,.F.);
#3917=CARTESIAN_POINT('',(193.771327973,-85.919190871,12.06));
#3918=DIRECTION('',(0.711876632,-0.702304536,0.));
#3919=DIRECTION('',(0.702304536,0.711876632,0.));
#3920=AXIS2_PLACEMENT_3D('',#3917,#3918,#3919);
#3921=PLANE('',#3920);
#3922=CARTESIAN_POINT('',(193.159639148,-86.539216741,-0.06));
#3923=VERTEX_POINT('',#3922);
#3924=CARTESIAN_POINT('',(194.383016798,-85.299165001,-0.06));
#3925=DIRECTION('',(-0.702304536,-0.711876632,0.));
#3926=VECTOR('',#3925,1.741947529);
#3927=LINE('',#3924,#3926);
#3928=EDGE_CURVE('',#3899,#3923,#3927,.T.);
#3929=ORIENTED_EDGE('',*,*,#3928,.T.);
#3930=CARTESIAN_POINT('',(193.159639148,-86.539216741,24.94));
#3931=DIRECTION('',(0.,0.,-1.));
#3932=VECTOR('',#3931,25.);
#3933=LINE('',#3930,#3932);
#3934=EDGE_CURVE('',#847,#3923,#3933,.T.);
#3935=ORIENTED_EDGE('',*,*,#3934,.F.);
#3936=ORIENTED_EDGE('',*,*,#852,.F.);
#3937=ORIENTED_EDGE('',*,*,#3910,.T.);
#3938=EDGE_LOOP('',(#3929,#3935,#3936,#3937));
#3939=FACE_BOUND('',#3938,.T.);
#3940=ADVANCED_FACE('',(#3939),#3921,.F.);
#3941=CARTESIAN_POINT('',(191.938667823,-87.750927376,12.06));
#3942=DIRECTION('',(0.704409876,-0.70979344,0.));
#3943=DIRECTION('',(0.70979344,0.704409876,0.));
#3944=AXIS2_PLACEMENT_3D('',#3941,#3942,#3943);
#3945=PLANE('',#3944);
#3946=CARTESIAN_POINT('',(190.717696498,-88.962638011,-0.06));
#3947=VERTEX_POINT('',#3946);
#3948=CARTESIAN_POINT('',(193.159639148,-86.539216741,-0.06));
#3949=DIRECTION('',(-0.70979344,-0.704409876,0.));
#3950=VECTOR('',#3949,3.440356749);
#3951=LINE('',#3948,#3950);
#3952=EDGE_CURVE('',#3923,#3947,#3951,.T.);
#3953=ORIENTED_EDGE('',*,*,#3952,.T.);
#3954=CARTESIAN_POINT('',(190.717696498,-88.962638011,24.94));
#3955=DIRECTION('',(0.,0.,-1.));
#3956=VECTOR('',#3955,25.);
#3957=LINE('',#3954,#3956);
#3958=EDGE_CURVE('',#855,#3947,#3957,.T.);
#3959=ORIENTED_EDGE('',*,*,#3958,.F.);
#3960=ORIENTED_EDGE('',*,*,#860,.F.);
#3961=ORIENTED_EDGE('',*,*,#3934,.T.);
#3962=EDGE_LOOP('',(#3953,#3959,#3960,#3961));
#3963=FACE_BOUND('',#3962,.T.);
#3964=ADVANCED_FACE('',(#3963),#3945,.F.);
#3965=CARTESIAN_POINT('',(189.524014363,-90.178647711,12.06));
#3966=DIRECTION('',(0.713628012,-0.700524847,0.));
#3967=DIRECTION('',(0.700524847,0.713628012,0.));
#3968=AXIS2_PLACEMENT_3D('',#3965,#3966,#3967);
#3969=PLANE('',#3968);
#3970=CARTESIAN_POINT('',(188.330332228,-91.394657411,-0.06));
#3971=VERTEX_POINT('',#3970);
#3972=CARTESIAN_POINT('',(190.717696498,-88.962638011,-0.06));
#3973=DIRECTION('',(-0.700524847,-0.713628012,0.));
#3974=VECTOR('',#3973,3.407965158);
#3975=LINE('',#3972,#3974);
#3976=EDGE_CURVE('',#3947,#3971,#3975,.T.);
#3977=ORIENTED_EDGE('',*,*,#3976,.T.);
#3978=CARTESIAN_POINT('',(188.330332228,-91.394657411,24.94));
#3979=DIRECTION('',(0.,0.,-1.));
#3980=VECTOR('',#3979,25.);
#3981=LINE('',#3978,#3980);
#3982=EDGE_CURVE('',#863,#3971,#3981,.T.);
#3983=ORIENTED_EDGE('',*,*,#3982,.F.);
#3984=ORIENTED_EDGE('',*,*,#868,.F.);
#3985=ORIENTED_EDGE('',*,*,#3958,.T.);
#3986=EDGE_LOOP('',(#3977,#3983,#3984,#3985));
#3987=FACE_BOUND('',#3986,.T.);
#3988=ADVANCED_FACE('',(#3987),#3969,.F.);
#3989=CARTESIAN_POINT('',(187.752754638,-92.020056986,12.06));
#3990=DIRECTION('',(0.734636172,-0.67846127,0.));
#3991=DIRECTION('',(0.67846127,0.734636172,0.));
#3992=AXIS2_PLACEMENT_3D('',#3989,#3990,#3991);
#3993=PLANE('',#3992);
#3994=CARTESIAN_POINT('',(187.175177048,-92.645456561,-0.06));
#3995=VERTEX_POINT('',#3994);
#3996=CARTESIAN_POINT('',(188.330332228,-91.394657411,-0.06));
#3997=DIRECTION('',(-0.67846127,-0.734636172,0.));
#3998=VECTOR('',#3997,1.70261035);
#3999=LINE('',#3996,#3998);
#4000=EDGE_CURVE('',#3971,#3995,#3999,.T.);
#4001=ORIENTED_EDGE('',*,*,#4000,.T.);
#4002=CARTESIAN_POINT('',(187.175177048,-92.645456561,24.94));
#4003=DIRECTION('',(0.,0.,-1.));
#4004=VECTOR('',#4003,25.);
#4005=LINE('',#4002,#4004);
#4006=EDGE_CURVE('',#871,#3995,#4005,.T.);
#4007=ORIENTED_EDGE('',*,*,#4006,.F.);
#4008=ORIENTED_EDGE('',*,*,#876,.F.);
#4009=ORIENTED_EDGE('',*,*,#3982,.T.);
#4010=EDGE_LOOP('',(#4001,#4007,#4008,#4009));
#4011=FACE_BOUND('',#4010,.T.);
#4012=ADVANCED_FACE('',(#4011),#3993,.F.);
#4013=CARTESIAN_POINT('',(186.615257793,-93.290869286,12.06));
#4014=DIRECTION('',(0.755363713,-0.655305777,0.));
#4015=DIRECTION('',(0.655305777,0.755363713,0.));
#4016=AXIS2_PLACEMENT_3D('',#4013,#4014,#4015);
#4017=PLANE('',#4016);
#4018=CARTESIAN_POINT('',(186.055338538,-93.936282011,-0.06));
#4019=VERTEX_POINT('',#4018);
#4020=CARTESIAN_POINT('',(187.175177048,-92.645456561,-0.06));
#4021=DIRECTION('',(-0.655305777,-0.755363713,0.));
#4022=VECTOR('',#4021,1.708879349);
#4023=LINE('',#4020,#4022);
#4024=EDGE_CURVE('',#3995,#4019,#4023,.T.);
#4025=ORIENTED_EDGE('',*,*,#4024,.T.);
#4026=CARTESIAN_POINT('',(186.055338538,-93.936282011,24.94));
#4027=DIRECTION('',(0.,0.,-1.));
#4028=VECTOR('',#4027,25.);
#4029=LINE('',#4026,#4028);
#4030=EDGE_CURVE('',#879,#4019,#4029,.T.);
#4031=ORIENTED_EDGE('',*,*,#4030,.F.);
#4032=ORIENTED_EDGE('',*,*,#884,.F.);
#4033=ORIENTED_EDGE('',*,*,#4006,.T.);
#4034=EDGE_LOOP('',(#4025,#4031,#4032,#4033));
#4035=FACE_BOUND('',#4034,.T.);
#4036=ADVANCED_FACE('',(#4035),#4017,.F.);
#4037=CARTESIAN_POINT('',(185.516690388,-94.608020891,12.06));
#4038=DIRECTION('',(0.780156141,-0.625584843,0.));
#4039=DIRECTION('',(0.625584843,0.780156141,0.));
#4040=AXIS2_PLACEMENT_3D('',#4037,#4038,#4039);
#4041=PLANE('',#4040);
#4042=CARTESIAN_POINT('',(184.978042238,-95.279759771,-0.06));
#4043=VERTEX_POINT('',#4042);
#4044=CARTESIAN_POINT('',(186.055338538,-93.936282011,-0.06));
#4045=DIRECTION('',(-0.625584843,-0.780156141,0.));
#4046=VECTOR('',#4045,1.722062661);
#4047=LINE('',#4044,#4046);
#4048=EDGE_CURVE('',#4019,#4043,#4047,.T.);
#4049=ORIENTED_EDGE('',*,*,#4048,.T.);
#4050=CARTESIAN_POINT('',(184.978042238,-95.279759771,24.94));
#4051=DIRECTION('',(0.,0.,-1.));
#4052=VECTOR('',#4051,25.);
#4053=LINE('',#4050,#4052);
#4054=EDGE_CURVE('',#887,#4043,#4053,.T.);
#4055=ORIENTED_EDGE('',*,*,#4054,.F.);
#4056=ORIENTED_EDGE('',*,*,#892,.F.);
#4057=ORIENTED_EDGE('',*,*,#4030,.T.);
#4058=EDGE_LOOP('',(#4049,#4055,#4056,#4057));
#4059=FACE_BOUND('',#4058,.T.);
#4060=ADVANCED_FACE('',(#4059),#4041,.F.);
#4061=CARTESIAN_POINT('',(184.464276953,-95.984137811,12.06));
#4062=DIRECTION('',(0.807922178,-0.589289195,0.));
#4063=DIRECTION('',(0.589289195,0.807922178,0.));
#4064=AXIS2_PLACEMENT_3D('',#4061,#4062,#4063);
#4065=PLANE('',#4064);
#4066=CARTESIAN_POINT('',(183.950511668,-96.688515851,-0.06));
#4067=VERTEX_POINT('',#4066);
#4068=CARTESIAN_POINT('',(184.978042238,-95.279759771,-0.06));
#4069=DIRECTION('',(-0.589289195,-0.807922178,0.));
#4070=VECTOR('',#4069,1.743677942);
#4071=LINE('',#4068,#4070);
#4072=EDGE_CURVE('',#4043,#4067,#4071,.T.);
#4073=ORIENTED_EDGE('',*,*,#4072,.T.);
#4074=CARTESIAN_POINT('',(183.950511668,-96.688515851,24.94));
#4075=DIRECTION('',(0.,0.,-1.));
#4076=VECTOR('',#4075,25.);
#4077=LINE('',#4074,#4076);
#4078=EDGE_CURVE('',#895,#4067,#4077,.T.);
#4079=ORIENTED_EDGE('',*,*,#4078,.F.);
#4080=ORIENTED_EDGE('',*,*,#900,.F.);
#4081=ORIENTED_EDGE('',*,*,#4054,.T.);
#4082=EDGE_LOOP('',(#4073,#4079,#4080,#4081));
#4083=FACE_BOUND('',#4082,.T.);
#4084=ADVANCED_FACE('',(#4083),#4065,.F.);
#4085=CARTESIAN_POINT('',(183.465241513,-97.431846561,12.06));
#4086=DIRECTION('',(0.837358326,-0.546654402,0.));
#4087=DIRECTION('',(0.546654402,0.837358326,0.));
#4088=AXIS2_PLACEMENT_3D('',#4085,#4086,#4087);
#4089=PLANE('',#4088);
#4090=CARTESIAN_POINT('',(182.979971358,-98.175177271,-0.06));
#4091=VERTEX_POINT('',#4090);
#4092=CARTESIAN_POINT('',(183.950511668,-96.688515851,-0.06));
#4093=DIRECTION('',(-0.546654402,-0.837358326,0.));
#4094=VECTOR('',#4093,1.77541845);
#4095=LINE('',#4092,#4094);
#4096=EDGE_CURVE('',#4067,#4091,#4095,.T.);
#4097=ORIENTED_EDGE('',*,*,#4096,.T.);
#4098=CARTESIAN_POINT('',(182.979971358,-98.175177271,24.94));
#4099=DIRECTION('',(0.,0.,-1.));
#4100=VECTOR('',#4099,25.);
#4101=LINE('',#4098,#4100);
#4102=EDGE_CURVE('',#903,#4091,#4101,.T.);
#4103=ORIENTED_EDGE('',*,*,#4102,.F.);
#4104=ORIENTED_EDGE('',*,*,#908,.F.);
#4105=ORIENTED_EDGE('',*,*,#4078,.T.);
#4106=EDGE_LOOP('',(#4097,#4103,#4104,#4105));
#4107=FACE_BOUND('',#4106,.T.);
#4108=ADVANCED_FACE('',(#4107),#4089,.F.);
#4109=CARTESIAN_POINT('',(182.526808093,-98.963773151,12.06));
#4110=DIRECTION('',(0.867039003,-0.498240271,0.));
#4111=DIRECTION('',(0.498240271,0.867039003,0.));
#4112=AXIS2_PLACEMENT_3D('',#4109,#4110,#4111);
#4113=PLANE('',#4112);
#4114=CARTESIAN_POINT('',(182.073644828,-99.752369031,-0.06));
#4115=VERTEX_POINT('',#4114);
#4116=CARTESIAN_POINT('',(182.979971358,-98.175177271,-0.06));
#4117=DIRECTION('',(-0.498240271,-0.867039003,0.));
#4118=VECTOR('',#4117,1.819055147);
#4119=LINE('',#4116,#4118);
#4120=EDGE_CURVE('',#4091,#4115,#4119,.T.);
#4121=ORIENTED_EDGE('',*,*,#4120,.T.);
#4122=CARTESIAN_POINT('',(182.073644828,-99.752369031,24.94));
#4123=DIRECTION('',(0.,0.,-1.));
#4124=VECTOR('',#4123,25.);
#4125=LINE('',#4122,#4124);
#4126=EDGE_CURVE('',#911,#4115,#4125,.T.);
#4127=ORIENTED_EDGE('',*,*,#4126,.F.);
#4128=ORIENTED_EDGE('',*,*,#916,.F.);
#4129=ORIENTED_EDGE('',*,*,#4102,.T.);
#4130=EDGE_LOOP('',(#4121,#4127,#4128,#4129));
#4131=FACE_BOUND('',#4130,.T.);
#4132=ADVANCED_FACE('',(#4131),#4113,.F.);
#4133=CARTESIAN_POINT('',(181.860232333,-100.165614066,12.06));
#4134=DIRECTION('',(0.888511328,-0.458854683,0.));
#4135=DIRECTION('',(0.458854683,0.888511328,0.));
#4136=AXIS2_PLACEMENT_3D('',#4133,#4134,#4135);
#4137=PLANE('',#4136);
#4138=CARTESIAN_POINT('',(181.646819838,-100.578859101,-0.06));
#4139=VERTEX_POINT('',#4138);
#4140=CARTESIAN_POINT('',(182.073644828,-99.752369031,-0.06));
#4141=DIRECTION('',(-0.458854683,-0.888511328,0.));
#4142=VECTOR('',#4141,0.930196435);
#4143=LINE('',#4140,#4142);
#4144=EDGE_CURVE('',#4115,#4139,#4143,.T.);
#4145=ORIENTED_EDGE('',*,*,#4144,.T.);
#4146=CARTESIAN_POINT('',(181.646819838,-100.578859101,24.94));
#4147=DIRECTION('',(0.,0.,-1.));
#4148=VECTOR('',#4147,25.);
#4149=LINE('',#4146,#4148);
#4150=EDGE_CURVE('',#919,#4139,#4149,.T.);
#4151=ORIENTED_EDGE('',*,*,#4150,.F.);
#4152=ORIENTED_EDGE('',*,*,#924,.F.);
#4153=ORIENTED_EDGE('',*,*,#4126,.T.);
#4154=EDGE_LOOP('',(#4145,#4151,#4152,#4153));
#4155=FACE_BOUND('',#4154,.T.);
#4156=ADVANCED_FACE('',(#4155),#4137,.F.);
#4157=CARTESIAN_POINT('',(181.442788728,-101.005787616,12.06));
#4158=DIRECTION('',(0.902259294,-0.431193885,0.));
#4159=DIRECTION('',(0.431193885,0.902259294,0.));
#4160=AXIS2_PLACEMENT_3D('',#4157,#4158,#4159);
#4161=PLANE('',#4160);
#4162=CARTESIAN_POINT('',(181.238757618,-101.432716131,-0.06));
#4163=VERTEX_POINT('',#4162);
#4164=CARTESIAN_POINT('',(181.646819838,-100.578859101,-0.06));
#4165=DIRECTION('',(-0.431193885,-0.902259294,0.));
#4166=VECTOR('',#4165,0.946354375);
#4167=LINE('',#4164,#4166);
#4168=EDGE_CURVE('',#4139,#4163,#4167,.T.);
#4169=ORIENTED_EDGE('',*,*,#4168,.T.);
#4170=CARTESIAN_POINT('',(181.238757618,-101.432716131,24.94));
#4171=DIRECTION('',(0.,0.,-1.));
#4172=VECTOR('',#4171,25.);
#4173=LINE('',#4170,#4172);
#4174=EDGE_CURVE('',#927,#4163,#4173,.T.);
#4175=ORIENTED_EDGE('',*,*,#4174,.F.);
#4176=ORIENTED_EDGE('',*,*,#932,.F.);
#4177=ORIENTED_EDGE('',*,*,#4150,.T.);
#4178=EDGE_LOOP('',(#4169,#4175,#4176,#4177));
#4179=FACE_BOUND('',#4178,.T.);
#4180=ADVANCED_FACE('',(#4179),#4161,.F.);
#4181=CARTESIAN_POINT('',(181.223348521,-101.467740478,12.06));
#4182=DIRECTION('',(0.9153306,-0.402703231,0.));
#4183=DIRECTION('',(0.402703231,0.9153306,0.));
#4184=AXIS2_PLACEMENT_3D('',#4181,#4182,#4183);
#4185=PLANE('',#4184);
#4186=CARTESIAN_POINT('',(181.207939424,-101.502764826,-0.06));
#4187=VERTEX_POINT('',#4186);
#4188=CARTESIAN_POINT('',(181.238757618,-101.432716131,-0.06));
#4189=DIRECTION('',(-0.402703231,-0.9153306,0.));
#4190=VECTOR('',#4189,0.0765283);
#4191=LINE('',#4188,#4190);
#4192=EDGE_CURVE('',#4163,#4187,#4191,.T.);
#4193=ORIENTED_EDGE('',*,*,#4192,.T.);
#4194=CARTESIAN_POINT('',(181.207939424,-101.502764826,24.94));
#4195=DIRECTION('',(0.,0.,-1.));
#4196=VECTOR('',#4195,25.);
#4197=LINE('',#4194,#4196);
#4198=EDGE_CURVE('',#935,#4187,#4197,.T.);
#4199=ORIENTED_EDGE('',*,*,#4198,.F.);
#4200=ORIENTED_EDGE('',*,*,#940,.F.);
#4201=ORIENTED_EDGE('',*,*,#4174,.T.);
#4202=EDGE_LOOP('',(#4193,#4199,#4200,#4201));
#4203=FACE_BOUND('',#4202,.T.);
#4204=ADVANCED_FACE('',(#4203),#4185,.F.);
#4205=CARTESIAN_POINT('',(181.175986086,-101.575391833,12.06));
#4206=DIRECTION('',(0.915326857,-0.40271174,0.));
#4207=DIRECTION('',(0.40271174,0.915326857,0.));
#4208=AXIS2_PLACEMENT_3D('',#4205,#4206,#4207);
#4209=PLANE('',#4208);
#4210=CARTESIAN_POINT('',(181.144032748,-101.648018841,-0.06));
#4211=VERTEX_POINT('',#4210);
#4212=CARTESIAN_POINT('',(181.207939424,-101.502764826,-0.06));
#4213=DIRECTION('',(-0.40271174,-0.915326857,0.));
#4214=VECTOR('',#4213,0.15869087);
#4215=LINE('',#4212,#4214);
#4216=EDGE_CURVE('',#4187,#4211,#4215,.T.);
#4217=ORIENTED_EDGE('',*,*,#4216,.T.);
#4218=CARTESIAN_POINT('',(181.144032748,-101.648018841,24.94));
#4219=DIRECTION('',(0.,0.,-1.));
#4220=VECTOR('',#4219,25.);
#4221=LINE('',#4218,#4220);
#4222=EDGE_CURVE('',#943,#4211,#4221,.T.);
#4223=ORIENTED_EDGE('',*,*,#4222,.F.);
#4224=ORIENTED_EDGE('',*,*,#948,.F.);
#4225=ORIENTED_EDGE('',*,*,#4198,.T.);
#4226=EDGE_LOOP('',(#4217,#4223,#4224,#4225));
#4227=FACE_BOUND('',#4226,.T.);
#4228=ADVANCED_FACE('',(#4227),#4209,.F.);
#4229=CARTESIAN_POINT('',(182.048081728,-101.770498006,12.06));
#4230=DIRECTION('',(0.134252005,0.990947223,0.));
#4231=DIRECTION('',(-0.990947223,0.134252005,0.));
#4232=AXIS2_PLACEMENT_3D('',#4229,#4230,#4231);
#4233=PLANE('',#4232);
#4234=CARTESIAN_POINT('',(182.952130708,-101.892977171,-0.06));
#4235=VERTEX_POINT('',#4234);
#4236=CARTESIAN_POINT('',(181.144032748,-101.648018841,-0.06));
#4237=DIRECTION('',(0.990947223,-0.134252005,0.));
#4238=VECTOR('',#4237,1.8246158);
#4239=LINE('',#4236,#4238);
#4240=EDGE_CURVE('',#4211,#4235,#4239,.T.);
#4241=ORIENTED_EDGE('',*,*,#4240,.T.);
#4242=CARTESIAN_POINT('',(182.952130708,-101.892977171,24.94));
#4243=DIRECTION('',(0.,0.,-1.));
#4244=VECTOR('',#4243,25.);
#4245=LINE('',#4242,#4244);
#4246=EDGE_CURVE('',#951,#4235,#4245,.T.);
#4247=ORIENTED_EDGE('',*,*,#4246,.F.);
#4248=ORIENTED_EDGE('',*,*,#956,.F.);
#4249=ORIENTED_EDGE('',*,*,#4222,.T.);
#4250=EDGE_LOOP('',(#4241,#4247,#4248,#4249));
#4251=FACE_BOUND('',#4250,.T.);
#4252=ADVANCED_FACE('',(#4251),#4233,.F.);
#4253=CARTESIAN_POINT('',(184.086555133,-102.118011231,12.06));
#4254=DIRECTION('',(0.194577117,0.980887224,0.));
#4255=DIRECTION('',(-0.980887224,0.194577117,0.));
#4256=AXIS2_PLACEMENT_3D('',#4253,#4254,#4255);
#4257=PLANE('',#4256);
#4258=CARTESIAN_POINT('',(185.220979558,-102.343045291,-0.06));
#4259=VERTEX_POINT('',#4258);
#4260=CARTESIAN_POINT('',(182.952130708,-101.892977171,-0.06));
#4261=DIRECTION('',(0.980887224,-0.194577117,0.));
#4262=VECTOR('',#4261,2.313057807);
#4263=LINE('',#4260,#4262);
#4264=EDGE_CURVE('',#4235,#4259,#4263,.T.);
#4265=ORIENTED_EDGE('',*,*,#4264,.T.);
#4266=CARTESIAN_POINT('',(185.220979558,-102.343045291,24.94));
#4267=DIRECTION('',(0.,0.,-1.));
#4268=VECTOR('',#4267,25.);
#4269=LINE('',#4266,#4268);
#4270=EDGE_CURVE('',#959,#4259,#4269,.T.);
#4271=ORIENTED_EDGE('',*,*,#4270,.F.);
#4272=ORIENTED_EDGE('',*,*,#964,.F.);
#4273=ORIENTED_EDGE('',*,*,#4246,.T.);
#4274=EDGE_LOOP('',(#4265,#4271,#4272,#4273));
#4275=FACE_BOUND('',#4274,.T.);
#4276=ADVANCED_FACE('',(#4275),#4257,.F.);
#4277=CARTESIAN_POINT('',(186.253986853,-102.628870746,12.06));
#4278=DIRECTION('',(0.266672751,0.963787136,0.));
#4279=DIRECTION('',(-0.963787136,0.266672751,0.));
#4280=AXIS2_PLACEMENT_3D('',#4277,#4278,#4279);
#4281=PLANE('',#4280);
#4282=CARTESIAN_POINT('',(187.286994148,-102.914696201,-0.06));
#4283=VERTEX_POINT('',#4282);
#4284=CARTESIAN_POINT('',(185.220979558,-102.343045291,-0.06));
#4285=DIRECTION('',(0.963787136,-0.266672751,0.));
#4286=VECTOR('',#4285,2.143642006);
#4287=LINE('',#4284,#4286);
#4288=EDGE_CURVE('',#4259,#4283,#4287,.T.);
#4289=ORIENTED_EDGE('',*,*,#4288,.T.);
#4290=CARTESIAN_POINT('',(187.286994148,-102.914696201,24.94));
#4291=DIRECTION('',(0.,0.,-1.));
#4292=VECTOR('',#4291,25.);
#4293=LINE('',#4290,#4292);
#4294=EDGE_CURVE('',#967,#4283,#4293,.T.);
#4295=ORIENTED_EDGE('',*,*,#4294,.F.);
#4296=ORIENTED_EDGE('',*,*,#972,.F.);
#4297=ORIENTED_EDGE('',*,*,#4270,.T.);
#4298=EDGE_LOOP('',(#4289,#4295,#4296,#4297));
#4299=FACE_BOUND('',#4298,.T.);
#4300=ADVANCED_FACE('',(#4299),#4281,.F.);
#4301=CARTESIAN_POINT('',(188.205416943,-103.262716951,12.06));
#4302=DIRECTION('',(0.354345777,0.935114469,0.));
#4303=DIRECTION('',(-0.935114469,0.354345777,0.));
#4304=AXIS2_PLACEMENT_3D('',#4301,#4302,#4303);
#4305=PLANE('',#4304);
#4306=CARTESIAN_POINT('',(189.123839738,-103.610737701,-0.06));
#4307=VERTEX_POINT('',#4306);
#4308=CARTESIAN_POINT('',(187.286994148,-102.914696201,-0.06));
#4309=DIRECTION('',(0.935114469,-0.354345777,0.));
#4310=VECTOR('',#4309,1.964300255);
#4311=LINE('',#4308,#4310);
#4312=EDGE_CURVE('',#4283,#4307,#4311,.T.);
#4313=ORIENTED_EDGE('',*,*,#4312,.T.);
#4314=CARTESIAN_POINT('',(189.123839738,-103.610737701,24.94));
#4315=DIRECTION('',(0.,0.,-1.));
#4316=VECTOR('',#4315,25.);
#4317=LINE('',#4314,#4316);
#4318=EDGE_CURVE('',#975,#4307,#4317,.T.);
#4319=ORIENTED_EDGE('',*,*,#4318,.F.);
#4320=ORIENTED_EDGE('',*,*,#980,.F.);
#4321=ORIENTED_EDGE('',*,*,#4294,.T.);
#4322=EDGE_LOOP('',(#4313,#4319,#4320,#4321));
#4323=FACE_BOUND('',#4322,.T.);
#4324=ADVANCED_FACE('',(#4323),#4305,.F.);
#4325=CARTESIAN_POINT('',(189.914511168,-104.022357646,12.06));
#4326=DIRECTION('',(0.461768429,0.887000517,0.));
#4327=DIRECTION('',(-0.887000517,0.461768429,0.));
#4328=AXIS2_PLACEMENT_3D('',#4325,#4326,#4327);
#4329=PLANE('',#4328);
#4330=CARTESIAN_POINT('',(190.705182598,-104.433977591,-0.06));
#4331=VERTEX_POINT('',#4330);
#4332=CARTESIAN_POINT('',(189.123839738,-103.610737701,-0.06));
#4333=DIRECTION('',(0.887000517,-0.461768429,0.));
#4334=VECTOR('',#4333,1.782798126);
#4335=LINE('',#4332,#4334);
#4336=EDGE_CURVE('',#4307,#4331,#4335,.T.);
#4337=ORIENTED_EDGE('',*,*,#4336,.T.);
#4338=CARTESIAN_POINT('',(190.705182598,-104.433977591,24.94));
#4339=DIRECTION('',(0.,0.,-1.));
#4340=VECTOR('',#4339,25.);
#4341=LINE('',#4338,#4340);
#4342=EDGE_CURVE('',#983,#4331,#4341,.T.);
#4343=ORIENTED_EDGE('',*,*,#4342,.F.);
#4344=ORIENTED_EDGE('',*,*,#988,.F.);
#4345=ORIENTED_EDGE('',*,*,#4318,.T.);
#4346=EDGE_LOOP('',(#4337,#4343,#4344,#4345));
#4347=FACE_BOUND('',#4346,.T.);
#4348=ADVANCED_FACE('',(#4347),#4329,.F.);
#4349=CARTESIAN_POINT('',(191.048496748,-104.664075791,12.06));
#4350=DIRECTION('',(0.556745667,0.83068301,0.));
#4351=DIRECTION('',(-0.83068301,0.556745667,0.));
#4352=AXIS2_PLACEMENT_3D('',#4349,#4350,#4351);
#4353=PLANE('',#4352);
#4354=CARTESIAN_POINT('',(191.391810898,-104.894173991,-0.06));
#4355=VERTEX_POINT('',#4354);
#4356=CARTESIAN_POINT('',(190.705182598,-104.433977591,-0.06));
#4357=DIRECTION('',(0.83068301,-0.556745667,0.));
#4358=VECTOR('',#4357,0.826582814);
#4359=LINE('',#4356,#4358);
#4360=EDGE_CURVE('',#4331,#4355,#4359,.T.);
#4361=ORIENTED_EDGE('',*,*,#4360,.T.);
#4362=CARTESIAN_POINT('',(191.391810898,-104.894173991,24.94));
#4363=DIRECTION('',(0.,0.,-1.));
#4364=VECTOR('',#4363,25.);
#4365=LINE('',#4362,#4364);
#4366=EDGE_CURVE('',#991,#4355,#4365,.T.);
#4367=ORIENTED_EDGE('',*,*,#4366,.F.);
#4368=ORIENTED_EDGE('',*,*,#996,.F.);
#4369=ORIENTED_EDGE('',*,*,#4342,.T.);
#4370=EDGE_LOOP('',(#4361,#4367,#4368,#4369));
#4371=FACE_BOUND('',#4370,.T.);
#4372=ADVANCED_FACE('',(#4371),#4353,.F.);
#4373=CARTESIAN_POINT('',(191.698249443,-105.140697821,12.06));
#4374=DIRECTION('',(0.626821403,0.779162967,0.));
#4375=DIRECTION('',(-0.779162967,0.626821403,0.));
#4376=AXIS2_PLACEMENT_3D('',#4373,#4374,#4375);
#4377=PLANE('',#4376);
#4378=CARTESIAN_POINT('',(192.004687988,-105.387221651,-0.06));
#4379=VERTEX_POINT('',#4378);
#4380=CARTESIAN_POINT('',(191.391810898,-104.894173991,-0.06));
#4381=DIRECTION('',(0.779162967,-0.626821403,0.));
#4382=VECTOR('',#4381,0.786583958);
#4383=LINE('',#4380,#4382);
#4384=EDGE_CURVE('',#4355,#4379,#4383,.T.);
#4385=ORIENTED_EDGE('',*,*,#4384,.T.);
#4386=CARTESIAN_POINT('',(192.004687988,-105.387221651,24.94));
#4387=DIRECTION('',(0.,0.,-1.));
#4388=VECTOR('',#4387,25.);
#4389=LINE('',#4386,#4388);
#4390=EDGE_CURVE('',#999,#4379,#4389,.T.);
#4391=ORIENTED_EDGE('',*,*,#4390,.F.);
#4392=ORIENTED_EDGE('',*,*,#1004,.F.);
#4393=ORIENTED_EDGE('',*,*,#4366,.T.);
#4394=EDGE_LOOP('',(#4385,#4391,#4392,#4393));
#4395=FACE_BOUND('',#4394,.T.);
#4396=ADVANCED_FACE('',(#4395),#4377,.F.);
#4397=CARTESIAN_POINT('',(192.272605133,-105.650347861,12.06));
#4398=DIRECTION('',(0.700698933,0.71345708,0.));
#4399=DIRECTION('',(-0.71345708,0.700698933,0.));
#4400=AXIS2_PLACEMENT_3D('',#4397,#4398,#4399);
#4401=PLANE('',#4400);
#4402=CARTESIAN_POINT('',(192.540522278,-105.913474071,-0.06));
#4403=VERTEX_POINT('',#4402);
#4404=CARTESIAN_POINT('',(192.004687988,-105.387221651,-0.06));
#4405=DIRECTION('',(0.71345708,-0.700698933,0.));
#4406=VECTOR('',#4405,0.751039277);
#4407=LINE('',#4404,#4406);
#4408=EDGE_CURVE('',#4379,#4403,#4407,.T.);
#4409=ORIENTED_EDGE('',*,*,#4408,.T.);
#4410=CARTESIAN_POINT('',(192.540522278,-105.913474071,24.94));
#4411=DIRECTION('',(0.,0.,-1.));
#4412=VECTOR('',#4411,25.);
#4413=LINE('',#4410,#4412);
#4414=EDGE_CURVE('',#1007,#4403,#4413,.T.);
#4415=ORIENTED_EDGE('',*,*,#4414,.F.);
#4416=ORIENTED_EDGE('',*,*,#1012,.F.);
#4417=ORIENTED_EDGE('',*,*,#4390,.T.);
#4418=EDGE_LOOP('',(#4409,#4415,#4416,#4417));
#4419=FACE_BOUND('',#4418,.T.);
#4420=ADVANCED_FACE('',(#4419),#4401,.F.);
#4421=CARTESIAN_POINT('',(192.768271723,-106.193376886,12.06));
#4422=DIRECTION('',(0.7756684,0.631140661,0.));
#4423=DIRECTION('',(-0.631140661,0.7756684,0.));
#4424=AXIS2_PLACEMENT_3D('',#4421,#4422,#4423);
#4425=PLANE('',#4424);
#4426=CARTESIAN_POINT('',(192.996021168,-106.473279701,-0.06));
#4427=VERTEX_POINT('',#4426);
#4428=CARTESIAN_POINT('',(192.540522278,-105.913474071,-0.06));
#4429=DIRECTION('',(0.631140661,-0.7756684,0.));
#4430=VECTOR('',#4429,0.721707408);
#4431=LINE('',#4428,#4430);
#4432=EDGE_CURVE('',#4403,#4427,#4431,.T.);
#4433=ORIENTED_EDGE('',*,*,#4432,.T.);
#4434=CARTESIAN_POINT('',(192.996021168,-106.473279701,24.94));
#4435=DIRECTION('',(0.,0.,-1.));
#4436=VECTOR('',#4435,25.);
#4437=LINE('',#4434,#4436);
#4438=EDGE_CURVE('',#1015,#4427,#4437,.T.);
#4439=ORIENTED_EDGE('',*,*,#4438,.F.);
#4440=ORIENTED_EDGE('',*,*,#1020,.F.);
#4441=ORIENTED_EDGE('',*,*,#4414,.T.);
#4442=EDGE_LOOP('',(#4433,#4439,#4440,#4441));
#4443=FACE_BOUND('',#4442,.T.);
#4444=ADVANCED_FACE('',(#4443),#4425,.F.);
#4445=CARTESIAN_POINT('',(193.181957623,-106.770134861,12.06));
#4446=DIRECTION('',(0.847482127,0.530823929,0.));
#4447=DIRECTION('',(-0.530823929,0.847482127,0.));
#4448=AXIS2_PLACEMENT_3D('',#4445,#4446,#4447);
#4449=PLANE('',#4448);
#4450=CARTESIAN_POINT('',(193.367894078,-107.066990021,-0.06));
#4451=VERTEX_POINT('',#4450);
#4452=CARTESIAN_POINT('',(192.996021168,-106.473279701,-0.06));
#4453=DIRECTION('',(0.530823929,-0.847482127,0.));
#4454=VECTOR('',#4453,0.700557924);
#4455=LINE('',#4452,#4454);
#4456=EDGE_CURVE('',#4427,#4451,#4455,.T.);
#4457=ORIENTED_EDGE('',*,*,#4456,.T.);
#4458=CARTESIAN_POINT('',(193.367894078,-107.066990021,24.94));
#4459=DIRECTION('',(0.,0.,-1.));
#4460=VECTOR('',#4459,25.);
#4461=LINE('',#4458,#4460);
#4462=EDGE_CURVE('',#1023,#4451,#4461,.T.);
#4463=ORIENTED_EDGE('',*,*,#4462,.F.);
#4464=ORIENTED_EDGE('',*,*,#1028,.F.);
#4465=ORIENTED_EDGE('',*,*,#4438,.T.);
#4466=EDGE_LOOP('',(#4457,#4463,#4464,#4465));
#4467=FACE_BOUND('',#4466,.T.);
#4468=ADVANCED_FACE('',(#4467),#4449,.F.);
#4469=CARTESIAN_POINT('',(193.510371748,-107.380972761,12.06));
#4470=DIRECTION('',(0.910630427,0.413221763,0.));
#4471=DIRECTION('',(-0.413221763,0.910630427,0.));
#4472=AXIS2_PLACEMENT_3D('',#4469,#4470,#4471);
#4473=PLANE('',#4472);
#4474=CARTESIAN_POINT('',(193.652849418,-107.694955501,-0.06));
#4475=VERTEX_POINT('',#4474);
#4476=CARTESIAN_POINT('',(193.367894078,-107.066990021,-0.06));
#4477=DIRECTION('',(0.413221763,-0.910630427,0.));
#4478=VECTOR('',#4477,0.689594221);
#4479=LINE('',#4476,#4478);
#4480=EDGE_CURVE('',#4451,#4475,#4479,.T.);
#4481=ORIENTED_EDGE('',*,*,#4480,.T.);
#4482=CARTESIAN_POINT('',(193.652849418,-107.694955501,24.94));
#4483=DIRECTION('',(0.,0.,-1.));
#4484=VECTOR('',#4483,25.);
#4485=LINE('',#4482,#4484);
#4486=EDGE_CURVE('',#1031,#4475,#4485,.T.);
#4487=ORIENTED_EDGE('',*,*,#4486,.F.);
#4488=ORIENTED_EDGE('',*,*,#1036,.F.);
#4489=ORIENTED_EDGE('',*,*,#4462,.T.);
#4490=EDGE_LOOP('',(#4481,#4487,#4488,#4489));
#4491=FACE_BOUND('',#4490,.T.);
#4492=ADVANCED_FACE('',(#4491),#4473,.F.);
#4493=CARTESIAN_POINT('',(193.759152928,-108.026069861,12.06));
#4494=DIRECTION('',(0.952134147,0.305680496,0.));
#4495=DIRECTION('',(-0.305680496,0.952134147,0.));
#4496=AXIS2_PLACEMENT_3D('',#4493,#4494,#4495);
#4497=PLANE('',#4496);
#4498=CARTESIAN_POINT('',(193.865456438,-108.357184221,-0.06));
#4499=VERTEX_POINT('',#4498);
#4500=CARTESIAN_POINT('',(193.652849418,-107.694955501,-0.06));
#4501=DIRECTION('',(0.305680496,-0.952134147,0.));
#4502=VECTOR('',#4501,0.695520397);
#4503=LINE('',#4500,#4502);
#4504=EDGE_CURVE('',#4475,#4499,#4503,.T.);
#4505=ORIENTED_EDGE('',*,*,#4504,.T.);
#4506=CARTESIAN_POINT('',(193.865456438,-108.357184221,24.94));
#4507=DIRECTION('',(0.,0.,-1.));
#4508=VECTOR('',#4507,25.);
#4509=LINE('',#4506,#4508);
#4510=EDGE_CURVE('',#1039,#4499,#4509,.T.);
#4511=ORIENTED_EDGE('',*,*,#4510,.F.);
#4512=ORIENTED_EDGE('',*,*,#1044,.F.);
#4513=ORIENTED_EDGE('',*,*,#4486,.T.);
#4514=EDGE_LOOP('',(#4505,#4511,#4512,#4513));
#4515=FACE_BOUND('',#4514,.T.);
#4516=ADVANCED_FACE('',(#4515),#4497,.F.);
#4517=CARTESIAN_POINT('',(193.944051103,-108.704911061,12.06));
#4518=DIRECTION('',(0.975395358,0.220462911,0.));
#4519=DIRECTION('',(-0.220462911,0.975395358,0.));
#4520=AXIS2_PLACEMENT_3D('',#4517,#4518,#4519);
#4521=PLANE('',#4520);
#4522=CARTESIAN_POINT('',(194.022645768,-109.052637901,-0.06));
#4523=VERTEX_POINT('',#4522);
#4524=CARTESIAN_POINT('',(193.865456438,-108.357184221,-0.06));
#4525=DIRECTION('',(0.220462911,-0.975395358,0.));
#4526=VECTOR('',#4525,0.712996709);
#4527=LINE('',#4524,#4526);
#4528=EDGE_CURVE('',#4499,#4523,#4527,.T.);
#4529=ORIENTED_EDGE('',*,*,#4528,.T.);
#4530=CARTESIAN_POINT('',(194.022645768,-109.052637901,24.94));
#4531=DIRECTION('',(0.,0.,-1.));
#4532=VECTOR('',#4531,25.);
#4533=LINE('',#4530,#4532);
#4534=EDGE_CURVE('',#1047,#4523,#4533,.T.);
#4535=ORIENTED_EDGE('',*,*,#4534,.F.);
#4536=ORIENTED_EDGE('',*,*,#1052,.F.);
#4537=ORIENTED_EDGE('',*,*,#4510,.T.);
#4538=EDGE_LOOP('',(#4529,#4535,#4536,#4537));
#4539=FACE_BOUND('',#4538,.T.);
#4540=ADVANCED_FACE('',(#4539),#4521,.F.);
#4541=CARTESIAN_POINT('',(194.073683088,-109.416339911,12.06));
#4542=DIRECTION('',(0.990297191,0.138965728,0.));
#4543=DIRECTION('',(-0.138965728,0.990297191,0.));
#4544=AXIS2_PLACEMENT_3D('',#4541,#4542,#4543);
#4545=PLANE('',#4544);
#4546=CARTESIAN_POINT('',(194.124720408,-109.780041921,-0.06));
#4547=VERTEX_POINT('',#4546);
#4548=CARTESIAN_POINT('',(194.022645768,-109.052637901,-0.06));
#4549=DIRECTION('',(0.138965728,-0.990297191,0.));
#4550=VECTOR('',#4549,0.734531034);
#4551=LINE('',#4548,#4550);
#4552=EDGE_CURVE('',#4523,#4547,#4551,.T.);
#4553=ORIENTED_EDGE('',*,*,#4552,.T.);
#4554=CARTESIAN_POINT('',(194.124720408,-109.780041921,24.94));
#4555=DIRECTION('',(0.,0.,-1.));
#4556=VECTOR('',#4555,25.);
#4557=LINE('',#4554,#4556);
#4558=EDGE_CURVE('',#1055,#4547,#4557,.T.);
#4559=ORIENTED_EDGE('',*,*,#4558,.F.);
#4560=ORIENTED_EDGE('',*,*,#1060,.F.);
#4561=ORIENTED_EDGE('',*,*,#4534,.T.);
#4562=EDGE_LOOP('',(#4553,#4559,#4560,#4561));
#4563=FACE_BOUND('',#4562,.T.);
#4564=ADVANCED_FACE('',(#4563),#4545,.F.);
#4565=CARTESIAN_POINT('',(194.148351883,-110.159081286,12.06));
#4566=DIRECTION('',(0.998062154,0.062224885,0.));
#4567=DIRECTION('',(-0.062224885,0.998062154,0.));
#4568=AXIS2_PLACEMENT_3D('',#4565,#4566,#4567);
#4569=PLANE('',#4568);
#4570=CARTESIAN_POINT('',(194.171983358,-110.538120651,-0.06));
#4571=VERTEX_POINT('',#4570);
#4572=CARTESIAN_POINT('',(194.124720408,-109.780041921,-0.06));
#4573=DIRECTION('',(0.062224885,-0.998062154,0.));
#4574=VECTOR('',#4573,0.759550622);
#4575=LINE('',#4572,#4574);
#4576=EDGE_CURVE('',#4547,#4571,#4575,.T.);
#4577=ORIENTED_EDGE('',*,*,#4576,.T.);
#4578=CARTESIAN_POINT('',(194.171983358,-110.538120651,24.94));
#4579=DIRECTION('',(0.,0.,-1.));
#4580=VECTOR('',#4579,25.);
#4581=LINE('',#4578,#4580);
#4582=EDGE_CURVE('',#1063,#4571,#4581,.T.);
#4583=ORIENTED_EDGE('',*,*,#4582,.F.);
#4584=ORIENTED_EDGE('',*,*,#1068,.F.);
#4585=ORIENTED_EDGE('',*,*,#4558,.T.);
#4586=EDGE_LOOP('',(#4577,#4583,#4584,#4585));
#4587=FACE_BOUND('',#4586,.T.);
#4588=ADVANCED_FACE('',(#4587),#4569,.F.);
#4589=CARTESIAN_POINT('',(194.168361498,-110.931861576,12.06));
#4590=DIRECTION('',(0.999957696,-0.009198197,0.));
#4591=DIRECTION('',(0.009198197,0.999957696,0.));
#4592=AXIS2_PLACEMENT_3D('',#4589,#4590,#4591);
#4593=PLANE('',#4592);
#4594=CARTESIAN_POINT('',(194.164739638,-111.325602501,-0.06));
#4595=VERTEX_POINT('',#4594);
#4596=CARTESIAN_POINT('',(194.171983358,-110.538120651,-0.06));
#4597=DIRECTION('',(-0.009198197,-0.999957696,0.));
#4598=VECTOR('',#4597,0.787515165);
#4599=LINE('',#4596,#4598);
#4600=EDGE_CURVE('',#4571,#4595,#4599,.T.);
#4601=ORIENTED_EDGE('',*,*,#4600,.T.);
#4602=CARTESIAN_POINT('',(194.164739638,-111.325602501,24.94));
#4603=DIRECTION('',(0.,0.,-1.));
#4604=VECTOR('',#4603,25.);
#4605=LINE('',#4602,#4604);
#4606=EDGE_CURVE('',#1071,#4595,#4605,.T.);
#4607=ORIENTED_EDGE('',*,*,#4606,.F.);
#4608=ORIENTED_EDGE('',*,*,#1076,.F.);
#4609=ORIENTED_EDGE('',*,*,#4582,.T.);
#4610=EDGE_LOOP('',(#4601,#4607,#4608,#4609));
#4611=FACE_BOUND('',#4610,.T.);
#4612=ADVANCED_FACE('',(#4611),#4593,.F.);
#4613=CARTESIAN_POINT('',(194.134015438,-111.733407171,12.06));
#4614=DIRECTION('',(0.997173931,-0.075127564,0.));
#4615=DIRECTION('',(0.075127564,0.997173931,0.));
#4616=AXIS2_PLACEMENT_3D('',#4613,#4614,#4615);
#4617=PLANE('',#4616);
#4618=CARTESIAN_POINT('',(194.103291238,-112.141211841,-0.06));
#4619=VERTEX_POINT('',#4618);
#4620=CARTESIAN_POINT('',(194.164739638,-111.325602501,-0.06));
#4621=DIRECTION('',(-0.075127564,-0.997173931,0.));
#4622=VECTOR('',#4621,0.817920841);
#4623=LINE('',#4620,#4622);
#4624=EDGE_CURVE('',#4595,#4619,#4623,.T.);
#4625=ORIENTED_EDGE('',*,*,#4624,.T.);
#4626=CARTESIAN_POINT('',(194.103291238,-112.141211841,24.94));
#4627=DIRECTION('',(0.,0.,-1.));
#4628=VECTOR('',#4627,25.);
#4629=LINE('',#4626,#4628);
#4630=EDGE_CURVE('',#1079,#4619,#4629,.T.);
#4631=ORIENTED_EDGE('',*,*,#4630,.F.);
#4632=ORIENTED_EDGE('',*,*,#1084,.F.);
#4633=ORIENTED_EDGE('',*,*,#4606,.T.);
#4634=EDGE_LOOP('',(#4625,#4631,#4632,#4633));
#4635=FACE_BOUND('',#4634,.T.);
#4636=ADVANCED_FACE('',(#4635),#4617,.F.);
#4637=CARTESIAN_POINT('',(194.045617208,-112.562442946,12.06));
#4638=DIRECTION('',(0.990756521,-0.135652189,0.));
#4639=DIRECTION('',(0.135652189,0.990756521,0.));
#4640=AXIS2_PLACEMENT_3D('',#4637,#4638,#4639);
#4641=PLANE('',#4640);
#4642=CARTESIAN_POINT('',(193.987943178,-112.983674051,-0.06));
#4643=VERTEX_POINT('',#4642);
#4644=CARTESIAN_POINT('',(194.103291238,-112.141211841,-0.06));
#4645=DIRECTION('',(-0.135652189,-0.990756521,0.));
#4646=VECTOR('',#4645,0.850322145);
#4647=LINE('',#4644,#4646);
#4648=EDGE_CURVE('',#4619,#4643,#4647,.T.);
#4649=ORIENTED_EDGE('',*,*,#4648,.T.);
#4650=CARTESIAN_POINT('',(193.987943178,-112.983674051,24.94));
#4651=DIRECTION('',(0.,0.,-1.));
#4652=VECTOR('',#4651,25.);
#4653=LINE('',#4650,#4652);
#4654=EDGE_CURVE('',#1087,#4643,#4653,.T.);
#4655=ORIENTED_EDGE('',*,*,#4654,.F.);
#4656=ORIENTED_EDGE('',*,*,#1092,.F.);
#4657=ORIENTED_EDGE('',*,*,#4630,.T.);
#4658=EDGE_LOOP('',(#4649,#4655,#4656,#4657));
#4659=FACE_BOUND('',#4658,.T.);
#4660=ADVANCED_FACE('',(#4659),#4641,.F.);
#4661=CARTESIAN_POINT('',(193.903470313,-113.417694786,12.06));
#4662=DIRECTION('',(0.981581499,-0.191043871,0.));
#4663=DIRECTION('',(0.191043871,0.981581499,0.));
#4664=AXIS2_PLACEMENT_3D('',#4661,#4662,#4663);
#4665=PLANE('',#4664);
#4666=CARTESIAN_POINT('',(193.818997448,-113.851715521,-0.06));
#4667=VERTEX_POINT('',#4666);
#4668=CARTESIAN_POINT('',(193.987943178,-112.983674051,-0.06));
#4669=DIRECTION('',(-0.191043871,-0.981581499,0.));
#4670=VECTOR('',#4669,0.884329494);
#4671=LINE('',#4668,#4670);
#4672=EDGE_CURVE('',#4643,#4667,#4671,.T.);
#4673=ORIENTED_EDGE('',*,*,#4672,.T.);
#4674=CARTESIAN_POINT('',(193.818997448,-113.851715521,24.94));
#4675=DIRECTION('',(0.,0.,-1.));
#4676=VECTOR('',#4675,25.);
#4677=LINE('',#4674,#4676);
#4678=EDGE_CURVE('',#1095,#4667,#4677,.T.);
#4679=ORIENTED_EDGE('',*,*,#4678,.F.);
#4680=ORIENTED_EDGE('',*,*,#1100,.F.);
#4681=ORIENTED_EDGE('',*,*,#4654,.T.);
#4682=EDGE_LOOP('',(#4673,#4679,#4680,#4681));
#4683=FACE_BOUND('',#4682,.T.);
#4684=ADVANCED_FACE('',(#4683),#4665,.F.);
#4685=CARTESIAN_POINT('',(193.707878258,-114.297888071,12.06));
#4686=DIRECTION('',(0.970359059,-0.241667742,0.));
#4687=DIRECTION('',(0.241667742,0.970359059,0.));
#4688=AXIS2_PLACEMENT_3D('',#4685,#4686,#4687);
#4689=PLANE('',#4688);
#4690=CARTESIAN_POINT('',(193.596759068,-114.744060621,-0.06));
#4691=VERTEX_POINT('',#4690);
#4692=CARTESIAN_POINT('',(193.818997448,-113.851715521,-0.06));
#4693=DIRECTION('',(-0.241667742,-0.970359059,0.));
#4694=VECTOR('',#4693,0.919602999);
#4695=LINE('',#4692,#4694);
#4696=EDGE_CURVE('',#4667,#4691,#4695,.T.);
#4697=ORIENTED_EDGE('',*,*,#4696,.T.);
#4698=CARTESIAN_POINT('',(193.596759068,-114.744060621,24.94));
#4699=DIRECTION('',(0.,0.,-1.));
#4700=VECTOR('',#4699,25.);
#4701=LINE('',#4698,#4700);
#4702=EDGE_CURVE('',#1103,#4691,#4701,.T.);
#4703=ORIENTED_EDGE('',*,*,#4702,.F.);
#4704=ORIENTED_EDGE('',*,*,#1108,.F.);
#4705=ORIENTED_EDGE('',*,*,#4678,.T.);
#4706=EDGE_LOOP('',(#4697,#4703,#4704,#4705));
#4707=FACE_BOUND('',#4706,.T.);
#4708=ADVANCED_FACE('',(#4707),#4689,.F.);
#4709=CARTESIAN_POINT('',(193.459145053,-115.201749191,12.06));
#4710=DIRECTION('',(0.957649053,-0.287937999,0.));
#4711=DIRECTION('',(0.287937999,0.957649053,0.));
#4712=AXIS2_PLACEMENT_3D('',#4709,#4710,#4711);
#4713=PLANE('',#4712);
#4714=CARTESIAN_POINT('',(193.321531038,-115.659437761,-0.06));
#4715=VERTEX_POINT('',#4714);
#4716=CARTESIAN_POINT('',(193.596759068,-114.744060621,-0.06));
#4717=DIRECTION('',(-0.287937999,-0.957649053,0.));
#4718=VECTOR('',#4717,0.955858659);
#4719=LINE('',#4716,#4718);
#4720=EDGE_CURVE('',#4691,#4715,#4719,.T.);
#4721=ORIENTED_EDGE('',*,*,#4720,.T.);
#4722=CARTESIAN_POINT('',(193.321531038,-115.659437761,24.94));
#4723=DIRECTION('',(0.,0.,-1.));
#4724=VECTOR('',#4723,25.);
#4725=LINE('',#4722,#4724);
#4726=EDGE_CURVE('',#1111,#4715,#4725,.T.);
#4727=ORIENTED_EDGE('',*,*,#4726,.F.);
#4728=ORIENTED_EDGE('',*,*,#1116,.F.);
#4729=ORIENTED_EDGE('',*,*,#4702,.T.);
#4730=EDGE_LOOP('',(#4721,#4727,#4728,#4729));
#4731=FACE_BOUND('',#4730,.T.);
#4732=ADVANCED_FACE('',(#4731),#4713,.F.);
#4733=CARTESIAN_POINT('',(193.157573698,-116.128003526,12.06));
#4734=DIRECTION('',(0.943883903,-0.330277424,0.));
#4735=DIRECTION('',(0.330277424,0.943883903,0.));
#4736=AXIS2_PLACEMENT_3D('',#4733,#4734,#4735);
#4737=PLANE('',#4736);
#4738=CARTESIAN_POINT('',(192.993616358,-116.596569291,-0.06));
#4739=VERTEX_POINT('',#4738);
#4740=CARTESIAN_POINT('',(193.321531038,-115.659437761,-0.06));
#4741=DIRECTION('',(-0.330277424,-0.943883903,0.));
#4742=VECTOR('',#4741,0.992846182);
#4743=LINE('',#4740,#4742);
#4744=EDGE_CURVE('',#4715,#4739,#4743,.T.);
#4745=ORIENTED_EDGE('',*,*,#4744,.T.);
#4746=CARTESIAN_POINT('',(192.993616358,-116.596569291,24.94));
#4747=DIRECTION('',(0.,0.,-1.));
#4748=VECTOR('',#4747,25.);
#4749=LINE('',#4746,#4748);
#4750=EDGE_CURVE('',#1119,#4739,#4749,.T.);
#4751=ORIENTED_EDGE('',*,*,#4750,.F.);
#4752=ORIENTED_EDGE('',*,*,#1124,.F.);
#4753=ORIENTED_EDGE('',*,*,#4726,.T.);
#4754=EDGE_LOOP('',(#4745,#4751,#4752,#4753));
#4755=FACE_BOUND('',#4754,.T.);
#4756=ADVANCED_FACE('',(#4755),#4737,.F.);
#4757=CARTESIAN_POINT('',(192.803467698,-117.075376456,12.06));
#4758=DIRECTION('',(0.929393642,-0.36909004,0.));
#4759=DIRECTION('',(0.36909004,0.929393642,0.));
#4760=AXIS2_PLACEMENT_3D('',#4757,#4758,#4759);
#4761=PLANE('',#4760);
#4762=CARTESIAN_POINT('',(192.613319038,-117.554183621,-0.06));
#4763=VERTEX_POINT('',#4762);
#4764=CARTESIAN_POINT('',(192.993616358,-116.596569291,-0.06));
#4765=DIRECTION('',(-0.36909004,-0.929393642,0.));
#4766=VECTOR('',#4765,1.030364623);
#4767=LINE('',#4764,#4766);
#4768=EDGE_CURVE('',#4739,#4763,#4767,.T.);
#4769=ORIENTED_EDGE('',*,*,#4768,.T.);
#4770=CARTESIAN_POINT('',(192.613319038,-117.554183621,24.94));
#4771=DIRECTION('',(0.,0.,-1.));
#4772=VECTOR('',#4771,25.);
#4773=LINE('',#4770,#4772);
#4774=EDGE_CURVE('',#1127,#4763,#4773,.T.);
#4775=ORIENTED_EDGE('',*,*,#4774,.F.);
#4776=ORIENTED_EDGE('',*,*,#1132,.F.);
#4777=ORIENTED_EDGE('',*,*,#4750,.T.);
#4778=EDGE_LOOP('',(#4769,#4775,#4776,#4777));
#4779=FACE_BOUND('',#4778,.T.);
#4780=ADVANCED_FACE('',(#4779),#4761,.F.);
#4781=CARTESIAN_POINT('',(192.397131063,-118.042594371,12.06));
#4782=DIRECTION('',(0.914424387,-0.404756768,0.));
#4783=DIRECTION('',(0.404756768,0.914424387,0.));
#4784=AXIS2_PLACEMENT_3D('',#4781,#4782,#4783);
#4785=PLANE('',#4784);
#4786=CARTESIAN_POINT('',(192.180943088,-118.531005121,-0.06));
#4787=VERTEX_POINT('',#4786);
#4788=CARTESIAN_POINT('',(192.613319038,-117.554183621,-0.06));
#4789=DIRECTION('',(-0.404756768,-0.914424387,0.));
#4790=VECTOR('',#4789,1.068236493);
#4791=LINE('',#4788,#4790);
#4792=EDGE_CURVE('',#4763,#4787,#4791,.T.);
#4793=ORIENTED_EDGE('',*,*,#4792,.T.);
#4794=CARTESIAN_POINT('',(192.180943088,-118.531005121,24.94));
#4795=DIRECTION('',(0.,0.,-1.));
#4796=VECTOR('',#4795,25.);
#4797=LINE('',#4794,#4796);
#4798=EDGE_CURVE('',#1135,#4787,#4797,.T.);
#4799=ORIENTED_EDGE('',*,*,#4798,.F.);
#4800=ORIENTED_EDGE('',*,*,#1140,.F.);
#4801=ORIENTED_EDGE('',*,*,#4774,.T.);
#4802=EDGE_LOOP('',(#4793,#4799,#4800,#4801));
#4803=FACE_BOUND('',#4802,.T.);
#4804=ADVANCED_FACE('',(#4803),#4785,.F.);
#4805=CARTESIAN_POINT('',(191.938867298,-119.028382651,12.06));
#4806=DIRECTION('',(0.899158026,-0.437624091,0.));
#4807=DIRECTION('',(0.437624091,0.899158026,0.));
#4808=AXIS2_PLACEMENT_3D('',#4805,#4806,#4807);
#4809=PLANE('',#4808);
#4810=CARTESIAN_POINT('',(191.696791508,-119.525760181,-0.06));
#4811=VERTEX_POINT('',#4810);
#4812=CARTESIAN_POINT('',(192.180943088,-118.531005121,-0.06));
#4813=DIRECTION('',(-0.437624091,-0.899158026,0.));
#4814=VECTOR('',#4813,1.106318391);
#4815=LINE('',#4812,#4814);
#4816=EDGE_CURVE('',#4787,#4811,#4815,.T.);
#4817=ORIENTED_EDGE('',*,*,#4816,.T.);
#4818=CARTESIAN_POINT('',(191.696791508,-119.525760181,24.94));
#4819=DIRECTION('',(0.,0.,-1.));
#4820=VECTOR('',#4819,25.);
#4821=LINE('',#4818,#4820);
#4822=EDGE_CURVE('',#1143,#4811,#4821,.T.);
#4823=ORIENTED_EDGE('',*,*,#4822,.F.);
#4824=ORIENTED_EDGE('',*,*,#1148,.F.);
#4825=ORIENTED_EDGE('',*,*,#4798,.T.);
#4826=EDGE_LOOP('',(#4817,#4823,#4824,#4825));
#4827=FACE_BOUND('',#4826,.T.);
#4828=ADVANCED_FACE('',(#4827),#4809,.F.);
#4829=CARTESIAN_POINT('',(191.135584503,-120.544866846,12.06));
#4830=DIRECTION('',(0.875962323,-0.482379528,0.));
#4831=DIRECTION('',(0.482379528,0.875962323,0.));
#4832=AXIS2_PLACEMENT_3D('',#4829,#4830,#4831);
#4833=PLANE('',#4832);
#4834=CARTESIAN_POINT('',(190.574377498,-121.563973511,-0.06));
#4835=VERTEX_POINT('',#4834);
#4836=CARTESIAN_POINT('',(191.696791508,-119.525760181,-0.06));
#4837=DIRECTION('',(-0.482379528,-0.875962323,0.));
#4838=VECTOR('',#4837,2.326827623);
#4839=LINE('',#4836,#4838);
#4840=EDGE_CURVE('',#4811,#4835,#4839,.T.);
#4841=ORIENTED_EDGE('',*,*,#4840,.T.);
#4842=CARTESIAN_POINT('',(190.574377498,-121.563973511,24.94));
#4843=DIRECTION('',(0.,0.,-1.));
#4844=VECTOR('',#4843,25.);
#4845=LINE('',#4842,#4844);
#4846=EDGE_CURVE('',#1151,#4835,#4845,.T.);
#4847=ORIENTED_EDGE('',*,*,#4846,.F.);
#4848=ORIENTED_EDGE('',*,*,#1156,.F.);
#4849=ORIENTED_EDGE('',*,*,#4822,.T.);
#4850=EDGE_LOOP('',(#4841,#4847,#4848,#4849));
#4851=FACE_BOUND('',#4850,.T.);
#4852=ADVANCED_FACE('',(#4851),#4833,.F.);
#4853=CARTESIAN_POINT('',(189.911440768,-122.611300586,12.06));
#4854=DIRECTION('',(0.844954132,-0.534838775,0.));
#4855=DIRECTION('',(0.534838775,0.844954132,0.));
#4856=AXIS2_PLACEMENT_3D('',#4853,#4854,#4855);
#4857=PLANE('',#4856);
#4858=CARTESIAN_POINT('',(189.248504038,-123.658627661,-0.06));
#4859=VERTEX_POINT('',#4858);
#4860=CARTESIAN_POINT('',(190.574377498,-121.563973511,-0.06));
#4861=DIRECTION('',(-0.534838775,-0.844954132,0.));
#4862=VECTOR('',#4861,2.479015216);
#4863=LINE('',#4860,#4862);
#4864=EDGE_CURVE('',#4835,#4859,#4863,.T.);
#4865=ORIENTED_EDGE('',*,*,#4864,.T.);
#4866=CARTESIAN_POINT('',(189.248504038,-123.658627661,24.94));
#4867=DIRECTION('',(0.,0.,-1.));
#4868=VECTOR('',#4867,25.);
#4869=LINE('',#4866,#4868);
#4870=EDGE_CURVE('',#1159,#4859,#4869,.T.);
#4871=ORIENTED_EDGE('',*,*,#4870,.F.);
#4872=ORIENTED_EDGE('',*,*,#1164,.F.);
#4873=ORIENTED_EDGE('',*,*,#4846,.T.);
#4874=EDGE_LOOP('',(#4865,#4871,#4872,#4873));
#4875=FACE_BOUND('',#4874,.T.);
#4876=ADVANCED_FACE('',(#4875),#4857,.F.);
#4877=CARTESIAN_POINT('',(188.485052613,-124.729078686,12.06));
#4878=DIRECTION('',(0.81414927,-0.580655635,0.));
#4879=DIRECTION('',(0.580655635,0.81414927,0.));
#4880=AXIS2_PLACEMENT_3D('',#4877,#4878,#4879);
#4881=PLANE('',#4880);
#4882=CARTESIAN_POINT('',(187.721601188,-125.799529711,-0.06));
#4883=VERTEX_POINT('',#4882);
#4884=CARTESIAN_POINT('',(189.248504038,-123.658627661,-0.06));
#4885=DIRECTION('',(-0.580655635,-0.81414927,0.));
#4886=VECTOR('',#4885,2.629618585);
#4887=LINE('',#4884,#4886);
#4888=EDGE_CURVE('',#4859,#4883,#4887,.T.);
#4889=ORIENTED_EDGE('',*,*,#4888,.T.);
#4890=CARTESIAN_POINT('',(187.721601188,-125.799529711,24.94));
#4891=DIRECTION('',(0.,0.,-1.));
#4892=VECTOR('',#4891,25.);
#4893=LINE('',#4890,#4892);
#4894=EDGE_CURVE('',#1167,#4883,#4893,.T.);
#4895=ORIENTED_EDGE('',*,*,#4894,.F.);
#4896=ORIENTED_EDGE('',*,*,#1172,.F.);
#4897=ORIENTED_EDGE('',*,*,#4870,.T.);
#4898=EDGE_LOOP('',(#4889,#4895,#4896,#4897));
#4899=FACE_BOUND('',#4898,.T.);
#4900=ADVANCED_FACE('',(#4899),#4881,.F.);
#4901=CARTESIAN_POINT('',(186.858848583,-126.888007216,12.06));
#4902=DIRECTION('',(0.783680852,-0.621163684,0.));
#4903=DIRECTION('',(0.621163684,0.783680852,0.));
#4904=AXIS2_PLACEMENT_3D('',#4901,#4902,#4903);
#4905=PLANE('',#4904);
#4906=CARTESIAN_POINT('',(185.996095978,-127.976484721,-0.06));
#4907=VERTEX_POINT('',#4906);
#4908=CARTESIAN_POINT('',(187.721601188,-125.799529711,-0.06));
#4909=DIRECTION('',(-0.621163684,-0.783680852,0.));
#4910=VECTOR('',#4909,2.77785913);
#4911=LINE('',#4908,#4910);
#4912=EDGE_CURVE('',#4883,#4907,#4911,.T.);
#4913=ORIENTED_EDGE('',*,*,#4912,.T.);
#4914=CARTESIAN_POINT('',(185.996095978,-127.976484721,24.94));
#4915=DIRECTION('',(0.,0.,-1.));
#4916=VECTOR('',#4915,25.);
#4917=LINE('',#4914,#4916);
#4918=EDGE_CURVE('',#1175,#4907,#4917,.T.);
#4919=ORIENTED_EDGE('',*,*,#4918,.F.);
#4920=ORIENTED_EDGE('',*,*,#1180,.F.);
#4921=ORIENTED_EDGE('',*,*,#4894,.T.);
#4922=EDGE_LOOP('',(#4913,#4919,#4920,#4921));
#4923=FACE_BOUND('',#4922,.T.);
#4924=ADVANCED_FACE('',(#4923),#4905,.F.);
#4925=CARTESIAN_POINT('',(185.035257223,-129.077891236,12.06));
#4926=DIRECTION('',(0.753556406,-0.657383254,0.));
#4927=DIRECTION('',(0.657383254,0.753556406,0.));
#4928=AXIS2_PLACEMENT_3D('',#4925,#4926,#4927);
#4929=PLANE('',#4928);
#4930=CARTESIAN_POINT('',(184.074418468,-130.179297751,-0.06));
#4931=VERTEX_POINT('',#4930);
#4932=CARTESIAN_POINT('',(185.996095978,-127.976484721,-0.06));
#4933=DIRECTION('',(-0.657383254,-0.753556406,0.));
#4934=VECTOR('',#4933,2.923222485);
#4935=LINE('',#4932,#4934);
#4936=EDGE_CURVE('',#4907,#4931,#4935,.T.);
#4937=ORIENTED_EDGE('',*,*,#4936,.T.);
#4938=CARTESIAN_POINT('',(184.074418468,-130.179297751,24.94));
#4939=DIRECTION('',(0.,0.,-1.));
#4940=VECTOR('',#4939,25.);
#4941=LINE('',#4938,#4940);
#4942=EDGE_CURVE('',#1183,#4931,#4941,.T.);
#4943=ORIENTED_EDGE('',*,*,#4942,.F.);
#4944=ORIENTED_EDGE('',*,*,#1188,.F.);
#4945=ORIENTED_EDGE('',*,*,#4918,.T.);
#4946=EDGE_LOOP('',(#4937,#4943,#4944,#4945));
#4947=FACE_BOUND('',#4946,.T.);
#4948=ADVANCED_FACE('',(#4947),#4929,.F.);
#4949=CARTESIAN_POINT('',(183.746446218,-130.523247191,12.06));
#4950=DIRECTION('',(0.723716045,-0.690097881,0.));
#4951=DIRECTION('',(0.690097881,0.723716045,0.));
#4952=AXIS2_PLACEMENT_3D('',#4949,#4950,#4951);
#4953=PLANE('',#4952);
#4954=CARTESIAN_POINT('',(183.418473968,-130.867196631,-0.06));
#4955=VERTEX_POINT('',#4954);
#4956=CARTESIAN_POINT('',(184.074418468,-130.179297751,-0.06));
#4957=DIRECTION('',(-0.690097881,-0.723716045,0.));
#4958=VECTOR('',#4957,0.950509367);
#4959=LINE('',#4956,#4958);
#4960=EDGE_CURVE('',#4931,#4955,#4959,.T.);
#4961=ORIENTED_EDGE('',*,*,#4960,.T.);
#4962=CARTESIAN_POINT('',(183.418473968,-130.867196631,24.94));
#4963=DIRECTION('',(0.,0.,-1.));
#4964=VECTOR('',#4963,25.);
#4965=LINE('',#4962,#4964);
#4966=EDGE_CURVE('',#1191,#4955,#4965,.T.);
#4967=ORIENTED_EDGE('',*,*,#4966,.F.);
#4968=ORIENTED_EDGE('',*,*,#1196,.F.);
#4969=ORIENTED_EDGE('',*,*,#4942,.T.);
#4970=EDGE_LOOP('',(#4961,#4967,#4968,#4969));
#4971=FACE_BOUND('',#4970,.T.);
#4972=ADVANCED_FACE('',(#4971),#4953,.F.);
#4973=CARTESIAN_POINT('',(192.548906288,-138.791954581,12.06));
#4974=DIRECTION('',(0.655483795,0.755209239,0.));
#4975=DIRECTION('',(-0.755209239,0.655483795,0.));
#4976=AXIS2_PLACEMENT_3D('',#4973,#4974,#4975);
#4977=PLANE('',#4976);
#4978=CARTESIAN_POINT('',(201.679338608,-146.716712531,-0.06));
#4979=VERTEX_POINT('',#4978);
#4980=CARTESIAN_POINT('',(183.418473968,-130.867196631,-0.06));
#4981=DIRECTION('',(0.755209239,-0.655483795,0.));
#4982=VECTOR('',#4981,24.179874517);
#4983=LINE('',#4980,#4982);
#4984=EDGE_CURVE('',#4955,#4979,#4983,.T.);
#4985=ORIENTED_EDGE('',*,*,#4984,.T.);
#4986=CARTESIAN_POINT('',(201.679338608,-146.716712531,24.94));
#4987=DIRECTION('',(0.,0.,-1.));
#4988=VECTOR('',#4987,25.);
#4989=LINE('',#4986,#4988);
#4990=EDGE_CURVE('',#1199,#4979,#4989,.T.);
#4991=ORIENTED_EDGE('',*,*,#4990,.F.);
#4992=ORIENTED_EDGE('',*,*,#1204,.F.);
#4993=ORIENTED_EDGE('',*,*,#4966,.T.);
#4994=EDGE_LOOP('',(#4985,#4991,#4992,#4993));
#4995=FACE_BOUND('',#4994,.T.);
#4996=ADVANCED_FACE('',(#4995),#4977,.F.);
#4997=CARTESIAN_POINT('',(202.315726478,-146.689413241,12.06));
#4998=DIRECTION('',(-0.042857836,0.999081181,0.));
#4999=DIRECTION('',(-0.999081181,-0.042857836,0.));
#5000=AXIS2_PLACEMENT_3D('',#4997,#4998,#4999);
#5001=PLANE('',#5000);
#5002=CARTESIAN_POINT('',(202.952114348,-146.662113951,-0.06));
#5003=VERTEX_POINT('',#5002);
#5004=CARTESIAN_POINT('',(201.679338608,-146.716712531,-0.06));
#5005=DIRECTION('',(0.999081181,0.042857836,0.));
#5006=VECTOR('',#5005,1.273946266);
#5007=LINE('',#5004,#5006);
#5008=EDGE_CURVE('',#4979,#5003,#5007,.T.);
#5009=ORIENTED_EDGE('',*,*,#5008,.T.);
#5010=CARTESIAN_POINT('',(202.952114348,-146.662113951,24.94));
#5011=DIRECTION('',(0.,0.,-1.));
#5012=VECTOR('',#5011,25.);
#5013=LINE('',#5010,#5012);
#5014=EDGE_CURVE('',#1207,#5003,#5013,.T.);
#5015=ORIENTED_EDGE('',*,*,#5014,.F.);
#5016=ORIENTED_EDGE('',*,*,#1212,.F.);
#5017=ORIENTED_EDGE('',*,*,#4990,.T.);
#5018=EDGE_LOOP('',(#5009,#5015,#5016,#5017));
#5019=FACE_BOUND('',#5018,.T.);
#5020=ADVANCED_FACE('',(#5019),#5001,.F.);
#5021=CARTESIAN_POINT('',(203.643956773,-146.591481621,12.06));
#5022=DIRECTION('',(-0.101565154,0.99482889,0.));
#5023=DIRECTION('',(-0.99482889,-0.101565154,0.));
#5024=AXIS2_PLACEMENT_3D('',#5021,#5022,#5023);
#5025=PLANE('',#5024);
#5026=CARTESIAN_POINT('',(204.335799198,-146.520849291,-0.06));
#5027=VERTEX_POINT('',#5026);
#5028=CARTESIAN_POINT('',(202.952114348,-146.662113951,-0.06));
#5029=DIRECTION('',(0.99482889,0.101565154,0.));
#5030=VECTOR('',#5029,1.39087723);
#5031=LINE('',#5028,#5030);
#5032=EDGE_CURVE('',#5003,#5027,#5031,.T.);
#5033=ORIENTED_EDGE('',*,*,#5032,.T.);
#5034=CARTESIAN_POINT('',(204.335799198,-146.520849291,24.94));
#5035=DIRECTION('',(0.,0.,-1.));
#5036=VECTOR('',#5035,25.);
#5037=LINE('',#5034,#5036);
#5038=EDGE_CURVE('',#1215,#5027,#5037,.T.);
#5039=ORIENTED_EDGE('',*,*,#5038,.F.);
#5040=ORIENTED_EDGE('',*,*,#1220,.F.);
#5041=ORIENTED_EDGE('',*,*,#5014,.T.);
#5042=EDGE_LOOP('',(#5033,#5039,#5040,#5041));
#5043=FACE_BOUND('',#5042,.T.);
#5044=ADVANCED_FACE('',(#5043),#5025,.F.);
#5045=CARTESIAN_POINT('',(205.026587183,-146.409982096,12.06));
#5046=DIRECTION('',(-0.158465882,0.987364454,0.));
#5047=DIRECTION('',(-0.987364454,-0.158465882,0.));
#5048=AXIS2_PLACEMENT_3D('',#5045,#5046,#5047);
#5049=PLANE('',#5048);
#5050=CARTESIAN_POINT('',(205.717375168,-146.299114901,-0.06));
#5051=VERTEX_POINT('',#5050);
#5052=CARTESIAN_POINT('',(204.335799198,-146.520849291,-0.06));
#5053=DIRECTION('',(0.987364454,0.158465882,0.));
#5054=VECTOR('',#5053,1.399256338);
#5055=LINE('',#5052,#5054);
#5056=EDGE_CURVE('',#5027,#5051,#5055,.T.);
#5057=ORIENTED_EDGE('',*,*,#5056,.T.);
#5058=CARTESIAN_POINT('',(205.717375168,-146.299114901,24.94));
#5059=DIRECTION('',(0.,0.,-1.));
#5060=VECTOR('',#5059,25.);
#5061=LINE('',#5058,#5060);
#5062=EDGE_CURVE('',#1223,#5051,#5061,.T.);
#5063=ORIENTED_EDGE('',*,*,#5062,.F.);
#5064=ORIENTED_EDGE('',*,*,#1228,.F.);
#5065=ORIENTED_EDGE('',*,*,#5038,.T.);
#5066=EDGE_LOOP('',(#5057,#5063,#5064,#5065));
#5067=FACE_BOUND('',#5066,.T.);
#5068=ADVANCED_FACE('',(#5067),#5049,.F.);
#5069=CARTESIAN_POINT('',(206.405895703,-146.148737011,12.06));
#5070=DIRECTION('',(-0.213377321,0.976969866,0.));
#5071=DIRECTION('',(-0.976969866,-0.213377321,0.));
#5072=AXIS2_PLACEMENT_3D('',#5069,#5070,#5071);
#5073=PLANE('',#5072);
#5074=CARTESIAN_POINT('',(207.094416238,-145.998359121,-0.06));
#5075=VERTEX_POINT('',#5074);
#5076=CARTESIAN_POINT('',(205.717375168,-146.299114901,-0.06));
#5077=DIRECTION('',(0.976969866,0.213377321,0.));
#5078=VECTOR('',#5077,1.409502092);
#5079=LINE('',#5076,#5078);
#5080=EDGE_CURVE('',#5051,#5075,#5079,.T.);
#5081=ORIENTED_EDGE('',*,*,#5080,.T.);
#5082=CARTESIAN_POINT('',(207.094416238,-145.998359121,24.94));
#5083=DIRECTION('',(0.,0.,-1.));
#5084=VECTOR('',#5083,25.);
#5085=LINE('',#5082,#5084);
#5086=EDGE_CURVE('',#1231,#5075,#5085,.T.);
#5087=ORIENTED_EDGE('',*,*,#5086,.F.);
#5088=ORIENTED_EDGE('',*,*,#1236,.F.);
#5089=ORIENTED_EDGE('',*,*,#5062,.T.);
#5090=EDGE_LOOP('',(#5081,#5087,#5088,#5089));
#5091=FACE_BOUND('',#5090,.T.);
#5092=ADVANCED_FACE('',(#5091),#5073,.F.);
#5093=CARTESIAN_POINT('',(207.779455808,-145.809194706,12.06));
#5094=DIRECTION('',(-0.266174795,0.963924779,0.));
#5095=DIRECTION('',(-0.963924779,-0.266174795,0.));
#5096=AXIS2_PLACEMENT_3D('',#5093,#5094,#5095);
#5097=PLANE('',#5096);
#5098=CARTESIAN_POINT('',(208.464495378,-145.620030291,-0.06));
#5099=VERTEX_POINT('',#5098);
#5100=CARTESIAN_POINT('',(207.094416238,-145.998359121,-0.06));
#5101=DIRECTION('',(0.963924779,0.266174795,0.));
#5102=VECTOR('',#5101,1.42135483);
#5103=LINE('',#5100,#5102);
#5104=EDGE_CURVE('',#5075,#5099,#5103,.T.);
#5105=ORIENTED_EDGE('',*,*,#5104,.T.);
#5106=CARTESIAN_POINT('',(208.464495378,-145.620030291,24.94));
#5107=DIRECTION('',(0.,0.,-1.));
#5108=VECTOR('',#5107,25.);
#5109=LINE('',#5106,#5108);
#5110=EDGE_CURVE('',#1239,#5099,#5109,.T.);
#5111=ORIENTED_EDGE('',*,*,#5110,.F.);
#5112=ORIENTED_EDGE('',*,*,#1244,.F.);
#5113=ORIENTED_EDGE('',*,*,#5086,.T.);
#5114=EDGE_LOOP('',(#5105,#5111,#5112,#5113));
#5115=FACE_BOUND('',#5114,.T.);
#5116=ADVANCED_FACE('',(#5115),#5097,.F.);
#5117=CARTESIAN_POINT('',(209.144839963,-145.392804531,12.06));
#5118=DIRECTION('',(-0.316785101,0.948497338,0.));
#5119=DIRECTION('',(-0.948497338,-0.316785101,0.));
#5120=AXIS2_PLACEMENT_3D('',#5117,#5118,#5119);
#5121=PLANE('',#5120);
#5122=CARTESIAN_POINT('',(209.825184548,-145.165578771,-0.06));
#5123=VERTEX_POINT('',#5122);
#5124=CARTESIAN_POINT('',(208.464495378,-145.620030291,-0.06));
#5125=DIRECTION('',(0.948497338,0.316785101,0.));
#5126=VECTOR('',#5125,1.434573526);
#5127=LINE('',#5124,#5126);
#5128=EDGE_CURVE('',#5099,#5123,#5127,.T.);
#5129=ORIENTED_EDGE('',*,*,#5128,.T.);
#5130=CARTESIAN_POINT('',(209.825184548,-145.165578771,24.94));
#5131=DIRECTION('',(0.,0.,-1.));
#5132=VECTOR('',#5131,25.);
#5133=LINE('',#5130,#5132);
#5134=EDGE_CURVE('',#1247,#5123,#5133,.T.);
#5135=ORIENTED_EDGE('',*,*,#5134,.F.);
#5136=ORIENTED_EDGE('',*,*,#1252,.F.);
#5137=ORIENTED_EDGE('',*,*,#5110,.T.);
#5138=EDGE_LOOP('',(#5129,#5135,#5136,#5137));
#5139=FACE_BOUND('',#5138,.T.);
#5140=ADVANCED_FACE('',(#5139),#5121,.F.);
#5141=CARTESIAN_POINT('',(210.499621643,-144.901015836,12.06));
#5142=DIRECTION('',(-0.365180602,0.930936694,0.));
#5143=DIRECTION('',(-0.930936694,-0.365180602,0.));
#5144=AXIS2_PLACEMENT_3D('',#5141,#5142,#5143);
#5145=PLANE('',#5144);
#5146=CARTESIAN_POINT('',(211.174058738,-144.636452901,-0.06));
#5147=VERTEX_POINT('',#5146);
#5148=CARTESIAN_POINT('',(209.825184548,-145.165578771,-0.06));
#5149=DIRECTION('',(0.930936694,0.365180602,0.));
#5150=VECTOR('',#5149,1.448942983);
#5151=LINE('',#5148,#5150);
#5152=EDGE_CURVE('',#5123,#5147,#5151,.T.);
#5153=ORIENTED_EDGE('',*,*,#5152,.T.);
#5154=CARTESIAN_POINT('',(211.174058738,-144.636452901,24.94));
#5155=DIRECTION('',(0.,0.,-1.));
#5156=VECTOR('',#5155,25.);
#5157=LINE('',#5154,#5156);
#5158=EDGE_CURVE('',#1255,#5147,#5157,.T.);
#5159=ORIENTED_EDGE('',*,*,#5158,.F.);
#5160=ORIENTED_EDGE('',*,*,#1260,.F.);
#5161=ORIENTED_EDGE('',*,*,#5134,.T.);
#5162=EDGE_LOOP('',(#5153,#5159,#5160,#5161));
#5163=FACE_BOUND('',#5162,.T.);
#5164=ADVANCED_FACE('',(#5163),#5145,.F.);
#5165=CARTESIAN_POINT('',(211.841374323,-144.335277466,12.06));
#5166=DIRECTION('',(-0.411367874,0.911469403,0.));
#5167=DIRECTION('',(-0.911469403,-0.411367874,0.));
#5168=AXIS2_PLACEMENT_3D('',#5165,#5166,#5167);
#5169=PLANE('',#5168);
#5170=CARTESIAN_POINT('',(212.508689908,-144.034102031,-0.06));
#5171=VERTEX_POINT('',#5170);
#5172=CARTESIAN_POINT('',(211.174058738,-144.636452901,-0.06));
#5173=DIRECTION('',(0.911469403,0.411367874,0.));
#5174=VECTOR('',#5173,1.464263272);
#5175=LINE('',#5172,#5174);
#5176=EDGE_CURVE('',#5147,#5171,#5175,.T.);
#5177=ORIENTED_EDGE('',*,*,#5176,.T.);
#5178=CARTESIAN_POINT('',(212.508689908,-144.034102031,24.94));
#5179=DIRECTION('',(0.,0.,-1.));
#5180=VECTOR('',#5179,25.);
#5181=LINE('',#5178,#5180);
#5182=EDGE_CURVE('',#1263,#5171,#5181,.T.);
#5183=ORIENTED_EDGE('',*,*,#5182,.F.);
#5184=ORIENTED_EDGE('',*,*,#1268,.F.);
#5185=ORIENTED_EDGE('',*,*,#5158,.T.);
#5186=EDGE_LOOP('',(#5177,#5183,#5184,#5185));
#5187=FACE_BOUND('',#5186,.T.);
#5188=ADVANCED_FACE('',(#5187),#5169,.F.);
#5189=CARTESIAN_POINT('',(213.167669963,-143.697038266,12.06));
#5190=DIRECTION('',(-0.455380697,0.890296816,0.));
#5191=DIRECTION('',(-0.890296816,-0.455380697,0.));
#5192=AXIS2_PLACEMENT_3D('',#5189,#5190,#5191);
#5193=PLANE('',#5192);
#5194=CARTESIAN_POINT('',(213.826650018,-143.359974501,-0.06));
#5195=VERTEX_POINT('',#5194);
#5196=CARTESIAN_POINT('',(212.508689908,-144.034102031,-0.06));
#5197=DIRECTION('',(0.890296816,0.455380697,0.));
#5198=VECTOR('',#5197,1.480360354);
#5199=LINE('',#5196,#5198);
#5200=EDGE_CURVE('',#5171,#5195,#5199,.T.);
#5201=ORIENTED_EDGE('',*,*,#5200,.T.);
#5202=CARTESIAN_POINT('',(213.826650018,-143.359974501,24.94));
#5203=DIRECTION('',(0.,0.,-1.));
#5204=VECTOR('',#5203,25.);
#5205=LINE('',#5202,#5204);
#5206=EDGE_CURVE('',#1271,#5195,#5205,.T.);
#5207=ORIENTED_EDGE('',*,*,#5206,.F.);
#5208=ORIENTED_EDGE('',*,*,#1276,.F.);
#5209=ORIENTED_EDGE('',*,*,#5182,.T.);
#5210=EDGE_LOOP('',(#5201,#5207,#5208,#5209));
#5211=FACE_BOUND('',#5210,.T.);
#5212=ADVANCED_FACE('',(#5211),#5193,.F.);
#5213=CARTESIAN_POINT('',(214.476082038,-142.987747586,12.06));
#5214=DIRECTION('',(-0.497269378,0.8675962,0.));
#5215=DIRECTION('',(-0.8675962,-0.497269378,0.));
#5216=AXIS2_PLACEMENT_3D('',#5213,#5214,#5215);
#5217=PLANE('',#5216);
#5218=CARTESIAN_POINT('',(215.125514058,-142.615520671,-0.06));
#5219=VERTEX_POINT('',#5218);
#5220=CARTESIAN_POINT('',(213.826650018,-143.359974501,-0.06));
#5221=DIRECTION('',(0.8675962,0.497269378,0.));
#5222=VECTOR('',#5221,1.497083598);
#5223=LINE('',#5220,#5222);
#5224=EDGE_CURVE('',#5195,#5219,#5223,.T.);
#5225=ORIENTED_EDGE('',*,*,#5224,.T.);
#5226=CARTESIAN_POINT('',(215.125514058,-142.615520671,24.94));
#5227=DIRECTION('',(0.,0.,-1.));
#5228=VECTOR('',#5227,25.);
#5229=LINE('',#5226,#5228);
#5230=EDGE_CURVE('',#1279,#5219,#5229,.T.);
#5231=ORIENTED_EDGE('',*,*,#5230,.F.);
#5232=ORIENTED_EDGE('',*,*,#1284,.F.);
#5233=ORIENTED_EDGE('',*,*,#5206,.T.);
#5234=EDGE_LOOP('',(#5225,#5231,#5232,#5233));
#5235=FACE_BOUND('',#5234,.T.);
#5236=ADVANCED_FACE('',(#5235),#5217,.F.);
#5237=CARTESIAN_POINT('',(214.991118408,-142.198194226,12.06));
#5238=DIRECTION('',(-0.951858969,-0.306536301,0.));
#5239=DIRECTION('',(0.306536301,-0.951858969,0.));
#5240=AXIS2_PLACEMENT_3D('',#5237,#5238,#5239);
#5241=PLANE('',#5240);
#5242=CARTESIAN_POINT('',(214.856722758,-141.780867781,-0.06));
#5243=VERTEX_POINT('',#5242);
#5244=CARTESIAN_POINT('',(215.125514058,-142.615520671,-0.06));
#5245=DIRECTION('',(-0.306536301,0.951858969,0.));
#5246=VECTOR('',#5245,0.87686613);
#5247=LINE('',#5244,#5246);
#5248=EDGE_CURVE('',#5219,#5243,#5247,.T.);
#5249=ORIENTED_EDGE('',*,*,#5248,.T.);
#5250=CARTESIAN_POINT('',(214.856722758,-141.780867781,24.94));
#5251=DIRECTION('',(0.,0.,-1.));
#5252=VECTOR('',#5251,25.);
#5253=LINE('',#5250,#5252);
#5254=EDGE_CURVE('',#1287,#5243,#5253,.T.);
#5255=ORIENTED_EDGE('',*,*,#5254,.F.);
#5256=ORIENTED_EDGE('',*,*,#1292,.F.);
#5257=ORIENTED_EDGE('',*,*,#5230,.T.);
#5258=EDGE_LOOP('',(#5249,#5255,#5256,#5257));
#5259=FACE_BOUND('',#5258,.T.);
#5260=ADVANCED_FACE('',(#5259),#5241,.F.);
#5261=CARTESIAN_POINT('',(214.689886918,-141.357421746,12.06));
#5262=DIRECTION('',(-0.930390585,-0.366569721,0.));
#5263=DIRECTION('',(0.366569721,-0.930390585,0.));
#5264=AXIS2_PLACEMENT_3D('',#5261,#5262,#5263);
#5265=PLANE('',#5264);
#5266=CARTESIAN_POINT('',(214.523051078,-140.933975711,-0.06));
#5267=VERTEX_POINT('',#5266);
#5268=CARTESIAN_POINT('',(214.856722758,-141.780867781,-0.06));
#5269=DIRECTION('',(-0.366569721,0.930390585,0.));
#5270=VECTOR('',#5269,0.910254343);
#5271=LINE('',#5268,#5270);
#5272=EDGE_CURVE('',#5243,#5267,#5271,.T.);
#5273=ORIENTED_EDGE('',*,*,#5272,.T.);
#5274=CARTESIAN_POINT('',(214.523051078,-140.933975711,24.94));
#5275=DIRECTION('',(0.,0.,-1.));
#5276=VECTOR('',#5275,25.);
#5277=LINE('',#5274,#5276);
#5278=EDGE_CURVE('',#1295,#5267,#5277,.T.);
#5279=ORIENTED_EDGE('',*,*,#5278,.F.);
#5280=ORIENTED_EDGE('',*,*,#1300,.F.);
#5281=ORIENTED_EDGE('',*,*,#5254,.T.);
#5282=EDGE_LOOP('',(#5273,#5279,#5280,#5281));
#5283=FACE_BOUND('',#5282,.T.);
#5284=ADVANCED_FACE('',(#5283),#5265,.F.);
#5285=CARTESIAN_POINT('',(214.326936348,-140.505358981,12.06));
#5286=DIRECTION('',(-0.909333513,-0.416067978,0.));
#5287=DIRECTION('',(0.416067978,-0.909333513,0.));
#5288=AXIS2_PLACEMENT_3D('',#5285,#5286,#5287);
#5289=PLANE('',#5288);
#5290=CARTESIAN_POINT('',(214.130821618,-140.076742251,-0.06));
#5291=VERTEX_POINT('',#5290);
#5292=CARTESIAN_POINT('',(214.523051078,-140.933975711,-0.06));
#5293=DIRECTION('',(-0.416067978,0.909333513,0.));
#5294=VECTOR('',#5293,0.942705232);
#5295=LINE('',#5292,#5294);
#5296=EDGE_CURVE('',#5267,#5291,#5295,.T.);
#5297=ORIENTED_EDGE('',*,*,#5296,.T.);
#5298=CARTESIAN_POINT('',(214.130821618,-140.076742251,24.94));
#5299=DIRECTION('',(0.,0.,-1.));
#5300=VECTOR('',#5299,25.);
#5301=LINE('',#5298,#5300);
#5302=EDGE_CURVE('',#1303,#5291,#5301,.T.);
#5303=ORIENTED_EDGE('',*,*,#5302,.F.);
#5304=ORIENTED_EDGE('',*,*,#1308,.F.);
#5305=ORIENTED_EDGE('',*,*,#5278,.T.);
#5306=EDGE_LOOP('',(#5297,#5303,#5304,#5305));
#5307=FACE_BOUND('',#5306,.T.);
#5308=ADVANCED_FACE('',(#5307),#5289,.F.);
#5309=CARTESIAN_POINT('',(213.908590308,-139.643902711,12.06));
#5310=DIRECTION('',(-0.889598454,-0.456743462,0.));
#5311=DIRECTION('',(0.456743462,-0.889598454,0.));
#5312=AXIS2_PLACEMENT_3D('',#5309,#5310,#5311);
#5313=PLANE('',#5312);
#5314=CARTESIAN_POINT('',(213.686358998,-139.211063171,-0.06));
#5315=VERTEX_POINT('',#5314);
#5316=CARTESIAN_POINT('',(214.130821618,-140.076742251,-0.06));
#5317=DIRECTION('',(-0.456743462,0.889598454,0.));
#5318=VECTOR('',#5317,0.973112167);
#5319=LINE('',#5316,#5318);
#5320=EDGE_CURVE('',#5291,#5315,#5319,.T.);
#5321=ORIENTED_EDGE('',*,*,#5320,.T.);
#5322=CARTESIAN_POINT('',(213.686358998,-139.211063171,24.94));
#5323=DIRECTION('',(0.,0.,-1.));
#5324=VECTOR('',#5323,25.);
#5325=LINE('',#5322,#5324);
#5326=EDGE_CURVE('',#1311,#5315,#5325,.T.);
#5327=ORIENTED_EDGE('',*,*,#5326,.F.);
#5328=ORIENTED_EDGE('',*,*,#1316,.F.);
#5329=ORIENTED_EDGE('',*,*,#5302,.T.);
#5330=EDGE_LOOP('',(#5321,#5327,#5328,#5329));
#5331=FACE_BOUND('',#5330,.T.);
#5332=ADVANCED_FACE('',(#5331),#5313,.F.);
#5333=CARTESIAN_POINT('',(213.176192848,-138.336512251,12.06));
#5334=DIRECTION('',(-0.86377398,-0.503879461,0.));
#5335=DIRECTION('',(0.503879461,-0.86377398,0.));
#5336=AXIS2_PLACEMENT_3D('',#5333,#5334,#5335);
#5337=PLANE('',#5336);
#5338=CARTESIAN_POINT('',(212.666026698,-137.461961331,-0.06));
#5339=VERTEX_POINT('',#5338);
#5340=CARTESIAN_POINT('',(213.686358998,-139.211063171,-0.06));
#5341=DIRECTION('',(-0.503879461,0.86377398,0.));
#5342=VECTOR('',#5341,2.024953147);
#5343=LINE('',#5340,#5342);
#5344=EDGE_CURVE('',#5315,#5339,#5343,.T.);
#5345=ORIENTED_EDGE('',*,*,#5344,.T.);
#5346=CARTESIAN_POINT('',(212.666026698,-137.461961331,24.94));
#5347=DIRECTION('',(0.,0.,-1.));
#5348=VECTOR('',#5347,25.);
#5349=LINE('',#5346,#5348);
#5350=EDGE_CURVE('',#1319,#5339,#5349,.T.);
#5351=ORIENTED_EDGE('',*,*,#5350,.F.);
#5352=ORIENTED_EDGE('',*,*,#1324,.F.);
#5353=ORIENTED_EDGE('',*,*,#5326,.T.);
#5354=EDGE_LOOP('',(#5345,#5351,#5352,#5353));
#5355=FACE_BOUND('',#5354,.T.);
#5356=ADVANCED_FACE('',(#5355),#5337,.F.);
#5357=CARTESIAN_POINT('',(212.089335888,-136.581906416,12.06));
#5358=DIRECTION('',(-0.836416206,-0.548094819,0.));
#5359=DIRECTION('',(0.548094819,-0.836416206,0.));
#5360=AXIS2_PLACEMENT_3D('',#5357,#5358,#5359);
#5361=PLANE('',#5360);
#5362=CARTESIAN_POINT('',(211.512645078,-135.701851501,-0.06));
#5363=VERTEX_POINT('',#5362);
#5364=CARTESIAN_POINT('',(212.666026698,-137.461961331,-0.06));
#5365=DIRECTION('',(-0.548094819,0.836416206,0.));
#5366=VECTOR('',#5365,2.104346876);
#5367=LINE('',#5364,#5366);
#5368=EDGE_CURVE('',#5339,#5363,#5367,.T.);
#5369=ORIENTED_EDGE('',*,*,#5368,.T.);
#5370=CARTESIAN_POINT('',(211.512645078,-135.701851501,24.94));
#5371=DIRECTION('',(0.,0.,-1.));
#5372=VECTOR('',#5371,25.);
#5373=LINE('',#5370,#5372);
#5374=EDGE_CURVE('',#1327,#5363,#5373,.T.);
#5375=ORIENTED_EDGE('',*,*,#5374,.F.);
#5376=ORIENTED_EDGE('',*,*,#1332,.F.);
#5377=ORIENTED_EDGE('',*,*,#5350,.T.);
#5378=EDGE_LOOP('',(#5369,#5375,#5376,#5377));
#5379=FACE_BOUND('',#5378,.T.);
#5380=ADVANCED_FACE('',(#5379),#5361,.F.);
#5381=CARTESIAN_POINT('',(209.046529088,-132.278385296,12.06));
#5382=DIRECTION('',(-0.811397171,-0.584495193,0.));
#5383=DIRECTION('',(0.584495193,-0.811397171,0.));
#5384=AXIS2_PLACEMENT_3D('',#5381,#5382,#5383);
#5385=PLANE('',#5384);
#5386=CARTESIAN_POINT('',(206.580413098,-128.854919091,-0.06));
#5387=VERTEX_POINT('',#5386);
#5388=CARTESIAN_POINT('',(211.512645078,-135.701851501,-0.06));
#5389=DIRECTION('',(-0.584495193,0.811397171,0.));
#5390=VECTOR('',#5389,8.438447472);
#5391=LINE('',#5388,#5390);
#5392=EDGE_CURVE('',#5363,#5387,#5391,.T.);
#5393=ORIENTED_EDGE('',*,*,#5392,.T.);
#5394=CARTESIAN_POINT('',(206.580413098,-128.854919091,24.94));
#5395=DIRECTION('',(0.,0.,-1.));
#5396=VECTOR('',#5395,25.);
#5397=LINE('',#5394,#5396);
#5398=EDGE_CURVE('',#1335,#5387,#5397,.T.);
#5399=ORIENTED_EDGE('',*,*,#5398,.F.);
#5400=ORIENTED_EDGE('',*,*,#1340,.F.);
#5401=ORIENTED_EDGE('',*,*,#5374,.T.);
#5402=EDGE_LOOP('',(#5393,#5399,#5400,#5401));
#5403=FACE_BOUND('',#5402,.T.);
#5404=ADVANCED_FACE('',(#5403),#5385,.F.);
#5405=CARTESIAN_POINT('',(206.050519123,-128.061190896,12.06));
#5406=DIRECTION('',(-0.831691354,-0.555238229,0.));
#5407=DIRECTION('',(0.555238229,-0.831691354,0.));
#5408=AXIS2_PLACEMENT_3D('',#5405,#5406,#5407);
#5409=PLANE('',#5408);
#5410=CARTESIAN_POINT('',(205.520625148,-127.267462701,-0.06));
#5411=VERTEX_POINT('',#5410);
#5412=CARTESIAN_POINT('',(206.580413098,-128.854919091,-0.06));
#5413=DIRECTION('',(-0.555238229,0.831691354,0.));
#5414=VECTOR('',#5413,1.90870854);
#5415=LINE('',#5412,#5414);
#5416=EDGE_CURVE('',#5387,#5411,#5415,.T.);
#5417=ORIENTED_EDGE('',*,*,#5416,.T.);
#5418=CARTESIAN_POINT('',(205.520625148,-127.267462701,24.94));
#5419=DIRECTION('',(0.,0.,-1.));
#5420=VECTOR('',#5419,25.);
#5421=LINE('',#5418,#5420);
#5422=EDGE_CURVE('',#1343,#5411,#5421,.T.);
#5423=ORIENTED_EDGE('',*,*,#5422,.F.);
#5424=ORIENTED_EDGE('',*,*,#1348,.F.);
#5425=ORIENTED_EDGE('',*,*,#5398,.T.);
#5426=EDGE_LOOP('',(#5417,#5423,#5424,#5425));
#5427=FACE_BOUND('',#5426,.T.);
#5428=ADVANCED_FACE('',(#5427),#5409,.F.);
#5429=CARTESIAN_POINT('',(205.075975678,-126.513769896,12.06));
#5430=DIRECTION('',(-0.861283903,-0.508124038,0.));
#5431=DIRECTION('',(0.508124038,-0.861283903,0.));
#5432=AXIS2_PLACEMENT_3D('',#5429,#5430,#5431);
#5433=PLANE('',#5432);
#5434=CARTESIAN_POINT('',(204.631326208,-125.760077091,-0.06));
#5435=VERTEX_POINT('',#5434);
#5436=CARTESIAN_POINT('',(205.520625148,-127.267462701,-0.06));
#5437=DIRECTION('',(-0.508124038,0.861283903,0.));
#5438=VECTOR('',#5437,1.75016113);
#5439=LINE('',#5436,#5438);
#5440=EDGE_CURVE('',#5411,#5435,#5439,.T.);
#5441=ORIENTED_EDGE('',*,*,#5440,.T.);
#5442=CARTESIAN_POINT('',(204.631326208,-125.760077091,24.94));
#5443=DIRECTION('',(0.,0.,-1.));
#5444=VECTOR('',#5443,25.);
#5445=LINE('',#5442,#5444);
#5446=EDGE_CURVE('',#1351,#5435,#5445,.T.);
#5447=ORIENTED_EDGE('',*,*,#5446,.F.);
#5448=ORIENTED_EDGE('',*,*,#1356,.F.);
#5449=ORIENTED_EDGE('',*,*,#5422,.T.);
#5450=EDGE_LOOP('',(#5441,#5447,#5448,#5449));
#5451=FACE_BOUND('',#5450,.T.);
#5452=ADVANCED_FACE('',(#5451),#5433,.F.);
#5453=CARTESIAN_POINT('',(204.448872233,-125.400616071,12.06));
#5454=DIRECTION('',(-0.891708441,-0.452610271,0.));
#5455=DIRECTION('',(0.452610271,-0.891708441,0.));
#5456=AXIS2_PLACEMENT_3D('',#5453,#5454,#5455);
#5457=PLANE('',#5456);
#5458=CARTESIAN_POINT('',(204.266418258,-125.041155051,-0.06));
#5459=VERTEX_POINT('',#5458);
#5460=CARTESIAN_POINT('',(204.631326208,-125.760077091,-0.06));
#5461=DIRECTION('',(-0.452610271,0.891708441,0.));
#5462=VECTOR('',#5461,0.806229937);
#5463=LINE('',#5460,#5462);
#5464=EDGE_CURVE('',#5435,#5459,#5463,.T.);
#5465=ORIENTED_EDGE('',*,*,#5464,.T.);
#5466=CARTESIAN_POINT('',(204.266418258,-125.041155051,24.94));
#5467=DIRECTION('',(0.,0.,-1.));
#5468=VECTOR('',#5467,25.);
#5469=LINE('',#5466,#5468);
#5470=EDGE_CURVE('',#1359,#5459,#5469,.T.);
#5471=ORIENTED_EDGE('',*,*,#5470,.F.);
#5472=ORIENTED_EDGE('',*,*,#1364,.F.);
#5473=ORIENTED_EDGE('',*,*,#5446,.T.);
#5474=EDGE_LOOP('',(#5465,#5471,#5472,#5473));
#5475=FACE_BOUND('',#5474,.T.);
#5476=ADVANCED_FACE('',(#5475),#5457,.F.);
#5477=CARTESIAN_POINT('',(204.114760698,-124.694548806,12.06));
#5478=DIRECTION('',(-0.916140516,-0.400857276,0.));
#5479=DIRECTION('',(0.400857276,-0.916140516,0.));
#5480=AXIS2_PLACEMENT_3D('',#5477,#5478,#5479);
#5481=PLANE('',#5480);
#5482=CARTESIAN_POINT('',(203.963103138,-124.347942561,-0.06));
#5483=VERTEX_POINT('',#5482);
#5484=CARTESIAN_POINT('',(204.266418258,-125.041155051,-0.06));
#5485=DIRECTION('',(-0.400857276,0.916140516,0.));
#5486=VECTOR('',#5485,0.756666121);
#5487=LINE('',#5484,#5486);
#5488=EDGE_CURVE('',#5459,#5483,#5487,.T.);
#5489=ORIENTED_EDGE('',*,*,#5488,.T.);
#5490=CARTESIAN_POINT('',(203.963103138,-124.347942561,24.94));
#5491=DIRECTION('',(0.,0.,-1.));
#5492=VECTOR('',#5491,25.);
#5493=LINE('',#5490,#5492);
#5494=EDGE_CURVE('',#1367,#5483,#5493,.T.);
#5495=ORIENTED_EDGE('',*,*,#5494,.F.);
#5496=ORIENTED_EDGE('',*,*,#1372,.F.);
#5497=ORIENTED_EDGE('',*,*,#5470,.T.);
#5498=EDGE_LOOP('',(#5489,#5495,#5496,#5497));
#5499=FACE_BOUND('',#5498,.T.);
#5500=ADVANCED_FACE('',(#5499),#5481,.F.);
#5501=CARTESIAN_POINT('',(203.845403798,-124.015139986,12.06));
#5502=DIRECTION('',(-0.942777111,-0.333423633,0.));
#5503=DIRECTION('',(0.333423633,-0.942777111,0.));
#5504=AXIS2_PLACEMENT_3D('',#5501,#5502,#5503);
#5505=PLANE('',#5504);
#5506=CARTESIAN_POINT('',(203.727704458,-123.682337411,-0.06));
#5507=VERTEX_POINT('',#5506);
#5508=CARTESIAN_POINT('',(203.963103138,-124.347942561,-0.06));
#5509=DIRECTION('',(-0.333423633,0.942777111,0.));
#5510=VECTOR('',#5509,0.706004783);
#5511=LINE('',#5508,#5510);
#5512=EDGE_CURVE('',#5483,#5507,#5511,.T.);
#5513=ORIENTED_EDGE('',*,*,#5512,.T.);
#5514=CARTESIAN_POINT('',(203.727704458,-123.682337411,24.94));
#5515=DIRECTION('',(0.,0.,-1.));
#5516=VECTOR('',#5515,25.);
#5517=LINE('',#5514,#5516);
#5518=EDGE_CURVE('',#1375,#5507,#5517,.T.);
#5519=ORIENTED_EDGE('',*,*,#5518,.F.);
#5520=ORIENTED_EDGE('',*,*,#1380,.F.);
#5521=ORIENTED_EDGE('',*,*,#5494,.T.);
#5522=EDGE_LOOP('',(#5513,#5519,#5520,#5521));
#5523=FACE_BOUND('',#5522,.T.);
#5524=ADVANCED_FACE('',(#5523),#5505,.F.);
#5525=CARTESIAN_POINT('',(203.647125648,-123.364287401,12.06));
#5526=DIRECTION('',(-0.969372982,-0.245593205,0.));
#5527=DIRECTION('',(0.245593205,-0.969372982,0.));
#5528=AXIS2_PLACEMENT_3D('',#5525,#5526,#5527);
#5529=PLANE('',#5528);
#5530=CARTESIAN_POINT('',(203.566546838,-123.046237391,-0.06));
#5531=VERTEX_POINT('',#5530);
#5532=CARTESIAN_POINT('',(203.727704458,-123.682337411,-0.06));
#5533=DIRECTION('',(-0.245593205,0.969372982,0.));
#5534=VECTOR('',#5533,0.656197389);
#5535=LINE('',#5532,#5534);
#5536=EDGE_CURVE('',#5507,#5531,#5535,.T.);
#5537=ORIENTED_EDGE('',*,*,#5536,.T.);
#5538=CARTESIAN_POINT('',(203.566546838,-123.046237391,24.94));
#5539=DIRECTION('',(0.,0.,-1.));
#5540=VECTOR('',#5539,25.);
#5541=LINE('',#5538,#5540);
#5542=EDGE_CURVE('',#1383,#5531,#5541,.T.);
#5543=ORIENTED_EDGE('',*,*,#5542,.F.);
#5544=ORIENTED_EDGE('',*,*,#1388,.F.);
#5545=ORIENTED_EDGE('',*,*,#5518,.T.);
#5546=EDGE_LOOP('',(#5537,#5543,#5544,#5545));
#5547=FACE_BOUND('',#5546,.T.);
#5548=ADVANCED_FACE('',(#5547),#5529,.F.);
#5549=CARTESIAN_POINT('',(203.526249858,-122.743888841,12.06));
#5550=DIRECTION('',(-0.99123484,-0.132111666,0.));
#5551=DIRECTION('',(0.132111666,-0.99123484,0.));
#5552=AXIS2_PLACEMENT_3D('',#5549,#5550,#5551);
#5553=PLANE('',#5552);
#5554=CARTESIAN_POINT('',(203.485952878,-122.441540291,-0.06));
#5555=VERTEX_POINT('',#5554);
#5556=CARTESIAN_POINT('',(203.566546838,-123.046237391,-0.06));
#5557=DIRECTION('',(-0.132111666,0.99123484,0.));
#5558=VECTOR('',#5557,0.610044235);
#5559=LINE('',#5556,#5558);
#5560=EDGE_CURVE('',#5531,#5555,#5559,.T.);
#5561=ORIENTED_EDGE('',*,*,#5560,.T.);
#5562=CARTESIAN_POINT('',(203.485952878,-122.441540291,24.94));
#5563=DIRECTION('',(0.,0.,-1.));
#5564=VECTOR('',#5563,25.);
#5565=LINE('',#5562,#5564);
#5566=EDGE_CURVE('',#1391,#5555,#5565,.T.);
#5567=ORIENTED_EDGE('',*,*,#5566,.F.);
#5568=ORIENTED_EDGE('',*,*,#1396,.F.);
#5569=ORIENTED_EDGE('',*,*,#5542,.T.);
#5570=EDGE_LOOP('',(#5561,#5567,#5568,#5569));
#5571=FACE_BOUND('',#5570,.T.);
#5572=ADVANCED_FACE('',(#5571),#5553,.F.);
#5573=CARTESIAN_POINT('',(203.489099533,-122.155841591,12.06));
#5574=DIRECTION('',(-0.999939353,0.011013225,0.));
#5575=DIRECTION('',(-0.011013225,-0.999939353,0.));
#5576=AXIS2_PLACEMENT_3D('',#5573,#5574,#5575);
#5577=PLANE('',#5576);
#5578=CARTESIAN_POINT('',(203.492246188,-121.870142891,-0.06));
#5579=VERTEX_POINT('',#5578);
#5580=CARTESIAN_POINT('',(203.485952878,-122.441540291,-0.06));
#5581=DIRECTION('',(0.011013225,0.999939353,0.));
#5582=VECTOR('',#5581,0.571432056);
#5583=LINE('',#5580,#5582);
#5584=EDGE_CURVE('',#5555,#5579,#5583,.T.);
#5585=ORIENTED_EDGE('',*,*,#5584,.T.);
#5586=CARTESIAN_POINT('',(203.492246188,-121.870142891,24.94));
#5587=DIRECTION('',(0.,0.,-1.));
#5588=VECTOR('',#5587,25.);
#5589=LINE('',#5586,#5588);
#5590=EDGE_CURVE('',#1399,#5579,#5589,.T.);
#5591=ORIENTED_EDGE('',*,*,#5590,.F.);
#5592=ORIENTED_EDGE('',*,*,#1404,.F.);
#5593=ORIENTED_EDGE('',*,*,#5566,.T.);
#5594=EDGE_LOOP('',(#5585,#5591,#5592,#5593));
#5595=FACE_BOUND('',#5594,.T.);
#5596=ADVANCED_FACE('',(#5595),#5577,.F.);
#5597=CARTESIAN_POINT('',(203.541998788,-121.602042936,12.06));
#5598=DIRECTION('',(-0.983213345,0.182459636,0.));
#5599=DIRECTION('',(-0.182459636,-0.983213345,0.));
#5600=AXIS2_PLACEMENT_3D('',#5597,#5598,#5599);
#5601=PLANE('',#5600);
#5602=CARTESIAN_POINT('',(203.591751388,-121.333942981,-0.06));
#5603=VERTEX_POINT('',#5602);
#5604=CARTESIAN_POINT('',(203.492246188,-121.870142891,-0.06));
#5605=DIRECTION('',(0.182459636,0.983213345,0.));
#5606=VECTOR('',#5605,0.54535459);
#5607=LINE('',#5604,#5606);
#5608=EDGE_CURVE('',#5579,#5603,#5607,.T.);
#5609=ORIENTED_EDGE('',*,*,#5608,.T.);
#5610=CARTESIAN_POINT('',(203.591751388,-121.333942981,24.94));
#5611=DIRECTION('',(0.,0.,-1.));
#5612=VECTOR('',#5611,25.);
#5613=LINE('',#5610,#5612);
#5614=EDGE_CURVE('',#1407,#5603,#5613,.T.);
#5615=ORIENTED_EDGE('',*,*,#5614,.F.);
#5616=ORIENTED_EDGE('',*,*,#1412,.F.);
#5617=ORIENTED_EDGE('',*,*,#5590,.T.);
#5618=EDGE_LOOP('',(#5609,#5615,#5616,#5617));
#5619=FACE_BOUND('',#5618,.T.);
#5620=ADVANCED_FACE('',(#5619),#5601,.F.);
#5621=CARTESIAN_POINT('',(203.691271738,-121.084390666,12.06));
#5622=DIRECTION('',(-0.928861975,0.370426012,0.));
#5623=DIRECTION('',(-0.370426012,-0.928861975,0.));
#5624=AXIS2_PLACEMENT_3D('',#5621,#5622,#5623);
#5625=PLANE('',#5624);
#5626=CARTESIAN_POINT('',(203.790792088,-120.834838351,-0.06));
#5627=VERTEX_POINT('',#5626);
#5628=CARTESIAN_POINT('',(203.591751388,-121.333942981,-0.06));
#5629=DIRECTION('',(0.370426012,0.928861975,0.));
#5630=VECTOR('',#5629,0.537329165);
#5631=LINE('',#5628,#5630);
#5632=EDGE_CURVE('',#5603,#5627,#5631,.T.);
#5633=ORIENTED_EDGE('',*,*,#5632,.T.);
#5634=CARTESIAN_POINT('',(203.790792088,-120.834838351,24.94));
#5635=DIRECTION('',(0.,0.,-1.));
#5636=VECTOR('',#5635,25.);
#5637=LINE('',#5634,#5636);
#5638=EDGE_CURVE('',#1415,#5627,#5637,.T.);
#5639=ORIENTED_EDGE('',*,*,#5638,.F.);
#5640=ORIENTED_EDGE('',*,*,#1420,.F.);
#5641=ORIENTED_EDGE('',*,*,#5614,.T.);
#5642=EDGE_LOOP('',(#5633,#5639,#5640,#5641));
#5643=FACE_BOUND('',#5642,.T.);
#5644=ADVANCED_FACE('',(#5643),#5625,.F.);
#5645=CARTESIAN_POINT('',(203.943241488,-120.604782066,12.06));
#5646=DIRECTION('',(-0.833588075,0.552386569,0.));
#5647=DIRECTION('',(-0.552386569,-0.833588075,0.));
#5648=AXIS2_PLACEMENT_3D('',#5645,#5646,#5647);
#5649=PLANE('',#5648);
#5650=CARTESIAN_POINT('',(204.095690888,-120.374725781,-0.06));
#5651=VERTEX_POINT('',#5650);
#5652=CARTESIAN_POINT('',(203.790792088,-120.834838351,-0.06));
#5653=DIRECTION('',(0.552386569,0.833588075,0.));
#5654=VECTOR('',#5653,0.551966353);
#5655=LINE('',#5652,#5654);
#5656=EDGE_CURVE('',#5627,#5651,#5655,.T.);
#5657=ORIENTED_EDGE('',*,*,#5656,.T.);
#5658=CARTESIAN_POINT('',(204.095690888,-120.374725781,24.94));
#5659=DIRECTION('',(0.,0.,-1.));
#5660=VECTOR('',#5659,25.);
#5661=LINE('',#5658,#5660);
#5662=EDGE_CURVE('',#1423,#5651,#5661,.T.);
#5663=ORIENTED_EDGE('',*,*,#5662,.F.);
#5664=ORIENTED_EDGE('',*,*,#1428,.F.);
#5665=ORIENTED_EDGE('',*,*,#5638,.T.);
#5666=EDGE_LOOP('',(#5657,#5663,#5664,#5665));
#5667=FACE_BOUND('',#5666,.T.);
#5668=ADVANCED_FACE('',(#5667),#5649,.F.);
#5669=CARTESIAN_POINT('',(204.304231648,-120.165114926,12.06));
#5670=DIRECTION('',(-0.708914022,0.705294909,0.));
#5671=DIRECTION('',(-0.705294909,-0.708914022,0.));
#5672=AXIS2_PLACEMENT_3D('',#5669,#5670,#5671);
#5673=PLANE('',#5672);
#5674=CARTESIAN_POINT('',(204.512772408,-119.955504071,-0.06));
#5675=VERTEX_POINT('',#5674);
#5676=CARTESIAN_POINT('',(204.095690888,-120.374725781,-0.06));
#5677=DIRECTION('',(0.705294909,0.708914022,0.));
#5678=VECTOR('',#5677,0.591357621);
#5679=LINE('',#5676,#5678);
#5680=EDGE_CURVE('',#5651,#5675,#5679,.T.);
#5681=ORIENTED_EDGE('',*,*,#5680,.T.);
#5682=CARTESIAN_POINT('',(204.512772408,-119.955504071,24.94));
#5683=DIRECTION('',(0.,0.,-1.));
#5684=VECTOR('',#5683,25.);
#5685=LINE('',#5682,#5684);
#5686=EDGE_CURVE('',#1431,#5675,#5685,.T.);
#5687=ORIENTED_EDGE('',*,*,#5686,.F.);
#5688=ORIENTED_EDGE('',*,*,#1436,.F.);
#5689=ORIENTED_EDGE('',*,*,#5662,.T.);
#5690=EDGE_LOOP('',(#5681,#5687,#5688,#5689));
#5691=FACE_BOUND('',#5690,.T.);
#5692=ADVANCED_FACE('',(#5691),#5673,.F.);
#5693=CARTESIAN_POINT('',(204.780565828,-119.767286531,12.06));
#5694=DIRECTION('',(-0.575024009,0.818136535,0.));
#5695=DIRECTION('',(-0.818136535,-0.575024009,0.));
#5696=AXIS2_PLACEMENT_3D('',#5693,#5694,#5695);
#5697=PLANE('',#5696);
#5698=CARTESIAN_POINT('',(205.048359248,-119.579068991,-0.06));
#5699=VERTEX_POINT('',#5698);
#5700=CARTESIAN_POINT('',(204.512772408,-119.955504071,-0.06));
#5701=DIRECTION('',(0.818136535,0.575024009,0.));
#5702=VECTOR('',#5701,0.65464237);
#5703=LINE('',#5700,#5702);
#5704=EDGE_CURVE('',#5675,#5699,#5703,.T.);
#5705=ORIENTED_EDGE('',*,*,#5704,.T.);
#5706=CARTESIAN_POINT('',(205.048359248,-119.579068991,24.94));
#5707=DIRECTION('',(0.,0.,-1.));
#5708=VECTOR('',#5707,25.);
#5709=LINE('',#5706,#5708);
#5710=EDGE_CURVE('',#1439,#5699,#5709,.T.);
#5711=ORIENTED_EDGE('',*,*,#5710,.F.);
#5712=ORIENTED_EDGE('',*,*,#1444,.F.);
#5713=ORIENTED_EDGE('',*,*,#5686,.T.);
#5714=EDGE_LOOP('',(#5705,#5711,#5712,#5713));
#5715=FACE_BOUND('',#5714,.T.);
#5716=ADVANCED_FACE('',(#5715),#5697,.F.);
#5717=CARTESIAN_POINT('',(205.378568143,-119.413194166,12.06));
#5718=DIRECTION('',(-0.448880618,0.893591736,0.));
#5719=DIRECTION('',(-0.893591736,-0.448880618,0.));
#5720=AXIS2_PLACEMENT_3D('',#5717,#5718,#5719);
#5721=PLANE('',#5720);
#5722=CARTESIAN_POINT('',(205.708777038,-119.247319341,-0.06));
#5723=VERTEX_POINT('',#5722);
#5724=CARTESIAN_POINT('',(205.048359248,-119.579068991,-0.06));
#5725=DIRECTION('',(0.893591736,0.448880618,0.));
#5726=VECTOR('',#5725,0.739059867);
#5727=LINE('',#5724,#5726);
#5728=EDGE_CURVE('',#5699,#5723,#5727,.T.);
#5729=ORIENTED_EDGE('',*,*,#5728,.T.);
#5730=CARTESIAN_POINT('',(205.708777038,-119.247319341,24.94));
#5731=DIRECTION('',(0.,0.,-1.));
#5732=VECTOR('',#5731,25.);
#5733=LINE('',#5730,#5732);
#5734=EDGE_CURVE('',#1447,#5723,#5733,.T.);
#5735=ORIENTED_EDGE('',*,*,#5734,.F.);
#5736=ORIENTED_EDGE('',*,*,#1452,.F.);
#5737=ORIENTED_EDGE('',*,*,#5710,.T.);
#5738=EDGE_LOOP('',(#5729,#5735,#5736,#5737));
#5739=FACE_BOUND('',#5738,.T.);
#5740=ADVANCED_FACE('',(#5739),#5721,.F.);
#5741=CARTESIAN_POINT('',(205.920421023,-119.171339566,12.06));
#5742=DIRECTION('',(-0.337884494,0.941187584,0.));
#5743=DIRECTION('',(-0.941187584,-0.337884494,0.));
#5744=AXIS2_PLACEMENT_3D('',#5741,#5742,#5743);
#5745=PLANE('',#5744);
#5746=CARTESIAN_POINT('',(206.132065008,-119.095359791,-0.06));
#5747=VERTEX_POINT('',#5746);
#5748=CARTESIAN_POINT('',(205.708777038,-119.247319341,-0.06));
#5749=DIRECTION('',(0.941187584,0.337884494,0.));
#5750=VECTOR('',#5749,0.449738158);
#5751=LINE('',#5748,#5750);
#5752=EDGE_CURVE('',#5723,#5747,#5751,.T.);
#5753=ORIENTED_EDGE('',*,*,#5752,.T.);
#5754=CARTESIAN_POINT('',(206.132065008,-119.095359791,24.94));
#5755=DIRECTION('',(0.,0.,-1.));
#5756=VECTOR('',#5755,25.);
#5757=LINE('',#5754,#5756);
#5758=EDGE_CURVE('',#1455,#5747,#5757,.T.);
#5759=ORIENTED_EDGE('',*,*,#5758,.F.);
#5760=ORIENTED_EDGE('',*,*,#1460,.F.);
#5761=ORIENTED_EDGE('',*,*,#5734,.T.);
#5762=EDGE_LOOP('',(#5753,#5759,#5760,#5761));
#5763=FACE_BOUND('',#5762,.T.);
#5764=ADVANCED_FACE('',(#5763),#5745,.F.);
#5765=CARTESIAN_POINT('',(206.359888688,-119.040189551,12.06));
#5766=DIRECTION('',(-0.235359298,0.971908432,0.));
#5767=DIRECTION('',(-0.971908432,-0.235359298,0.));
#5768=AXIS2_PLACEMENT_3D('',#5765,#5766,#5767);
#5769=PLANE('',#5768);
#5770=CARTESIAN_POINT('',(206.587712368,-118.985019311,-0.06));
#5771=VERTEX_POINT('',#5770);
#5772=CARTESIAN_POINT('',(206.132065008,-119.095359791,-0.06));
#5773=DIRECTION('',(0.971908432,0.235359298,0.));
#5774=VECTOR('',#5773,0.468817169);
#5775=LINE('',#5772,#5774);
#5776=EDGE_CURVE('',#5747,#5771,#5775,.T.);
#5777=ORIENTED_EDGE('',*,*,#5776,.T.);
#5778=CARTESIAN_POINT('',(206.587712368,-118.985019311,24.94));
#5779=DIRECTION('',(0.,0.,-1.));
#5780=VECTOR('',#5779,25.);
#5781=LINE('',#5778,#5780);
#5782=EDGE_CURVE('',#1463,#5771,#5781,.T.);
#5783=ORIENTED_EDGE('',*,*,#5782,.F.);
#5784=ORIENTED_EDGE('',*,*,#1468,.F.);
#5785=ORIENTED_EDGE('',*,*,#5758,.T.);
#5786=EDGE_LOOP('',(#5777,#5783,#5784,#5785));
#5787=FACE_BOUND('',#5786,.T.);
#5788=ADVANCED_FACE('',(#5787),#5769,.F.);
#5789=CARTESIAN_POINT('',(206.831055203,-118.949995541,12.06));
#5790=DIRECTION('',(-0.142459706,0.989800602,0.));
#5791=DIRECTION('',(-0.989800602,-0.142459706,0.));
#5792=AXIS2_PLACEMENT_3D('',#5789,#5790,#5791);
#5793=PLANE('',#5792);
#5794=CARTESIAN_POINT('',(207.074398038,-118.914971771,-0.06));
#5795=VERTEX_POINT('',#5794);
#5796=CARTESIAN_POINT('',(206.587712368,-118.985019311,-0.06));
#5797=DIRECTION('',(0.989800602,0.142459706,0.));
#5798=VECTOR('',#5797,0.491700721);
#5799=LINE('',#5796,#5798);
#5800=EDGE_CURVE('',#5771,#5795,#5799,.T.);
#5801=ORIENTED_EDGE('',*,*,#5800,.T.);
#5802=CARTESIAN_POINT('',(207.074398038,-118.914971771,24.94));
#5803=DIRECTION('',(0.,0.,-1.));
#5804=VECTOR('',#5803,25.);
#5805=LINE('',#5802,#5804);
#5806=EDGE_CURVE('',#1471,#5795,#5805,.T.);
#5807=ORIENTED_EDGE('',*,*,#5806,.F.);
#5808=ORIENTED_EDGE('',*,*,#1476,.F.);
#5809=ORIENTED_EDGE('',*,*,#5782,.T.);
#5810=EDGE_LOOP('',(#5801,#5807,#5808,#5809));
#5811=FACE_BOUND('',#5810,.T.);
#5812=ADVANCED_FACE('',(#5811),#5793,.F.);
#5813=CARTESIAN_POINT('',(207.332601003,-118.899430901,12.06));
#5814=DIRECTION('',(-0.060079854,0.998193574,0.));
#5815=DIRECTION('',(-0.998193574,-0.060079854,0.));
#5816=AXIS2_PLACEMENT_3D('',#5813,#5814,#5815);
#5817=PLANE('',#5816);
#5818=CARTESIAN_POINT('',(207.590803968,-118.883890031,-0.06));
#5819=VERTEX_POINT('',#5818);
#5820=CARTESIAN_POINT('',(207.074398038,-118.914971771,-0.06));
#5821=DIRECTION('',(0.998193574,0.060079854,0.));
#5822=VECTOR('',#5821,0.517340467);
#5823=LINE('',#5820,#5822);
#5824=EDGE_CURVE('',#5795,#5819,#5823,.T.);
#5825=ORIENTED_EDGE('',*,*,#5824,.T.);
#5826=CARTESIAN_POINT('',(207.590803968,-118.883890031,24.94));
#5827=DIRECTION('',(0.,0.,-1.));
#5828=VECTOR('',#5827,25.);
#5829=LINE('',#5826,#5828);
#5830=EDGE_CURVE('',#1479,#5819,#5829,.T.);
#5831=ORIENTED_EDGE('',*,*,#5830,.F.);
#5832=ORIENTED_EDGE('',*,*,#1484,.F.);
#5833=ORIENTED_EDGE('',*,*,#5806,.T.);
#5834=EDGE_LOOP('',(#5825,#5831,#5832,#5833));
#5835=FACE_BOUND('',#5834,.T.);
#5836=ADVANCED_FACE('',(#5835),#5817,.F.);
#5837=CARTESIAN_POINT('',(207.863205008,-118.887168491,12.06));
#5838=DIRECTION('',(0.012034545,0.999927582,0.));
#5839=DIRECTION('',(-0.999927582,0.012034545,0.));
#5840=AXIS2_PLACEMENT_3D('',#5837,#5838,#5839);
#5841=PLANE('',#5840);
#5842=CARTESIAN_POINT('',(208.135606048,-118.890446951,-0.06));
#5843=VERTEX_POINT('',#5842);
#5844=CARTESIAN_POINT('',(207.590803968,-118.883890031,-0.06));
#5845=DIRECTION('',(0.999927582,-0.012034545,0.));
#5846=VECTOR('',#5845,0.544841536);
#5847=LINE('',#5844,#5846);
#5848=EDGE_CURVE('',#5819,#5843,#5847,.T.);
#5849=ORIENTED_EDGE('',*,*,#5848,.T.);
#5850=CARTESIAN_POINT('',(208.135606048,-118.890446951,24.94));
#5851=DIRECTION('',(0.,0.,-1.));
#5852=VECTOR('',#5851,25.);
#5853=LINE('',#5850,#5852);
#5854=EDGE_CURVE('',#1487,#5843,#5853,.T.);
#5855=ORIENTED_EDGE('',*,*,#5854,.F.);
#5856=ORIENTED_EDGE('',*,*,#1492,.F.);
#5857=ORIENTED_EDGE('',*,*,#5830,.T.);
#5858=EDGE_LOOP('',(#5849,#5855,#5856,#5857));
#5859=FACE_BOUND('',#5858,.T.);
#5860=ADVANCED_FACE('',(#5859),#5841,.F.);
#5861=CARTESIAN_POINT('',(208.421546643,-118.911881676,12.06));
#5862=DIRECTION('',(0.074752426,0.997202123,0.));
#5863=DIRECTION('',(-0.997202123,0.074752426,0.));
#5864=AXIS2_PLACEMENT_3D('',#5861,#5862,#5863);
#5865=PLANE('',#5864);
#5866=CARTESIAN_POINT('',(208.707487238,-118.933316401,-0.06));
#5867=VERTEX_POINT('',#5866);
#5868=CARTESIAN_POINT('',(208.135606048,-118.890446951,-0.06));
#5869=DIRECTION('',(0.997202123,-0.074752426,0.));
#5870=VECTOR('',#5869,0.573485732);
#5871=LINE('',#5868,#5870);
#5872=EDGE_CURVE('',#5843,#5867,#5871,.T.);
#5873=ORIENTED_EDGE('',*,*,#5872,.T.);
#5874=CARTESIAN_POINT('',(208.707487238,-118.933316401,24.94));
#5875=DIRECTION('',(0.,0.,-1.));
#5876=VECTOR('',#5875,25.);
#5877=LINE('',#5874,#5876);
#5878=EDGE_CURVE('',#1495,#5867,#5877,.T.);
#5879=ORIENTED_EDGE('',*,*,#5878,.F.);
#5880=ORIENTED_EDGE('',*,*,#1500,.F.);
#5881=ORIENTED_EDGE('',*,*,#5854,.T.);
#5882=EDGE_LOOP('',(#5873,#5879,#5880,#5881));
#5883=FACE_BOUND('',#5882,.T.);
#5884=ADVANCED_FACE('',(#5883),#5865,.F.);
#5885=CARTESIAN_POINT('',(209.006305333,-118.972243821,12.06));
#5886=DIRECTION('',(0.129179776,0.991621191,0.));
#5887=DIRECTION('',(-0.991621191,0.129179776,0.));
#5888=AXIS2_PLACEMENT_3D('',#5885,#5886,#5887);
#5889=PLANE('',#5888);
#5890=CARTESIAN_POINT('',(209.305123428,-119.011171241,-0.06));
#5891=VERTEX_POINT('',#5890);
#5892=CARTESIAN_POINT('',(208.707487238,-118.933316401,-0.06));
#5893=DIRECTION('',(0.991621191,-0.129179776,0.));
#5894=VECTOR('',#5893,0.602685981);
#5895=LINE('',#5892,#5894);
#5896=EDGE_CURVE('',#5867,#5891,#5895,.T.);
#5897=ORIENTED_EDGE('',*,*,#5896,.T.);
#5898=CARTESIAN_POINT('',(209.305123428,-119.011171241,24.94));
#5899=DIRECTION('',(0.,0.,-1.));
#5900=VECTOR('',#5899,25.);
#5901=LINE('',#5898,#5900);
#5902=EDGE_CURVE('',#1503,#5891,#5901,.T.);
#5903=ORIENTED_EDGE('',*,*,#5902,.F.);
#5904=ORIENTED_EDGE('',*,*,#1508,.F.);
#5905=ORIENTED_EDGE('',*,*,#5878,.T.);
#5906=EDGE_LOOP('',(#5897,#5903,#5904,#5905));
#5907=FACE_BOUND('',#5906,.T.);
#5908=ADVANCED_FACE('',(#5907),#5889,.F.);
#5909=CARTESIAN_POINT('',(209.616159998,-119.066927281,12.06));
#5910=DIRECTION('',(0.176446271,0.984310273,0.));
#5911=DIRECTION('',(-0.984310273,0.176446271,0.));
#5912=AXIS2_PLACEMENT_3D('',#5909,#5910,#5911);
#5913=PLANE('',#5912);
#5914=CARTESIAN_POINT('',(209.927196568,-119.122683321,-0.06));
#5915=VERTEX_POINT('',#5914);
#5916=CARTESIAN_POINT('',(209.305123428,-119.011171241,-0.06));
#5917=DIRECTION('',(0.984310273,-0.176446271,0.));
#5918=VECTOR('',#5917,0.631988873);
#5919=LINE('',#5916,#5918);
#5920=EDGE_CURVE('',#5891,#5915,#5919,.T.);
#5921=ORIENTED_EDGE('',*,*,#5920,.T.);
#5922=CARTESIAN_POINT('',(209.927196568,-119.122683321,24.94));
#5923=DIRECTION('',(0.,0.,-1.));
#5924=VECTOR('',#5923,25.);
#5925=LINE('',#5922,#5924);
#5926=EDGE_CURVE('',#1511,#5915,#5925,.T.);
#5927=ORIENTED_EDGE('',*,*,#5926,.F.);
#5928=ORIENTED_EDGE('',*,*,#1516,.F.);
#5929=ORIENTED_EDGE('',*,*,#5902,.T.);
#5930=EDGE_LOOP('',(#5921,#5927,#5928,#5929));
#5931=FACE_BOUND('',#5930,.T.);
#5932=ADVANCED_FACE('',(#5931),#5913,.F.);
#5933=CARTESIAN_POINT('',(210.583282973,-119.282030011,12.06));
#5934=DIRECTION('',(0.236013301,0.971749825,0.));
#5935=DIRECTION('',(-0.971749825,0.236013301,0.));
#5936=AXIS2_PLACEMENT_3D('',#5933,#5934,#5935);
#5937=PLANE('',#5936);
#5938=CARTESIAN_POINT('',(211.239369378,-119.441376701,-0.06));
#5939=VERTEX_POINT('',#5938);
#5940=CARTESIAN_POINT('',(209.927196568,-119.122683321,-0.06));
#5941=DIRECTION('',(0.971749825,-0.236013301,0.));
#5942=VECTOR('',#5941,1.350319575);
#5943=LINE('',#5940,#5942);
#5944=EDGE_CURVE('',#5915,#5939,#5943,.T.);
#5945=ORIENTED_EDGE('',*,*,#5944,.T.);
#5946=CARTESIAN_POINT('',(211.239369378,-119.441376701,24.94));
#5947=DIRECTION('',(0.,0.,-1.));
#5948=VECTOR('',#5947,25.);
#5949=LINE('',#5946,#5948);
#5950=EDGE_CURVE('',#1519,#5939,#5949,.T.);
#5951=ORIENTED_EDGE('',*,*,#5950,.F.);
#5952=ORIENTED_EDGE('',*,*,#1524,.F.);
#5953=ORIENTED_EDGE('',*,*,#5926,.T.);
#5954=EDGE_LOOP('',(#5945,#5951,#5952,#5953));
#5955=FACE_BOUND('',#5954,.T.);
#5956=ADVANCED_FACE('',(#5955),#5937,.F.);
#5957=CARTESIAN_POINT('',(211.936404213,-119.660078566,12.06));
#5958=DIRECTION('',(0.299370319,0.954136999,0.));
#5959=DIRECTION('',(-0.954136999,0.299370319,0.));
#5960=AXIS2_PLACEMENT_3D('',#5957,#5958,#5959);
#5961=PLANE('',#5960);
#5962=CARTESIAN_POINT('',(212.633439048,-119.878780431,-0.06));
#5963=VERTEX_POINT('',#5962);
#5964=CARTESIAN_POINT('',(211.239369378,-119.441376701,-0.06));
#5965=DIRECTION('',(0.954136999,-0.299370319,0.));
#5966=VECTOR('',#5965,1.461079145);
#5967=LINE('',#5964,#5966);
#5968=EDGE_CURVE('',#5939,#5963,#5967,.T.);
#5969=ORIENTED_EDGE('',*,*,#5968,.T.);
#5970=CARTESIAN_POINT('',(212.633439048,-119.878780431,24.94));
#5971=DIRECTION('',(0.,0.,-1.));
#5972=VECTOR('',#5971,25.);
#5973=LINE('',#5970,#5972);
#5974=EDGE_CURVE('',#1527,#5963,#5973,.T.);
#5975=ORIENTED_EDGE('',*,*,#5974,.F.);
#5976=ORIENTED_EDGE('',*,*,#1532,.F.);
#5977=ORIENTED_EDGE('',*,*,#5950,.T.);
#5978=EDGE_LOOP('',(#5969,#5975,#5976,#5977));
#5979=FACE_BOUND('',#5978,.T.);
#5980=ADVANCED_FACE('',(#5979),#5961,.F.);
#5981=CARTESIAN_POINT('',(213.366140013,-120.151530931,12.06));
#5982=DIRECTION('',(0.348865814,0.937172686,0.));
#5983=DIRECTION('',(-0.937172686,0.348865814,0.));
#5984=AXIS2_PLACEMENT_3D('',#5981,#5982,#5983);
#5985=PLANE('',#5984);
#5986=CARTESIAN_POINT('',(214.098840978,-120.424281431,-0.06));
#5987=VERTEX_POINT('',#5986);
#5988=CARTESIAN_POINT('',(212.633439048,-119.878780431,-0.06));
#5989=DIRECTION('',(0.937172686,-0.348865814,0.));
#5990=VECTOR('',#5989,1.563641314);
#5991=LINE('',#5988,#5990);
#5992=EDGE_CURVE('',#5963,#5987,#5991,.T.);
#5993=ORIENTED_EDGE('',*,*,#5992,.T.);
#5994=CARTESIAN_POINT('',(214.098840978,-120.424281431,24.94));
#5995=DIRECTION('',(0.,0.,-1.));
#5996=VECTOR('',#5995,25.);
#5997=LINE('',#5994,#5996);
#5998=EDGE_CURVE('',#1535,#5987,#5997,.T.);
#5999=ORIENTED_EDGE('',*,*,#5998,.F.);
#6000=ORIENTED_EDGE('',*,*,#1540,.F.);
#6001=ORIENTED_EDGE('',*,*,#5974,.T.);
#6002=EDGE_LOOP('',(#5993,#5999,#6000,#6001));
#6003=FACE_BOUND('',#6002,.T.);
#6004=ADVANCED_FACE('',(#6003),#5985,.F.);
#6005=CARTESIAN_POINT('',(214.861925268,-120.745772511,12.06));
#6006=DIRECTION('',(0.388254389,0.921552239,0.));
#6007=DIRECTION('',(-0.921552239,0.388254389,0.));
#6008=AXIS2_PLACEMENT_3D('',#6005,#6006,#6007);
#6009=PLANE('',#6008);
#6010=CARTESIAN_POINT('',(215.625009558,-121.067263591,-0.06));
#6011=VERTEX_POINT('',#6010);
#6012=CARTESIAN_POINT('',(214.098840978,-120.424281431,-0.06));
#6013=DIRECTION('',(0.921552239,-0.388254389,0.));
#6014=VECTOR('',#6013,1.656084718);
#6015=LINE('',#6012,#6014);
#6016=EDGE_CURVE('',#5987,#6011,#6015,.T.);
#6017=ORIENTED_EDGE('',*,*,#6016,.T.);
#6018=CARTESIAN_POINT('',(215.625009558,-121.067263591,24.94));
#6019=DIRECTION('',(0.,0.,-1.));
#6020=VECTOR('',#6019,25.);
#6021=LINE('',#6018,#6020);
#6022=EDGE_CURVE('',#1543,#6011,#6021,.T.);
#6023=ORIENTED_EDGE('',*,*,#6022,.F.);
#6024=ORIENTED_EDGE('',*,*,#1548,.F.);
#6025=ORIENTED_EDGE('',*,*,#5998,.T.);
#6026=EDGE_LOOP('',(#6017,#6023,#6024,#6025));
#6027=FACE_BOUND('',#6026,.T.);
#6028=ADVANCED_FACE('',(#6027),#6009,.F.);
#6029=CARTESIAN_POINT('',(216.413195378,-121.432187701,12.06));
#6030=DIRECTION('',(0.420145628,0.907456694,0.));
#6031=DIRECTION('',(-0.907456694,0.420145628,0.));
#6032=AXIS2_PLACEMENT_3D('',#6029,#6030,#6031);
#6033=PLANE('',#6032);
#6034=CARTESIAN_POINT('',(217.201381198,-121.797111811,-0.06));
#6035=VERTEX_POINT('',#6034);
#6036=CARTESIAN_POINT('',(215.625009558,-121.067263591,-0.06));
#6037=DIRECTION('',(0.907456694,-0.420145628,0.));
#6038=VECTOR('',#6037,1.737131536);
#6039=LINE('',#6036,#6038);
#6040=EDGE_CURVE('',#6011,#6035,#6039,.T.);
#6041=ORIENTED_EDGE('',*,*,#6040,.T.);
#6042=CARTESIAN_POINT('',(217.201381198,-121.797111811,24.94));
#6043=DIRECTION('',(0.,0.,-1.));
#6044=VECTOR('',#6043,25.);
#6045=LINE('',#6042,#6044);
#6046=EDGE_CURVE('',#1551,#6035,#6045,.T.);
#6047=ORIENTED_EDGE('',*,*,#6046,.F.);
#6048=ORIENTED_EDGE('',*,*,#1556,.F.);
#6049=ORIENTED_EDGE('',*,*,#6022,.T.);
#6050=EDGE_LOOP('',(#6041,#6047,#6048,#6049));
#6051=FACE_BOUND('',#6050,.T.);
#6052=ADVANCED_FACE('',(#6051),#6033,.F.);
#6053=CARTESIAN_POINT('',(218.009386248,-122.200162411,12.06));
#6054=DIRECTION('',(0.446370007,0.894848488,0.));
#6055=DIRECTION('',(-0.894848488,0.446370007,0.));
#6056=AXIS2_PLACEMENT_3D('',#6053,#6054,#6055);
#6057=PLANE('',#6056);
#6058=CARTESIAN_POINT('',(218.817391298,-122.603213011,-0.06));
#6059=VERTEX_POINT('',#6058);
#6060=CARTESIAN_POINT('',(217.201381198,-121.797111811,-0.06));
#6061=DIRECTION('',(0.894848488,-0.446370007,0.));
#6062=VECTOR('',#6061,1.805903593);
#6063=LINE('',#6060,#6062);
#6064=EDGE_CURVE('',#6035,#6059,#6063,.T.);
#6065=ORIENTED_EDGE('',*,*,#6064,.T.);
#6066=CARTESIAN_POINT('',(218.817391298,-122.603213011,24.94));
#6067=DIRECTION('',(0.,0.,-1.));
#6068=VECTOR('',#6067,25.);
#6069=LINE('',#6066,#6068);
#6070=EDGE_CURVE('',#1559,#6059,#6069,.T.);
#6071=ORIENTED_EDGE('',*,*,#6070,.F.);
#6072=ORIENTED_EDGE('',*,*,#1564,.F.);
#6073=ORIENTED_EDGE('',*,*,#6046,.T.);
#6074=EDGE_LOOP('',(#6065,#6071,#6072,#6073));
#6075=FACE_BOUND('',#6074,.T.);
#6076=ADVANCED_FACE('',(#6075),#6057,.F.);
#6077=CARTESIAN_POINT('',(219.639932268,-123.039082046,12.06));
#6078=DIRECTION('',(0.468228489,0.883607425,0.));
#6079=DIRECTION('',(-0.883607425,0.468228489,0.));
#6080=AXIS2_PLACEMENT_3D('',#6077,#6078,#6079);
#6081=PLANE('',#6080);
#6082=CARTESIAN_POINT('',(220.462473238,-123.474951081,-0.06));
#6083=VERTEX_POINT('',#6082);
#6084=CARTESIAN_POINT('',(218.817391298,-122.603213011,-0.06));
#6085=DIRECTION('',(0.883607425,-0.468228489,0.));
#6086=VECTOR('',#6085,1.861779217);
#6087=LINE('',#6084,#6086);
#6088=EDGE_CURVE('',#6059,#6083,#6087,.T.);
#6089=ORIENTED_EDGE('',*,*,#6088,.T.);
#6090=CARTESIAN_POINT('',(220.462473238,-123.474951081,24.94));
#6091=DIRECTION('',(0.,0.,-1.));
#6092=VECTOR('',#6091,25.);
#6093=LINE('',#6090,#6092);
#6094=EDGE_CURVE('',#1567,#6083,#6093,.T.);
#6095=ORIENTED_EDGE('',*,*,#6094,.F.);
#6096=ORIENTED_EDGE('',*,*,#1572,.F.);
#6097=ORIENTED_EDGE('',*,*,#6070,.T.);
#6098=EDGE_LOOP('',(#6089,#6095,#6096,#6097));
#6099=FACE_BOUND('',#6098,.T.);
#6100=ADVANCED_FACE('',(#6099),#6081,.F.);
#6101=CARTESIAN_POINT('',(221.294267828,-123.938331506,12.06));
#6102=DIRECTION('',(0.486663696,0.873589404,0.));
#6103=DIRECTION('',(-0.873589404,0.486663696,0.));
#6104=AXIS2_PLACEMENT_3D('',#6101,#6102,#6103);
#6105=PLANE('',#6104);
#6106=CARTESIAN_POINT('',(222.126062418,-124.401711931,-0.06));
#6107=VERTEX_POINT('',#6106);
#6108=CARTESIAN_POINT('',(220.462473238,-123.474951081,-0.06));
#6109=DIRECTION('',(0.873589404,-0.486663696,0.));
#6110=VECTOR('',#6109,1.904314741);
#6111=LINE('',#6108,#6110);
#6112=EDGE_CURVE('',#6083,#6107,#6111,.T.);
#6113=ORIENTED_EDGE('',*,*,#6112,.T.);
#6114=CARTESIAN_POINT('',(222.126062418,-124.401711931,24.94));
#6115=DIRECTION('',(0.,0.,-1.));
#6116=VECTOR('',#6115,25.);
#6117=LINE('',#6114,#6116);
#6118=EDGE_CURVE('',#1575,#6107,#6117,.T.);
#6119=ORIENTED_EDGE('',*,*,#6118,.F.);
#6120=ORIENTED_EDGE('',*,*,#1580,.F.);
#6121=ORIENTED_EDGE('',*,*,#6094,.T.);
#6122=EDGE_LOOP('',(#6113,#6119,#6120,#6121));
#6123=FACE_BOUND('',#6122,.T.);
#6124=ADVANCED_FACE('',(#6123),#6105,.F.);
#6125=CARTESIAN_POINT('',(222.961828833,-124.887295691,12.06));
#6126=DIRECTION('',(0.502367639,0.864654125,0.));
#6127=DIRECTION('',(-0.864654125,0.502367639,0.));
#6128=AXIS2_PLACEMENT_3D('',#6125,#6126,#6127);
#6129=PLANE('',#6128);
#6130=CARTESIAN_POINT('',(223.797595248,-125.372879451,-0.06));
#6131=VERTEX_POINT('',#6130);
#6132=CARTESIAN_POINT('',(222.126062418,-124.401711931,-0.06));
#6133=DIRECTION('',(0.864654125,-0.502367639,0.));
#6134=VECTOR('',#6133,1.93318089);
#6135=LINE('',#6132,#6134);
#6136=EDGE_CURVE('',#6107,#6131,#6135,.T.);
#6137=ORIENTED_EDGE('',*,*,#6136,.T.);
#6138=CARTESIAN_POINT('',(223.797595248,-125.372879451,24.94));
#6139=DIRECTION('',(0.,0.,-1.));
#6140=VECTOR('',#6139,25.);
#6141=LINE('',#6138,#6140);
#6142=EDGE_CURVE('',#1583,#6131,#6141,.T.);
#6143=ORIENTED_EDGE('',*,*,#6142,.F.);
#6144=ORIENTED_EDGE('',*,*,#1588,.F.);
#6145=ORIENTED_EDGE('',*,*,#6118,.T.);
#6146=EDGE_LOOP('',(#6137,#6143,#6144,#6145));
#6147=FACE_BOUND('',#6146,.T.);
#6148=ADVANCED_FACE('',(#6147),#6129,.F.);
#6149=CARTESIAN_POINT('',(224.632050683,-125.875360006,12.06));
#6150=DIRECTION('',(0.515859379,0.856673275,0.));
#6151=DIRECTION('',(-0.856673275,0.515859379,0.));
#6152=AXIS2_PLACEMENT_3D('',#6149,#6150,#6151);
#6153=PLANE('',#6152);
#6154=CARTESIAN_POINT('',(225.466506118,-126.377840561,-0.06));
#6155=VERTEX_POINT('',#6154);
#6156=CARTESIAN_POINT('',(223.797595248,-125.372879451,-0.06));
#6157=DIRECTION('',(0.856673275,-0.515859379,0.));
#6158=VECTOR('',#6157,1.948129956);
#6159=LINE('',#6156,#6158);
#6160=EDGE_CURVE('',#6131,#6155,#6159,.T.);
#6161=ORIENTED_EDGE('',*,*,#6160,.T.);
#6162=CARTESIAN_POINT('',(225.466506118,-126.377840561,24.94));
#6163=DIRECTION('',(0.,0.,-1.));
#6164=VECTOR('',#6163,25.);
#6165=LINE('',#6162,#6164);
#6166=EDGE_CURVE('',#1591,#6155,#6165,.T.);
#6167=ORIENTED_EDGE('',*,*,#6166,.F.);
#6168=ORIENTED_EDGE('',*,*,#1596,.F.);
#6169=ORIENTED_EDGE('',*,*,#6142,.T.);
#6170=EDGE_LOOP('',(#6161,#6167,#6168,#6169));
#6171=FACE_BOUND('',#6170,.T.);
#6172=ADVANCED_FACE('',(#6171),#6153,.F.);
#6173=CARTESIAN_POINT('',(227.110353838,-127.412260846,12.06));
#6174=DIRECTION('',(0.532593892,0.846370927,0.));
#6175=DIRECTION('',(-0.846370927,0.532593892,0.));
#6176=AXIS2_PLACEMENT_3D('',#6173,#6174,#6175);
#6177=PLANE('',#6176);
#6178=CARTESIAN_POINT('',(228.754201558,-128.446681131,-0.06));
#6179=VERTEX_POINT('',#6178);
#6180=CARTESIAN_POINT('',(225.466506118,-126.377840561,-0.06));
#6181=DIRECTION('',(0.846370927,-0.532593892,0.));
#6182=VECTOR('',#6181,3.884461689);
#6183=LINE('',#6180,#6182);
#6184=EDGE_CURVE('',#6155,#6179,#6183,.T.);
#6185=ORIENTED_EDGE('',*,*,#6184,.T.);
#6186=CARTESIAN_POINT('',(228.754201558,-128.446681131,24.94));
#6187=DIRECTION('',(0.,0.,-1.));
#6188=VECTOR('',#6187,25.);
#6189=LINE('',#6186,#6188);
#6190=EDGE_CURVE('',#1599,#6179,#6189,.T.);
#6191=ORIENTED_EDGE('',*,*,#6190,.F.);
#6192=ORIENTED_EDGE('',*,*,#1604,.F.);
#6193=ORIENTED_EDGE('',*,*,#6166,.T.);
#6194=EDGE_LOOP('',(#6185,#6191,#6192,#6193));
#6195=FACE_BOUND('',#6194,.T.);
#6196=ADVANCED_FACE('',(#6195),#6177,.F.);
#6197=CARTESIAN_POINT('',(229.190371068,-127.709500311,12.06));
#6198=DIRECTION('',(-0.860638686,0.509216116,0.));
#6199=DIRECTION('',(-0.509216116,-0.860638686,0.));
#6200=AXIS2_PLACEMENT_3D('',#6197,#6198,#6199);
#6201=PLANE('',#6200);
#6202=CARTESIAN_POINT('',(229.626540578,-126.972319491,-0.06));
#6203=VERTEX_POINT('',#6202);
#6204=CARTESIAN_POINT('',(228.754201558,-128.446681131,-0.06));
#6205=DIRECTION('',(0.509216116,0.860638686,0.));
#6206=VECTOR('',#6205,1.713101752);
#6207=LINE('',#6204,#6206);
#6208=EDGE_CURVE('',#6179,#6203,#6207,.T.);
#6209=ORIENTED_EDGE('',*,*,#6208,.T.);
#6210=CARTESIAN_POINT('',(229.626540578,-126.972319491,24.94));
#6211=DIRECTION('',(0.,0.,-1.));
#6212=VECTOR('',#6211,25.);
#6213=LINE('',#6210,#6212);
#6214=EDGE_CURVE('',#1607,#6203,#6213,.T.);
#6215=ORIENTED_EDGE('',*,*,#6214,.F.);
#6216=ORIENTED_EDGE('',*,*,#1612,.F.);
#6217=ORIENTED_EDGE('',*,*,#6190,.T.);
#6218=EDGE_LOOP('',(#6209,#6215,#6216,#6217));
#6219=FACE_BOUND('',#6218,.T.);
#6220=ADVANCED_FACE('',(#6219),#6201,.F.);
#6221=CARTESIAN_POINT('',(230.137658148,-126.180155281,12.06));
#6222=DIRECTION('',(-0.840275441,0.542159739,0.));
#6223=DIRECTION('',(-0.542159739,-0.840275441,0.));
#6224=AXIS2_PLACEMENT_3D('',#6221,#6222,#6223);
#6225=PLANE('',#6224);
#6226=CARTESIAN_POINT('',(230.648775718,-125.387991071,-0.06));
#6227=VERTEX_POINT('',#6226);
#6228=CARTESIAN_POINT('',(229.626540578,-126.972319491,-0.06));
#6229=DIRECTION('',(0.542159739,0.840275441,0.));
#6230=VECTOR('',#6229,1.885486999);
#6231=LINE('',#6228,#6230);
#6232=EDGE_CURVE('',#6203,#6227,#6231,.T.);
#6233=ORIENTED_EDGE('',*,*,#6232,.T.);
#6234=CARTESIAN_POINT('',(230.648775718,-125.387991071,24.94));
#6235=DIRECTION('',(0.,0.,-1.));
#6236=VECTOR('',#6235,25.);
#6237=LINE('',#6234,#6236);
#6238=EDGE_CURVE('',#1615,#6227,#6237,.T.);
#6239=ORIENTED_EDGE('',*,*,#6238,.F.);
#6240=ORIENTED_EDGE('',*,*,#1620,.F.);
#6241=ORIENTED_EDGE('',*,*,#6214,.T.);
#6242=EDGE_LOOP('',(#6233,#6239,#6240,#6241));
#6243=FACE_BOUND('',#6242,.T.);
#6244=ADVANCED_FACE('',(#6243),#6225,.F.);
#6245=CARTESIAN_POINT('',(231.220616508,-124.561721181,12.06));
#6246=DIRECTION('',(-0.822281702,0.569080664,0.));
#6247=DIRECTION('',(-0.569080664,-0.822281702,0.));
#6248=AXIS2_PLACEMENT_3D('',#6245,#6246,#6247);
#6249=PLANE('',#6248);
#6250=CARTESIAN_POINT('',(231.792457298,-123.735451291,-0.06));
#6251=VERTEX_POINT('',#6250);
#6252=CARTESIAN_POINT('',(230.648775718,-125.387991071,-0.06));
#6253=DIRECTION('',(0.569080664,0.822281702,0.));
#6254=VECTOR('',#6253,2.009700296);
#6255=LINE('',#6252,#6254);
#6256=EDGE_CURVE('',#6227,#6251,#6255,.T.);
#6257=ORIENTED_EDGE('',*,*,#6256,.T.);
#6258=CARTESIAN_POINT('',(231.792457298,-123.735451291,24.94));
#6259=DIRECTION('',(0.,0.,-1.));
#6260=VECTOR('',#6259,25.);
#6261=LINE('',#6258,#6260);
#6262=EDGE_CURVE('',#1623,#6251,#6261,.T.);
#6263=ORIENTED_EDGE('',*,*,#6262,.F.);
#6264=ORIENTED_EDGE('',*,*,#1628,.F.);
#6265=ORIENTED_EDGE('',*,*,#6238,.T.);
#6266=EDGE_LOOP('',(#6257,#6263,#6264,#6265));
#6267=FACE_BOUND('',#6266,.T.);
#6268=ADVANCED_FACE('',(#6267),#6249,.F.);
#6269=CARTESIAN_POINT('',(232.410797478,-122.895955451,12.06));
#6270=DIRECTION('',(-0.805163782,0.593052514,0.));
#6271=DIRECTION('',(-0.593052514,-0.805163782,0.));
#6272=AXIS2_PLACEMENT_3D('',#6269,#6270,#6271);
#6273=PLANE('',#6272);
#6274=CARTESIAN_POINT('',(233.029137658,-122.056459611,-0.06));
#6275=VERTEX_POINT('',#6274);
#6276=CARTESIAN_POINT('',(231.792457298,-123.735451291,-0.06));
#6277=DIRECTION('',(0.593052514,0.805163782,0.));
#6278=VECTOR('',#6277,2.085279687);
#6279=LINE('',#6276,#6278);
#6280=EDGE_CURVE('',#6251,#6275,#6279,.T.);
#6281=ORIENTED_EDGE('',*,*,#6280,.T.);
#6282=CARTESIAN_POINT('',(233.029137658,-122.056459611,24.94));
#6283=DIRECTION('',(0.,0.,-1.));
#6284=VECTOR('',#6283,25.);
#6285=LINE('',#6282,#6284);
#6286=EDGE_CURVE('',#1631,#6275,#6285,.T.);
#6287=ORIENTED_EDGE('',*,*,#6286,.F.);
#6288=ORIENTED_EDGE('',*,*,#1636,.F.);
#6289=ORIENTED_EDGE('',*,*,#6262,.T.);
#6290=EDGE_LOOP('',(#6281,#6287,#6288,#6289));
#6291=FACE_BOUND('',#6290,.T.);
#6292=ADVANCED_FACE('',(#6291),#6273,.F.);
#6293=CARTESIAN_POINT('',(233.679752388,-121.224617046,12.06));
#6294=DIRECTION('',(-0.787685351,0.616077745,0.));
#6295=DIRECTION('',(-0.616077745,-0.787685351,0.));
#6296=AXIS2_PLACEMENT_3D('',#6293,#6294,#6295);
#6297=PLANE('',#6296);
#6298=CARTESIAN_POINT('',(234.330367118,-120.392774481,-0.06));
#6299=VERTEX_POINT('',#6298);
#6300=CARTESIAN_POINT('',(233.029137658,-122.056459611,-0.06));
#6301=DIRECTION('',(0.616077745,0.787685351,0.));
#6302=VECTOR('',#6301,2.112118917);
#6303=LINE('',#6300,#6302);
#6304=EDGE_CURVE('',#6275,#6299,#6303,.T.);
#6305=ORIENTED_EDGE('',*,*,#6304,.T.);
#6306=CARTESIAN_POINT('',(234.330367118,-120.392774481,24.94));
#6307=DIRECTION('',(0.,0.,-1.));
#6308=VECTOR('',#6307,25.);
#6309=LINE('',#6306,#6308);
#6310=EDGE_CURVE('',#1639,#6299,#6309,.T.);
#6311=ORIENTED_EDGE('',*,*,#6310,.F.);
#6312=ORIENTED_EDGE('',*,*,#1644,.F.);
#6313=ORIENTED_EDGE('',*,*,#6286,.T.);
#6314=EDGE_LOOP('',(#6305,#6311,#6312,#6313));
#6315=FACE_BOUND('',#6314,.T.);
#6316=ADVANCED_FACE('',(#6315),#6297,.F.);
#6317=CARTESIAN_POINT('',(234.999033073,-119.589462901,12.06));
#6318=DIRECTION('',(-0.76857894,0.639754964,0.));
#6319=DIRECTION('',(-0.639754964,-0.76857894,0.));
#6320=AXIS2_PLACEMENT_3D('',#6317,#6318,#6319);
#6321=PLANE('',#6320);
#6322=CARTESIAN_POINT('',(235.667699028,-118.786151321,-0.06));
#6323=VERTEX_POINT('',#6322);
#6324=CARTESIAN_POINT('',(234.330367118,-120.392774481,-0.06));
#6325=DIRECTION('',(0.639754964,0.76857894,0.));
#6326=VECTOR('',#6325,2.090381452);
#6327=LINE('',#6324,#6326);
#6328=EDGE_CURVE('',#6299,#6323,#6327,.T.);
#6329=ORIENTED_EDGE('',*,*,#6328,.T.);
#6330=CARTESIAN_POINT('',(235.667699028,-118.786151321,24.94));
#6331=DIRECTION('',(0.,0.,-1.));
#6332=VECTOR('',#6331,25.);
#6333=LINE('',#6330,#6332);
#6334=EDGE_CURVE('',#1647,#6323,#6333,.T.);
#6335=ORIENTED_EDGE('',*,*,#6334,.F.);
#6336=ORIENTED_EDGE('',*,*,#1652,.F.);
#6337=ORIENTED_EDGE('',*,*,#6310,.T.);
#6338=EDGE_LOOP('',(#6329,#6335,#6336,#6337));
#6339=FACE_BOUND('',#6338,.T.);
#6340=ADVANCED_FACE('',(#6339),#6321,.F.);
#6341=CARTESIAN_POINT('',(236.340190863,-118.032250961,12.06));
#6342=DIRECTION('',(-0.746249106,0.665666787,0.));
#6343=DIRECTION('',(-0.665666787,-0.746249106,0.));
#6344=AXIS2_PLACEMENT_3D('',#6341,#6342,#6343);
#6345=PLANE('',#6344);
#6346=CARTESIAN_POINT('',(237.012682698,-117.278350601,24.913465794));
#6347=VERTEX_POINT('',#6346);
#6348=CARTESIAN_POINT('',(237.012682698,-117.278350601,-0.06));
#6349=VERTEX_POINT('',#6348);
#6350=CARTESIAN_POINT('',(237.012682698,-117.278350601,24.913465794));
#6351=DIRECTION('',(0.,0.,-1.));
#6352=VECTOR('',#6351,24.973465794);
#6353=LINE('',#6350,#6352);
#6354=EDGE_CURVE('',#6347,#6349,#6353,.T.);
#6355=ORIENTED_EDGE('',*,*,#6354,.F.);
#6356=CARTESIAN_POINT('',(235.687994434,-118.763399053,-8.14));
#6357=DIRECTION('',(0.746249106,-0.665666787,-0.));
#6358=DIRECTION('',(-0.665666787,-0.746249106,0.));
#6359=AXIS2_PLACEMENT_3D('',#6356,#6357,#6358);
#6360=ELLIPSE('',#6359,49.694532801,33.08);
#6361=EDGE_CURVE('',#6347,#373,#6360,.T.);
#6362=ORIENTED_EDGE('',*,*,#6361,.T.);
#6363=ORIENTED_EDGE('',*,*,#1658,.F.);
#6364=ORIENTED_EDGE('',*,*,#6334,.T.);
#6365=CARTESIAN_POINT('',(235.667699028,-118.786151321,-0.06));
#6366=DIRECTION('',(0.665666787,0.746249106,0.));
#6367=VECTOR('',#6366,2.020505898);
#6368=LINE('',#6365,#6367);
#6369=EDGE_CURVE('',#6323,#6349,#6368,.T.);
#6370=ORIENTED_EDGE('',*,*,#6369,.T.);
#6371=EDGE_LOOP('',(#6355,#6362,#6363,#6364,#6370));
#6372=FACE_BOUND('',#6371,.T.);
#6373=ADVANCED_FACE('',(#6372),#6345,.F.);
#6374=CARTESIAN_POINT('',(237.674777088,-116.594739171,12.06));
#6375=DIRECTION('',(-0.718321183,0.695711635,0.));
#6376=DIRECTION('',(-0.695711635,-0.718321183,0.));
#6377=AXIS2_PLACEMENT_3D('',#6374,#6375,#6376);
#6378=PLANE('',#6377);
#6379=CARTESIAN_POINT('',(238.336871478,-115.911127741,24.833775192));
#6380=VERTEX_POINT('',#6379);
#6381=CARTESIAN_POINT('',(238.336871478,-115.911127741,-0.06));
#6382=VERTEX_POINT('',#6381);
#6383=CARTESIAN_POINT('',(238.336871478,-115.911127741,24.833775192));
#6384=DIRECTION('',(0.,0.,-1.));
#6385=VECTOR('',#6384,24.893775192);
#6386=LINE('',#6383,#6385);
#6387=EDGE_CURVE('',#6380,#6382,#6386,.T.);
#6388=ORIENTED_EDGE('',*,*,#6387,.F.);
#6389=CARTESIAN_POINT('',(235.687994434,-118.646089177,-8.14));
#6390=DIRECTION('',(0.718321183,-0.695711635,-0.));
#6391=DIRECTION('',(-0.695711635,-0.718321183,0.));
#6392=AXIS2_PLACEMENT_3D('',#6389,#6390,#6391);
#6393=ELLIPSE('',#6392,47.548435817,33.08);
#6394=EDGE_CURVE('',#6380,#6347,#6393,.T.);
#6395=ORIENTED_EDGE('',*,*,#6394,.T.);
#6396=ORIENTED_EDGE('',*,*,#6354,.T.);
#6397=CARTESIAN_POINT('',(237.012682698,-117.278350601,-0.06));
#6398=DIRECTION('',(0.695711635,0.718321183,0.));
#6399=VECTOR('',#6398,1.903358682);
#6400=LINE('',#6397,#6399);
#6401=EDGE_CURVE('',#6349,#6382,#6400,.T.);
#6402=ORIENTED_EDGE('',*,*,#6401,.T.);
#6403=EDGE_LOOP('',(#6388,#6395,#6396,#6402));
#6404=FACE_BOUND('',#6403,.T.);
#6405=ADVANCED_FACE('',(#6404),#6378,.F.);
#6406=CARTESIAN_POINT('',(238.974343583,-115.318685476,12.06));
#6407=DIRECTION('',(-0.680761953,0.732504719,0.));
#6408=DIRECTION('',(-0.732504719,-0.680761953,0.));
#6409=AXIS2_PLACEMENT_3D('',#6406,#6407,#6408);
#6410=PLANE('',#6409);
#6411=CARTESIAN_POINT('',(239.611815688,-114.726243211,24.706461404));
#6412=VERTEX_POINT('',#6411);
#6413=CARTESIAN_POINT('',(239.611815688,-114.726243211,-0.06));
#6414=VERTEX_POINT('',#6413);
#6415=CARTESIAN_POINT('',(239.611815688,-114.726243211,24.706461404));
#6416=DIRECTION('',(0.,0.,-1.));
#6417=VECTOR('',#6416,24.766461404);
#6418=LINE('',#6415,#6417);
#6419=EDGE_CURVE('',#6412,#6414,#6418,.T.);
#6420=ORIENTED_EDGE('',*,*,#6419,.F.);
#6421=CARTESIAN_POINT('',(235.687994434,-118.372893053,-8.14));
#6422=DIRECTION('',(0.680761953,-0.732504719,-0.));
#6423=DIRECTION('',(-0.732504719,-0.680761953,0.));
#6424=AXIS2_PLACEMENT_3D('',#6421,#6422,#6423);
#6425=ELLIPSE('',#6424,45.160118604,33.08);
#6426=EDGE_CURVE('',#6412,#6380,#6425,.T.);
#6427=ORIENTED_EDGE('',*,*,#6426,.T.);
#6428=ORIENTED_EDGE('',*,*,#6387,.T.);
#6429=CARTESIAN_POINT('',(238.336871478,-115.911127741,-0.06));
#6430=DIRECTION('',(0.732504719,0.680761953,0.));
#6431=VECTOR('',#6430,1.740526957);
#6432=LINE('',#6429,#6431);
#6433=EDGE_CURVE('',#6382,#6414,#6432,.T.);
#6434=ORIENTED_EDGE('',*,*,#6433,.T.);
#6435=EDGE_LOOP('',(#6420,#6427,#6428,#6434));
#6436=FACE_BOUND('',#6435,.T.);
#6437=ADVANCED_FACE('',(#6436),#6410,.F.);
#6438=CARTESIAN_POINT('',(240.210441173,-114.245847821,12.06));
#6439=DIRECTION('',(-0.625881983,0.77991778,0.));
#6440=DIRECTION('',(-0.77991778,-0.625881983,0.));
#6441=AXIS2_PLACEMENT_3D('',#6438,#6439,#6440);
#6442=PLANE('',#6441);
#6443=CARTESIAN_POINT('',(240.809066658,-113.765452431,24.541202843));
#6444=VERTEX_POINT('',#6443);
#6445=CARTESIAN_POINT('',(240.809066658,-113.765452431,-0.06));
#6446=VERTEX_POINT('',#6445);
#6447=CARTESIAN_POINT('',(240.809066658,-113.765452431,24.541202843));
#6448=DIRECTION('',(0.,0.,-1.));
#6449=VECTOR('',#6448,24.601202843);
#6450=LINE('',#6447,#6449);
#6451=EDGE_CURVE('',#6444,#6446,#6450,.T.);
#6452=ORIENTED_EDGE('',*,*,#6451,.F.);
#6453=CARTESIAN_POINT('',(235.687994434,-117.87509953,-8.14));
#6454=DIRECTION('',(0.625881983,-0.77991778,-0.));
#6455=DIRECTION('',(-0.77991778,-0.625881983,0.));
#6456=AXIS2_PLACEMENT_3D('',#6453,#6454,#6455);
#6457=ELLIPSE('',#6456,42.414727382,33.08);
#6458=EDGE_CURVE('',#6444,#6412,#6457,.T.);
#6459=ORIENTED_EDGE('',*,*,#6458,.T.);
#6460=ORIENTED_EDGE('',*,*,#6419,.T.);
#6461=CARTESIAN_POINT('',(239.611815688,-114.726243211,-0.06));
#6462=DIRECTION('',(0.77991778,0.625881983,0.));
#6463=VECTOR('',#6462,1.535098957);
#6464=LINE('',#6461,#6463);
#6465=EDGE_CURVE('',#6414,#6446,#6464,.T.);
#6466=ORIENTED_EDGE('',*,*,#6465,.T.);
#6467=EDGE_LOOP('',(#6452,#6459,#6460,#6466));
#6468=FACE_BOUND('',#6467,.T.);
#6469=ADVANCED_FACE('',(#6468),#6442,.F.);
#6470=CARTESIAN_POINT('',(241.089366908,-113.573797356,12.06));
#6471=DIRECTION('',(-0.564424507,0.825484691,0.));
#6472=DIRECTION('',(-0.825484691,-0.564424507,0.));
#6473=AXIS2_PLACEMENT_3D('',#6470,#6471,#6472);
#6474=PLANE('',#6473);
#6475=CARTESIAN_POINT('',(241.369667158,-113.382142281,24.448418112));
#6476=VERTEX_POINT('',#6475);
#6477=CARTESIAN_POINT('',(241.369667158,-113.382142281,-0.06));
#6478=VERTEX_POINT('',#6477);
#6479=CARTESIAN_POINT('',(241.369667158,-113.382142281,24.448418112));
#6480=DIRECTION('',(0.,0.,-1.));
#6481=VECTOR('',#6480,24.508418112);
#6482=LINE('',#6479,#6481);
#6483=EDGE_CURVE('',#6476,#6478,#6482,.T.);
#6484=ORIENTED_EDGE('',*,*,#6483,.F.);
#6485=CARTESIAN_POINT('',(235.687994434,-117.266981527,-8.14));
#6486=DIRECTION('',(0.564424507,-0.825484691,-0.));
#6487=DIRECTION('',(-0.825484691,-0.564424507,0.));
#6488=AXIS2_PLACEMENT_3D('',#6485,#6486,#6487);
#6489=ELLIPSE('',#6488,40.073426368,33.08);
#6490=EDGE_CURVE('',#6476,#6444,#6489,.T.);
#6491=ORIENTED_EDGE('',*,*,#6490,.T.);
#6492=ORIENTED_EDGE('',*,*,#6451,.T.);
#6493=CARTESIAN_POINT('',(240.809066658,-113.765452431,-0.06));
#6494=DIRECTION('',(0.825484691,0.564424507,0.));
#6495=VECTOR('',#6494,0.679116773);
#6496=LINE('',#6493,#6495);
#6497=EDGE_CURVE('',#6446,#6478,#6496,.T.);
#6498=ORIENTED_EDGE('',*,*,#6497,.T.);
#6499=EDGE_LOOP('',(#6484,#6491,#6492,#6498));
#6500=FACE_BOUND('',#6499,.T.);
#6501=ADVANCED_FACE('',(#6500),#6474,.F.);
#6502=CARTESIAN_POINT('',(241.634921943,-113.226328571,12.06));
#6503=DIRECTION('',(-0.506492316,0.862244474,0.));
#6504=DIRECTION('',(-0.862244474,-0.506492316,0.));
#6505=AXIS2_PLACEMENT_3D('',#6502,#6503,#6504);
#6506=PLANE('',#6505);
#6507=CARTESIAN_POINT('',(241.900176728,-113.070514861,24.351463358));
#6508=VERTEX_POINT('',#6507);
#6509=CARTESIAN_POINT('',(241.900176728,-113.070514861,-0.06));
#6510=VERTEX_POINT('',#6509);
#6511=CARTESIAN_POINT('',(241.900176728,-113.070514861,24.351463358));
#6512=DIRECTION('',(0.,0.,-1.));
#6513=VECTOR('',#6512,24.411463358);
#6514=LINE('',#6511,#6513);
#6515=EDGE_CURVE('',#6508,#6510,#6514,.T.);
#6516=ORIENTED_EDGE('',*,*,#6515,.F.);
#6517=CARTESIAN_POINT('',(235.687994434,-116.719622154,-8.14));
#6518=DIRECTION('',(0.506492316,-0.862244474,-0.));
#6519=DIRECTION('',(-0.862244474,-0.506492316,0.));
#6520=AXIS2_PLACEMENT_3D('',#6517,#6518,#6519);
#6521=ELLIPSE('',#6520,38.364989264,33.08);
#6522=EDGE_CURVE('',#6508,#6476,#6521,.T.);
#6523=ORIENTED_EDGE('',*,*,#6522,.T.);
#6524=ORIENTED_EDGE('',*,*,#6483,.T.);
#6525=CARTESIAN_POINT('',(241.369667158,-113.382142281,-0.06));
#6526=DIRECTION('',(0.862244474,0.506492316,0.));
#6527=VECTOR('',#6526,0.615265839);
#6528=LINE('',#6525,#6527);
#6529=EDGE_CURVE('',#6478,#6510,#6528,.T.);
#6530=ORIENTED_EDGE('',*,*,#6529,.T.);
#6531=EDGE_LOOP('',(#6516,#6523,#6524,#6530));
#6532=FACE_BOUND('',#6531,.T.);
#6533=ADVANCED_FACE('',(#6532),#6506,.F.);
#6534=CARTESIAN_POINT('',(242.148607943,-112.953152861,12.06));
#6535=DIRECTION('',(-0.427146942,0.904182221,0.));
#6536=DIRECTION('',(-0.904182221,-0.427146942,0.));
#6537=AXIS2_PLACEMENT_3D('',#6534,#6535,#6536);
#6538=PLANE('',#6537);
#6539=CARTESIAN_POINT('',(242.397039158,-112.835790861,24.252516403));
#6540=VERTEX_POINT('',#6539);
#6541=CARTESIAN_POINT('',(242.397039158,-112.835790861,-0.06));
#6542=VERTEX_POINT('',#6541);
#6543=CARTESIAN_POINT('',(242.397039158,-112.835790861,24.252516403));
#6544=DIRECTION('',(0.,0.,-1.));
#6545=VECTOR('',#6544,24.312516403);
#6546=LINE('',#6543,#6545);
#6547=EDGE_CURVE('',#6540,#6542,#6546,.T.);
#6548=ORIENTED_EDGE('',*,*,#6547,.F.);
#6549=CARTESIAN_POINT('',(235.687994434,-116.005227145,-8.14));
#6550=DIRECTION('',(0.427146942,-0.904182221,-0.));
#6551=DIRECTION('',(-0.904182221,-0.427146942,0.));
#6552=AXIS2_PLACEMENT_3D('',#6549,#6550,#6551);
#6553=ELLIPSE('',#6552,36.585545717,33.08);
#6554=EDGE_CURVE('',#6540,#6508,#6553,.T.);
#6555=ORIENTED_EDGE('',*,*,#6554,.T.);
#6556=ORIENTED_EDGE('',*,*,#6515,.T.);
#6557=CARTESIAN_POINT('',(241.900176728,-113.070514861,-0.06));
#6558=DIRECTION('',(0.904182221,0.427146942,0.));
#6559=VECTOR('',#6558,0.549515815);
#6560=LINE('',#6557,#6559);
#6561=EDGE_CURVE('',#6510,#6542,#6560,.T.);
#6562=ORIENTED_EDGE('',*,*,#6561,.T.);
#6563=EDGE_LOOP('',(#6548,#6555,#6556,#6562));
#6564=FACE_BOUND('',#6563,.T.);
#6565=ADVANCED_FACE('',(#6564),#6538,.F.);
#6566=CARTESIAN_POINT('',(242.626868193,-112.759489401,12.06));
#6567=DIRECTION('',(-0.315082044,0.949064437,0.));
#6568=DIRECTION('',(-0.949064437,-0.315082044,0.));
#6569=AXIS2_PLACEMENT_3D('',#6566,#6567,#6568);
#6570=PLANE('',#6569);
#6571=CARTESIAN_POINT('',(242.856697228,-112.683187941,24.153901905));
#6572=VERTEX_POINT('',#6571);
#6573=CARTESIAN_POINT('',(242.856697228,-112.683187941,-0.06));
#6574=VERTEX_POINT('',#6573);
#6575=CARTESIAN_POINT('',(242.856697228,-112.683187941,24.153901905));
#6576=DIRECTION('',(0.,0.,-1.));
#6577=VECTOR('',#6576,24.213901905);
#6578=LINE('',#6575,#6577);
#6579=EDGE_CURVE('',#6572,#6574,#6578,.T.);
#6580=ORIENTED_EDGE('',*,*,#6579,.F.);
#6581=CARTESIAN_POINT('',(235.687994434,-115.06314176,-8.14));
#6582=DIRECTION('',(0.315082044,-0.949064437,-0.));
#6583=DIRECTION('',(-0.949064437,-0.315082044,0.));
#6584=AXIS2_PLACEMENT_3D('',#6581,#6582,#6583);
#6585=ELLIPSE('',#6584,34.855378322,33.08);
#6586=EDGE_CURVE('',#6572,#6540,#6585,.T.);
#6587=ORIENTED_EDGE('',*,*,#6586,.T.);
#6588=ORIENTED_EDGE('',*,*,#6547,.T.);
#6589=CARTESIAN_POINT('',(242.397039158,-112.835790861,-0.06));
#6590=DIRECTION('',(0.949064437,0.315082044,0.));
#6591=VECTOR('',#6590,0.484327567);
#6592=LINE('',#6589,#6591);
#6593=EDGE_CURVE('',#6542,#6574,#6592,.T.);
#6594=ORIENTED_EDGE('',*,*,#6593,.T.);
#6595=EDGE_LOOP('',(#6580,#6587,#6588,#6594));
#6596=FACE_BOUND('',#6595,.T.);
#6597=ADVANCED_FACE('',(#6596),#6570,.F.);
#6598=CARTESIAN_POINT('',(243.066146483,-112.650557871,12.06));
#6599=DIRECTION('',(-0.153933044,0.988081281,0.));
#6600=DIRECTION('',(-0.988081281,-0.153933044,0.));
#6601=AXIS2_PLACEMENT_3D('',#6598,#6599,#6600);
#6602=PLANE('',#6601);
#6603=CARTESIAN_POINT('',(243.275595738,-112.617927801,24.058054389));
#6604=VERTEX_POINT('',#6603);
#6605=CARTESIAN_POINT('',(243.275595738,-112.617927801,-0.06));
#6606=VERTEX_POINT('',#6605);
#6607=CARTESIAN_POINT('',(243.275595738,-112.617927801,24.058054389));
#6608=DIRECTION('',(0.,0.,-1.));
#6609=VECTOR('',#6608,24.118054389);
#6610=LINE('',#6607,#6609);
#6611=EDGE_CURVE('',#6604,#6606,#6610,.T.);
#6612=ORIENTED_EDGE('',*,*,#6611,.F.);
#6613=CARTESIAN_POINT('',(235.687994434,-113.799999142,-8.14));
#6614=DIRECTION('',(0.153933044,-0.988081281,-0.));
#6615=DIRECTION('',(-0.988081281,-0.153933044,0.));
#6616=AXIS2_PLACEMENT_3D('',#6613,#6614,#6615);
#6617=ELLIPSE('',#6616,33.479027114,33.08);
#6618=EDGE_CURVE('',#6604,#6572,#6617,.T.);
#6619=ORIENTED_EDGE('',*,*,#6618,.T.);
#6620=ORIENTED_EDGE('',*,*,#6579,.T.);
#6621=CARTESIAN_POINT('',(242.856697228,-112.683187941,-0.06));
#6622=DIRECTION('',(0.988081281,0.153933044,0.));
#6623=VECTOR('',#6622,0.423951468);
#6624=LINE('',#6621,#6623);
#6625=EDGE_CURVE('',#6574,#6606,#6624,.T.);
#6626=ORIENTED_EDGE('',*,*,#6625,.T.);
#6627=EDGE_LOOP('',(#6612,#6619,#6620,#6626));
#6628=FACE_BOUND('',#6627,.T.);
#6629=ADVANCED_FACE('',(#6628),#6602,.F.);
#6630=CARTESIAN_POINT('',(243.462887108,-112.631578456,12.06));
#6631=DIRECTION('',(0.072691772,0.997354454,0.));
#6632=DIRECTION('',(-0.997354454,0.072691772,0.));
#6633=AXIS2_PLACEMENT_3D('',#6630,#6631,#6632);
#6634=PLANE('',#6633);
#6635=CARTESIAN_POINT('',(243.650178478,-112.645229111,23.967476158));
#6636=VERTEX_POINT('',#6635);
#6637=CARTESIAN_POINT('',(243.650178478,-112.645229111,-0.06));
#6638=VERTEX_POINT('',#6637);
#6639=CARTESIAN_POINT('',(243.650178478,-112.645229111,23.967476158));
#6640=DIRECTION('',(0.,0.,-1.));
#6641=VECTOR('',#6640,24.027476158);
#6642=LINE('',#6639,#6641);
#6643=EDGE_CURVE('',#6636,#6638,#6642,.T.);
#6644=ORIENTED_EDGE('',*,*,#6643,.F.);
#6645=CARTESIAN_POINT('',(235.687994434,-112.064908579,-8.14));
#6646=DIRECTION('',(-0.072691772,-0.997354454,-0.));
#6647=DIRECTION('',(0.997354454,-0.072691772,0.));
#6648=AXIS2_PLACEMENT_3D('',#6645,#6646,#6647);
#6649=ELLIPSE('',#6648,33.16774681,33.08);
#6650=EDGE_CURVE('',#6636,#6604,#6649,.T.);
#6651=ORIENTED_EDGE('',*,*,#6650,.T.);
#6652=ORIENTED_EDGE('',*,*,#6611,.T.);
#6653=CARTESIAN_POINT('',(243.275595738,-112.617927801,-0.06));
#6654=DIRECTION('',(0.997354454,-0.072691772,0.));
#6655=VECTOR('',#6654,0.375576345);
#6656=LINE('',#6653,#6655);
#6657=EDGE_CURVE('',#6606,#6638,#6656,.T.);
#6658=ORIENTED_EDGE('',*,*,#6657,.T.);
#6659=EDGE_LOOP('',(#6644,#6651,#6652,#6658));
#6660=FACE_BOUND('',#6659,.T.);
#6661=ADVANCED_FACE('',(#6660),#6634,.F.);
#6662=CARTESIAN_POINT('',(243.813534363,-112.707770836,12.06));
#6663=DIRECTION('',(0.357547036,0.933895132,0.));
#6664=DIRECTION('',(-0.933895132,0.357547036,0.));
#6665=AXIS2_PLACEMENT_3D('',#6662,#6663,#6664);
#6666=PLANE('',#6665);
#6667=CARTESIAN_POINT('',(243.976890248,-112.770312561,23.884687449));
#6668=VERTEX_POINT('',#6667);
#6669=CARTESIAN_POINT('',(243.976890248,-112.770312561,-0.06));
#6670=VERTEX_POINT('',#6669);
#6671=CARTESIAN_POINT('',(243.976890248,-112.770312561,23.884687449));
#6672=DIRECTION('',(0.,0.,-1.));
#6673=VECTOR('',#6672,23.944687449);
#6674=LINE('',#6671,#6673);
#6675=EDGE_CURVE('',#6668,#6670,#6674,.T.);
#6676=ORIENTED_EDGE('',*,*,#6675,.F.);
#6677=CARTESIAN_POINT('',(235.687994434,-109.596861892,-8.14));
#6678=DIRECTION('',(-0.357547036,-0.933895132,-0.));
#6679=DIRECTION('',(0.933895132,-0.357547036,0.));
#6680=AXIS2_PLACEMENT_3D('',#6677,#6678,#6679);
#6681=ELLIPSE('',#6680,35.421535971,33.08);
#6682=EDGE_CURVE('',#6668,#6636,#6681,.T.);
#6683=ORIENTED_EDGE('',*,*,#6682,.T.);
#6684=ORIENTED_EDGE('',*,*,#6643,.T.);
#6685=CARTESIAN_POINT('',(243.650178478,-112.645229111,-0.06));
#6686=DIRECTION('',(0.933895132,-0.357547036,0.));
#6687=VECTOR('',#6686,0.349837748);
#6688=LINE('',#6685,#6687);
#6689=EDGE_CURVE('',#6638,#6670,#6688,.T.);
#6690=ORIENTED_EDGE('',*,*,#6689,.T.);
#6691=EDGE_LOOP('',(#6676,#6683,#6684,#6690));
#6692=FACE_BOUND('',#6691,.T.);
#6693=ADVANCED_FACE('',(#6692),#6666,.F.);
#6694=CARTESIAN_POINT('',(244.114531533,-112.884354691,12.06));
#6695=DIRECTION('',(0.638006234,0.770031197,0.));
#6696=DIRECTION('',(-0.770031197,0.638006234,0.));
#6697=AXIS2_PLACEMENT_3D('',#6694,#6695,#6696);
#6698=PLANE('',#6697);
#6699=CARTESIAN_POINT('',(244.252172818,-112.998396821,23.812171266));
#6700=VERTEX_POINT('',#6699);
#6701=CARTESIAN_POINT('',(244.252172818,-112.998396821,-0.06));
#6702=VERTEX_POINT('',#6701);
#6703=CARTESIAN_POINT('',(244.252172818,-112.998396821,23.812171266));
#6704=DIRECTION('',(0.,0.,-1.));
#6705=VECTOR('',#6704,23.872171266);
#6706=LINE('',#6703,#6705);
#6707=EDGE_CURVE('',#6700,#6702,#6706,.T.);
#6708=ORIENTED_EDGE('',*,*,#6707,.F.);
#6709=CARTESIAN_POINT('',(235.687994434,-105.902581459,-8.14));
#6710=DIRECTION('',(-0.638006234,-0.770031197,-0.));
#6711=DIRECTION('',(0.770031197,-0.638006234,0.));
#6712=AXIS2_PLACEMENT_3D('',#6709,#6710,#6711);
#6713=ELLIPSE('',#6712,42.959298415,33.08);
#6714=EDGE_CURVE('',#6700,#6668,#6713,.T.);
#6715=ORIENTED_EDGE('',*,*,#6714,.T.);
#6716=ORIENTED_EDGE('',*,*,#6675,.T.);
#6717=CARTESIAN_POINT('',(243.976890248,-112.770312561,-0.06));
#6718=DIRECTION('',(0.770031197,-0.638006234,0.));
#6719=VECTOR('',#6718,0.357495347);
#6720=LINE('',#6717,#6719);
#6721=EDGE_CURVE('',#6670,#6702,#6720,.T.);
#6722=ORIENTED_EDGE('',*,*,#6721,.T.);
#6723=EDGE_LOOP('',(#6708,#6715,#6716,#6722));
#6724=FACE_BOUND('',#6723,.T.);
#6725=ADVANCED_FACE('',(#6724),#6698,.F.);
#6726=CARTESIAN_POINT('',(244.362322913,-113.166549701,12.06));
#6727=DIRECTION('',(0.83650453,0.547960008,0.));
#6728=DIRECTION('',(-0.547960008,0.83650453,0.));
#6729=AXIS2_PLACEMENT_3D('',#6726,#6727,#6728);
#6730=PLANE('',#6729);
#6731=CARTESIAN_POINT('',(244.472473008,-113.334702581,23.752308417));
#6732=VERTEX_POINT('',#6731);
#6733=CARTESIAN_POINT('',(244.472473008,-113.334702581,-0.06));
#6734=VERTEX_POINT('',#6733);
#6735=CARTESIAN_POINT('',(244.472473008,-113.334702581,23.752308417));
#6736=DIRECTION('',(0.,0.,-1.));
#6737=VECTOR('',#6736,23.812308417);
#6738=LINE('',#6735,#6737);
#6739=EDGE_CURVE('',#6732,#6734,#6738,.T.);
#6740=ORIENTED_EDGE('',*,*,#6739,.F.);
#6741=CARTESIAN_POINT('',(235.687994434,-99.924497429,-8.14));
#6742=DIRECTION('',(-0.83650453,-0.547960008,-0.));
#6743=DIRECTION('',(0.547960008,-0.83650453,0.));
#6744=AXIS2_PLACEMENT_3D('',#6741,#6742,#6743);
#6745=ELLIPSE('',#6744,60.369369128,33.08);
#6746=EDGE_CURVE('',#6732,#6700,#6745,.T.);
#6747=ORIENTED_EDGE('',*,*,#6746,.T.);
#6748=ORIENTED_EDGE('',*,*,#6707,.T.);
#6749=CARTESIAN_POINT('',(244.252172818,-112.998396821,-0.06));
#6750=DIRECTION('',(0.547960008,-0.83650453,0.));
#6751=VECTOR('',#6750,0.402036986);
#6752=LINE('',#6749,#6751);
#6753=EDGE_CURVE('',#6702,#6734,#6752,.T.);
#6754=ORIENTED_EDGE('',*,*,#6753,.T.);
#6755=EDGE_LOOP('',(#6740,#6747,#6748,#6754));
#6756=FACE_BOUND('',#6755,.T.);
#6757=ADVANCED_FACE('',(#6756),#6730,.F.);
#6758=CARTESIAN_POINT('',(244.553352798,-113.559575546,12.06));
#6759=DIRECTION('',(0.940986694,0.338443557,0.));
#6760=DIRECTION('',(-0.338443557,0.940986694,0.));
#6761=AXIS2_PLACEMENT_3D('',#6758,#6759,#6760);
#6762=PLANE('',#6761);
#6763=CARTESIAN_POINT('',(244.634232588,-113.784448511,23.707311078));
#6764=VERTEX_POINT('',#6763);
#6765=CARTESIAN_POINT('',(244.634232588,-113.784448511,-0.06));
#6766=VERTEX_POINT('',#6765);
#6767=CARTESIAN_POINT('',(244.634232588,-113.784448511,23.707311078));
#6768=DIRECTION('',(0.,0.,-1.));
#6769=VECTOR('',#6768,23.767311078);
#6770=LINE('',#6767,#6769);
#6771=EDGE_CURVE('',#6764,#6766,#6770,.T.);
#6772=ORIENTED_EDGE('',*,*,#6771,.F.);
#6773=CARTESIAN_POINT('',(235.687994434,-88.910903474,-8.14));
#6774=DIRECTION('',(-0.940986694,-0.338443557,-0.));
#6775=DIRECTION('',(0.338443557,-0.940986694,0.));
#6776=AXIS2_PLACEMENT_3D('',#6773,#6774,#6775);
#6777=ELLIPSE('',#6776,97.741556272,33.08);
#6778=EDGE_CURVE('',#6764,#6732,#6777,.T.);
#6779=ORIENTED_EDGE('',*,*,#6778,.T.);
#6780=ORIENTED_EDGE('',*,*,#6739,.T.);
#6781=CARTESIAN_POINT('',(244.472473008,-113.334702581,-0.06));
#6782=DIRECTION('',(0.338443557,-0.940986694,0.));
#6783=VECTOR('',#6782,0.477951424);
#6784=LINE('',#6781,#6783);
#6785=EDGE_CURVE('',#6734,#6766,#6784,.T.);
#6786=ORIENTED_EDGE('',*,*,#6785,.T.);
#6787=EDGE_LOOP('',(#6772,#6779,#6780,#6786));
#6788=FACE_BOUND('',#6787,.T.);
#6789=ADVANCED_FACE('',(#6788),#6762,.F.);
#6790=CARTESIAN_POINT('',(244.684063968,-114.068651906,12.06));
#6791=DIRECTION('',(0.984974046,0.172702427,0.));
#6792=DIRECTION('',(-0.172702427,0.984974046,0.));
#6793=AXIS2_PLACEMENT_3D('',#6790,#6791,#6792);
#6794=PLANE('',#6793);
#6795=CARTESIAN_POINT('',(244.733895348,-114.352855301,23.679146385));
#6796=VERTEX_POINT('',#6795);
#6797=CARTESIAN_POINT('',(244.733895348,-114.352855301,-0.06));
#6798=VERTEX_POINT('',#6797);
#6799=CARTESIAN_POINT('',(244.733895348,-114.352855301,23.679146385));
#6800=DIRECTION('',(0.,0.,-1.));
#6801=VECTOR('',#6800,23.739146385);
#6802=LINE('',#6799,#6801);
#6803=EDGE_CURVE('',#6796,#6798,#6802,.T.);
#6804=ORIENTED_EDGE('',*,*,#6803,.F.);
#6805=CARTESIAN_POINT('',(235.687994434,-62.76135311,-8.14));
#6806=DIRECTION('',(-0.984974046,-0.172702427,-0.));
#6807=DIRECTION('',(0.172702427,-0.984974046,0.));
#6808=AXIS2_PLACEMENT_3D('',#6805,#6806,#6807);
#6809=ELLIPSE('',#6808,191.543342119,33.08);
#6810=EDGE_CURVE('',#6796,#6764,#6809,.T.);
#6811=ORIENTED_EDGE('',*,*,#6810,.T.);
#6812=ORIENTED_EDGE('',*,*,#6771,.T.);
#6813=CARTESIAN_POINT('',(244.634232588,-113.784448511,-0.06));
#6814=DIRECTION('',(0.172702427,-0.984974046,0.));
#6815=VECTOR('',#6814,0.577077936);
#6816=LINE('',#6813,#6815);
#6817=EDGE_CURVE('',#6766,#6798,#6816,.T.);
#6818=ORIENTED_EDGE('',*,*,#6817,.T.);
#6819=EDGE_LOOP('',(#6804,#6811,#6812,#6818));
#6820=FACE_BOUND('',#6819,.T.);
#6821=ADVANCED_FACE('',(#6820),#6794,.F.);
#6822=CARTESIAN_POINT('',(244.750901223,-114.698998461,12.06));
#6823=DIRECTION('',(0.998795322,0.049070415,0.));
#6824=DIRECTION('',(-0.049070415,0.998795322,0.));
#6825=AXIS2_PLACEMENT_3D('',#6822,#6823,#6824);
#6826=PLANE('',#6825);
#6827=CARTESIAN_POINT('',(244.767907098,-115.045141621,23.669457493));
#6828=VERTEX_POINT('',#6827);
#6829=CARTESIAN_POINT('',(244.767907098,-115.045141621,-0.06));
#6830=VERTEX_POINT('',#6829);
#6831=CARTESIAN_POINT('',(244.767907098,-115.045141621,23.669457493));
#6832=DIRECTION('',(0.,0.,-1.));
#6833=VECTOR('',#6832,23.729457493);
#6834=LINE('',#6831,#6833);
#6835=EDGE_CURVE('',#6828,#6830,#6834,.T.);
#6836=ORIENTED_EDGE('',*,*,#6835,.F.);
#6837=CARTESIAN_POINT('',(235.687994434,69.770380185,-8.14));
#6838=DIRECTION('',(-0.998795322,-0.049070415,-0.));
#6839=DIRECTION('',(0.049070415,-0.998795322,0.));
#6840=AXIS2_PLACEMENT_3D('',#6837,#6838,#6839);
#6841=ELLIPSE('',#6840,674.133288585,33.08);
#6842=EDGE_CURVE('',#6828,#6796,#6841,.T.);
#6843=ORIENTED_EDGE('',*,*,#6842,.T.);
#6844=ORIENTED_EDGE('',*,*,#6803,.T.);
#6845=CARTESIAN_POINT('',(244.733895348,-114.352855301,-0.06));
#6846=DIRECTION('',(0.049070415,-0.998795322,0.));
#6847=VECTOR('',#6846,0.693121308);
#6848=LINE('',#6845,#6847);
#6849=EDGE_CURVE('',#6798,#6830,#6848,.T.);
#6850=ORIENTED_EDGE('',*,*,#6849,.T.);
#6851=EDGE_LOOP('',(#6836,#6843,#6844,#6850));
#6852=FACE_BOUND('',#6851,.T.);
#6853=ADVANCED_FACE('',(#6852),#6826,.F.);
#6854=CARTESIAN_POINT('',(244.738182293,-116.218885851,12.06));
#6855=DIRECTION('',(0.999679482,-0.025316655,0.));
#6856=DIRECTION('',(0.025316655,0.999679482,0.));
#6857=AXIS2_PLACEMENT_3D('',#6854,#6855,#6856);
#6858=PLANE('',#6857);
#6859=CARTESIAN_POINT('',(244.708457488,-117.392630081,23.686367155));
#6860=VERTEX_POINT('',#6859);
#6861=CARTESIAN_POINT('',(244.708457488,-117.392630081,-0.06));
#6862=VERTEX_POINT('',#6861);
#6863=CARTESIAN_POINT('',(244.708457488,-117.392630081,23.686367155));
#6864=DIRECTION('',(0.,0.,-1.));
#6865=VECTOR('',#6864,23.746367155);
#6866=LINE('',#6863,#6865);
#6867=EDGE_CURVE('',#6860,#6862,#6866,.T.);
#6868=ORIENTED_EDGE('',*,*,#6867,.F.);
#6869=CARTESIAN_POINT('',(235.687994434,-473.583914129,-8.14));
#6870=DIRECTION('',(-0.999679482,0.025316655,-0.));
#6871=DIRECTION('',(-0.025316655,-0.999679482,0.));
#6872=AXIS2_PLACEMENT_3D('',#6869,#6870,#6871);
#6873=ELLIPSE('',#6872,1306.64971606,33.08);
#6874=EDGE_CURVE('',#6860,#6828,#6873,.T.);
#6875=ORIENTED_EDGE('',*,*,#6874,.T.);
#6876=ORIENTED_EDGE('',*,*,#6835,.T.);
#6877=CARTESIAN_POINT('',(244.767907098,-115.045141621,-0.06));
#6878=DIRECTION('',(-0.025316655,-0.999679482,0.));
#6879=VECTOR('',#6878,2.348241113);
#6880=LINE('',#6877,#6879);
#6881=EDGE_CURVE('',#6830,#6862,#6880,.T.);
#6882=ORIENTED_EDGE('',*,*,#6881,.T.);
#6883=EDGE_LOOP('',(#6868,#6875,#6876,#6882));
#6884=FACE_BOUND('',#6883,.T.);
#6885=ADVANCED_FACE('',(#6884),#6858,.F.);
#6886=CARTESIAN_POINT('',(244.617278223,-118.551159166,12.06));
#6887=DIRECTION('',(0.996917263,-0.078459993,0.));
#6888=DIRECTION('',(0.078459993,0.996917263,0.));
#6889=AXIS2_PLACEMENT_3D('',#6886,#6887,#6888);
#6890=PLANE('',#6889);
#6891=CARTESIAN_POINT('',(244.526098958,-119.709688251,23.737489055));
#6892=VERTEX_POINT('',#6891);
#6893=CARTESIAN_POINT('',(244.526098958,-119.709688251,-0.06));
#6894=VERTEX_POINT('',#6893);
#6895=CARTESIAN_POINT('',(244.526098958,-119.709688251,23.737489055));
#6896=DIRECTION('',(0.,0.,-1.));
#6897=VECTOR('',#6896,23.797489055);
#6898=LINE('',#6895,#6897);
#6899=EDGE_CURVE('',#6892,#6894,#6898,.T.);
#6900=ORIENTED_EDGE('',*,*,#6899,.F.);
#6901=CARTESIAN_POINT('',(235.687994434,-232.007162318,-8.14));
#6902=DIRECTION('',(-0.996917263,0.078459993,-0.));
#6903=DIRECTION('',(-0.078459993,-0.996917263,0.));
#6904=AXIS2_PLACEMENT_3D('',#6901,#6902,#6903);
#6905=ELLIPSE('',#6904,421.616150421,33.08);
#6906=EDGE_CURVE('',#6892,#6860,#6905,.T.);
#6907=ORIENTED_EDGE('',*,*,#6906,.T.);
#6908=ORIENTED_EDGE('',*,*,#6867,.T.);
#6909=CARTESIAN_POINT('',(244.708457488,-117.392630081,-0.06));
#6910=DIRECTION('',(-0.078459993,-0.996917263,0.));
#6911=VECTOR('',#6910,2.324223138);
#6912=LINE('',#6909,#6911);
#6913=EDGE_CURVE('',#6862,#6894,#6912,.T.);
#6914=ORIENTED_EDGE('',*,*,#6913,.T.);
#6915=EDGE_LOOP('',(#6900,#6907,#6908,#6914));
#6916=FACE_BOUND('',#6915,.T.);
#6917=ADVANCED_FACE('',(#6916),#6890,.F.);
#6918=CARTESIAN_POINT('',(244.370454928,-120.852235096,12.06));
#6919=DIRECTION('',(0.990848481,-0.134978843,0.));
#6920=DIRECTION('',(0.134978843,0.990848481,0.));
#6921=AXIS2_PLACEMENT_3D('',#6918,#6919,#6920);
#6922=PLANE('',#6921);
#6923=CARTESIAN_POINT('',(244.214810898,-121.994781941,23.82216202));
#6924=VERTEX_POINT('',#6923);
#6925=CARTESIAN_POINT('',(244.214810898,-121.994781941,-0.06));
#6926=VERTEX_POINT('',#6925);
#6927=CARTESIAN_POINT('',(244.214810898,-121.994781941,23.82216202));
#6928=DIRECTION('',(0.,0.,-1.));
#6929=VECTOR('',#6928,23.88216202);
#6930=LINE('',#6927,#6929);
#6931=EDGE_CURVE('',#6924,#6926,#6930,.T.);
#6932=ORIENTED_EDGE('',*,*,#6931,.F.);
#6933=CARTESIAN_POINT('',(235.687994434,-184.588170511,-8.14));
#6934=DIRECTION('',(-0.990848481,0.134978843,-0.));
#6935=DIRECTION('',(-0.134978843,-0.990848481,0.));
#6936=AXIS2_PLACEMENT_3D('',#6933,#6934,#6935);
#6937=ELLIPSE('',#6936,245.075445736,33.08);
#6938=EDGE_CURVE('',#6924,#6892,#6937,.T.);
#6939=ORIENTED_EDGE('',*,*,#6938,.T.);
#6940=ORIENTED_EDGE('',*,*,#6899,.T.);
#6941=CARTESIAN_POINT('',(244.526098958,-119.709688251,-0.06));
#6942=DIRECTION('',(-0.134978843,-0.990848481,0.));
#6943=VECTOR('',#6942,2.306198913);
#6944=LINE('',#6941,#6943);
#6945=EDGE_CURVE('',#6894,#6926,#6944,.T.);
#6946=ORIENTED_EDGE('',*,*,#6945,.T.);
#6947=EDGE_LOOP('',(#6932,#6939,#6940,#6946));
#6948=FACE_BOUND('',#6947,.T.);
#6949=ADVANCED_FACE('',(#6948),#6922,.F.);
#6950=CARTESIAN_POINT('',(243.991694323,-123.120580966,12.06));
#6951=DIRECTION('',(0.980921545,-0.194404019,0.));
#6952=DIRECTION('',(0.194404019,0.980921545,0.));
#6953=AXIS2_PLACEMENT_3D('',#6950,#6951,#6952);
#6954=PLANE('',#6953);
#6955=CARTESIAN_POINT('',(243.768577748,-124.246379991,23.937882931));
#6956=VERTEX_POINT('',#6955);
#6957=CARTESIAN_POINT('',(243.768577748,-124.246379991,-0.06));
#6958=VERTEX_POINT('',#6957);
#6959=CARTESIAN_POINT('',(243.768577748,-124.246379991,23.937882931));
#6960=DIRECTION('',(0.,0.,-1.));
#6961=VECTOR('',#6960,23.997882931);
#6962=LINE('',#6959,#6961);
#6963=EDGE_CURVE('',#6956,#6958,#6962,.T.);
#6964=ORIENTED_EDGE('',*,*,#6963,.F.);
#6965=CARTESIAN_POINT('',(235.687994434,-165.019293504,-8.14));
#6966=DIRECTION('',(-0.980921545,0.194404019,-0.));
#6967=DIRECTION('',(-0.194404019,-0.980921545,0.));
#6968=AXIS2_PLACEMENT_3D('',#6965,#6966,#6967);
#6969=ELLIPSE('',#6968,170.161090857,33.08);
#6970=EDGE_CURVE('',#6956,#6924,#6969,.T.);
#6971=ORIENTED_EDGE('',*,*,#6970,.T.);
#6972=ORIENTED_EDGE('',*,*,#6931,.T.);
#6973=CARTESIAN_POINT('',(244.214810898,-121.994781941,-0.06));
#6974=DIRECTION('',(-0.194404019,-0.980921545,0.));
#6975=VECTOR('',#6974,2.295390556);
#6976=LINE('',#6973,#6975);
#6977=EDGE_CURVE('',#6926,#6958,#6976,.T.);
#6978=ORIENTED_EDGE('',*,*,#6977,.T.);
#6979=EDGE_LOOP('',(#6964,#6971,#6972,#6978));
#6980=FACE_BOUND('',#6979,.T.);
#6981=ADVANCED_FACE('',(#6980),#6954,.F.);
#6982=CARTESIAN_POINT('',(243.474979333,-125.354664101,12.06));
#6983=DIRECTION('',(0.966655781,-0.256079287,0.));
#6984=DIRECTION('',(0.256079287,0.966655781,0.));
#6985=AXIS2_PLACEMENT_3D('',#6982,#6983,#6984);
#6986=PLANE('',#6985);
#6987=CARTESIAN_POINT('',(243.181380918,-126.462948211,24.080111096));
#6988=VERTEX_POINT('',#6987);
#6989=CARTESIAN_POINT('',(243.181380918,-126.462948211,-0.06));
#6990=VERTEX_POINT('',#6989);
#6991=CARTESIAN_POINT('',(243.181380918,-126.462948211,24.080111096));
#6992=DIRECTION('',(0.,0.,-1.));
#6993=VECTOR('',#6992,24.140111096);
#6994=LINE('',#6991,#6993);
#6995=EDGE_CURVE('',#6988,#6990,#6994,.T.);
#6996=ORIENTED_EDGE('',*,*,#6995,.F.);
#6997=CARTESIAN_POINT('',(235.687994434,-154.749208441,-8.14));
#6998=DIRECTION('',(-0.966655781,0.256079287,-0.));
#6999=DIRECTION('',(-0.256079287,-0.966655781,0.));
#7000=AXIS2_PLACEMENT_3D('',#6997,#6998,#6999);
#7001=ELLIPSE('',#7000,129.178741237,33.08);
#7002=EDGE_CURVE('',#6988,#6956,#7001,.T.);
#7003=ORIENTED_EDGE('',*,*,#7002,.T.);
#7004=ORIENTED_EDGE('',*,*,#6963,.T.);
#7005=CARTESIAN_POINT('',(243.768577748,-124.246379991,-0.06));
#7006=DIRECTION('',(-0.256079287,-0.966655781,0.));
#7007=VECTOR('',#7006,2.293027429);
#7008=LINE('',#7005,#7007);
#7009=EDGE_CURVE('',#6958,#6990,#7008,.T.);
#7010=ORIENTED_EDGE('',*,*,#7009,.T.);
#7011=EDGE_LOOP('',(#6996,#7003,#7004,#7010));
#7012=FACE_BOUND('',#7011,.T.);
#7013=ADVANCED_FACE('',(#7012),#6986,.F.);
#7014=CARTESIAN_POINT('',(242.814291873,-127.552950311,12.06));
#7015=DIRECTION('',(0.947699312,-0.319164555,0.));
#7016=DIRECTION('',(0.319164555,0.947699312,0.));
#7017=AXIS2_PLACEMENT_3D('',#7014,#7015,#7016);
#7018=PLANE('',#7017);
#7019=CARTESIAN_POINT('',(242.447202828,-128.642952411,24.242086126));
#7020=VERTEX_POINT('',#7019);
#7021=CARTESIAN_POINT('',(242.447202828,-128.642952411,-0.06));
#7022=VERTEX_POINT('',#7021);
#7023=CARTESIAN_POINT('',(242.447202828,-128.642952411,24.242086126));
#7024=DIRECTION('',(0.,0.,-1.));
#7025=VECTOR('',#7024,24.302086126);
#7026=LINE('',#7023,#7025);
#7027=EDGE_CURVE('',#7020,#7022,#7026,.T.);
#7028=ORIENTED_EDGE('',*,*,#7027,.F.);
#7029=CARTESIAN_POINT('',(235.687994434,-148.713154569,-8.14));
#7030=DIRECTION('',(-0.947699312,0.319164555,-0.));
#7031=DIRECTION('',(-0.319164555,-0.947699312,0.));
#7032=AXIS2_PLACEMENT_3D('',#7029,#7030,#7031);
#7033=ELLIPSE('',#7032,103.645594258,33.08);
#7034=EDGE_CURVE('',#7020,#6988,#7033,.T.);
#7035=ORIENTED_EDGE('',*,*,#7034,.T.);
#7036=ORIENTED_EDGE('',*,*,#6995,.T.);
#7037=CARTESIAN_POINT('',(243.181380918,-126.462948211,-0.06));
#7038=DIRECTION('',(-0.319164555,-0.947699312,0.));
#7039=VECTOR('',#7038,2.300312105);
#7040=LINE('',#7037,#7039);
#7041=EDGE_CURVE('',#6990,#7022,#7040,.T.);
#7042=ORIENTED_EDGE('',*,*,#7041,.T.);
#7043=EDGE_LOOP('',(#7028,#7035,#7036,#7042));
#7044=FACE_BOUND('',#7043,.T.);
#7045=ADVANCED_FACE('',(#7044),#7018,.F.);
#7046=CARTESIAN_POINT('',(242.003613858,-129.713906416,12.06));
#7047=DIRECTION('',(0.923884017,-0.382672606,0.));
#7048=DIRECTION('',(0.382672606,0.923884017,0.));
#7049=AXIS2_PLACEMENT_3D('',#7046,#7047,#7048);
#7050=PLANE('',#7049);
#7051=CARTESIAN_POINT('',(241.560024888,-130.784860421,24.414656477));
#7052=VERTEX_POINT('',#7051);
#7053=CARTESIAN_POINT('',(241.560024888,-130.784860421,-0.06));
#7054=VERTEX_POINT('',#7053);
#7055=CARTESIAN_POINT('',(241.560024888,-130.784860421,24.414656477));
#7056=DIRECTION('',(0.,0.,-1.));
#7057=VECTOR('',#7056,24.474656477);
#7058=LINE('',#7055,#7057);
#7059=EDGE_CURVE('',#7052,#7054,#7058,.T.);
#7060=ORIENTED_EDGE('',*,*,#7059,.F.);
#7061=CARTESIAN_POINT('',(235.687994434,-144.961665881,-8.14));
#7062=DIRECTION('',(-0.923884017,0.382672606,-0.));
#7063=DIRECTION('',(-0.382672606,-0.923884017,0.));
#7064=AXIS2_PLACEMENT_3D('',#7061,#7062,#7063);
#7065=ELLIPSE('',#7064,86.444651433,33.08);
#7066=EDGE_CURVE('',#7052,#7020,#7065,.T.);
#7067=ORIENTED_EDGE('',*,*,#7066,.T.);
#7068=ORIENTED_EDGE('',*,*,#7027,.T.);
#7069=CARTESIAN_POINT('',(242.447202828,-128.642952411,-0.06));
#7070=DIRECTION('',(-0.382672606,-0.923884017,0.));
#7071=VECTOR('',#7070,2.31837327);
#7072=LINE('',#7069,#7071);
#7073=EDGE_CURVE('',#7022,#7054,#7072,.T.);
#7074=ORIENTED_EDGE('',*,*,#7073,.T.);
#7075=EDGE_LOOP('',(#7060,#7067,#7068,#7074));
#7076=FACE_BOUND('',#7075,.T.);
#7077=ADVANCED_FACE('',(#7076),#7050,.F.);
#7078=CARTESIAN_POINT('',(241.036927708,-131.835999236,12.06));
#7079=DIRECTION('',(0.895267855,-0.445528301,0.));
#7080=DIRECTION('',(0.445528301,0.895267855,0.));
#7081=AXIS2_PLACEMENT_3D('',#7078,#7079,#7080);
#7082=PLANE('',#7081);
#7083=CARTESIAN_POINT('',(240.513830528,-132.887138051,24.586101295));
#7084=VERTEX_POINT('',#7083);
#7085=CARTESIAN_POINT('',(240.513830528,-132.887138051,-0.06));
#7086=VERTEX_POINT('',#7085);
#7087=CARTESIAN_POINT('',(240.513830528,-132.887138051,24.586101295));
#7088=DIRECTION('',(0.,0.,-1.));
#7089=VECTOR('',#7088,24.646101295);
#7090=LINE('',#7087,#7089);
#7091=EDGE_CURVE('',#7084,#7086,#7090,.T.);
#7092=ORIENTED_EDGE('',*,*,#7091,.F.);
#7093=CARTESIAN_POINT('',(235.687994434,-142.584425337,-8.14));
#7094=DIRECTION('',(-0.895267855,0.445528301,-0.));
#7095=DIRECTION('',(-0.445528301,-0.895267855,0.));
#7096=AXIS2_PLACEMENT_3D('',#7093,#7094,#7095);
#7097=ELLIPSE('',#7096,74.2489308,33.08);
#7098=EDGE_CURVE('',#7084,#7052,#7097,.T.);
#7099=ORIENTED_EDGE('',*,*,#7098,.T.);
#7100=ORIENTED_EDGE('',*,*,#7059,.T.);
#7101=CARTESIAN_POINT('',(241.560024888,-130.784860421,-0.06));
#7102=DIRECTION('',(-0.445528301,-0.895267855,0.));
#7103=VECTOR('',#7102,2.348210781);
#7104=LINE('',#7101,#7103);
#7105=EDGE_CURVE('',#7054,#7086,#7104,.T.);
#7106=ORIENTED_EDGE('',*,*,#7105,.T.);
#7107=EDGE_LOOP('',(#7092,#7099,#7100,#7106));
#7108=FACE_BOUND('',#7107,.T.);
#7109=ADVANCED_FACE('',(#7108),#7082,.F.);
#7110=CARTESIAN_POINT('',(239.908215843,-133.917696096,12.06));
#7111=DIRECTION('',(0.86215201,-0.506649694,0.));
#7112=DIRECTION('',(0.506649694,0.86215201,0.));
#7113=AXIS2_PLACEMENT_3D('',#7110,#7111,#7112);
#7114=PLANE('',#7113);
#7115=CARTESIAN_POINT('',(239.302601158,-134.948254141,24.741925403));
#7116=VERTEX_POINT('',#7115);
#7117=CARTESIAN_POINT('',(239.302601158,-134.948254141,-0.06));
#7118=VERTEX_POINT('',#7117);
#7119=CARTESIAN_POINT('',(239.302601158,-134.948254141,24.741925403));
#7120=DIRECTION('',(0.,0.,-1.));
#7121=VECTOR('',#7120,24.801925403);
#7122=LINE('',#7119,#7121);
#7123=EDGE_CURVE('',#7116,#7118,#7122,.T.);
#7124=ORIENTED_EDGE('',*,*,#7123,.F.);
#7125=CARTESIAN_POINT('',(235.687994434,-141.099132134,-8.14));
#7126=DIRECTION('',(-0.86215201,0.506649694,-0.));
#7127=DIRECTION('',(-0.506649694,-0.86215201,0.));
#7128=AXIS2_PLACEMENT_3D('',#7125,#7126,#7127);
#7129=ELLIPSE('',#7128,65.291660912,33.08);
#7130=EDGE_CURVE('',#7116,#7084,#7129,.T.);
#7131=ORIENTED_EDGE('',*,*,#7130,.T.);
#7132=ORIENTED_EDGE('',*,*,#7091,.T.);
#7133=CARTESIAN_POINT('',(240.513830528,-132.887138051,-0.06));
#7134=DIRECTION('',(-0.506649694,-0.86215201,0.));
#7135=VECTOR('',#7134,2.390664369);
#7136=LINE('',#7133,#7135);
#7137=EDGE_CURVE('',#7086,#7118,#7136,.T.);
#7138=ORIENTED_EDGE('',*,*,#7137,.T.);
#7139=EDGE_LOOP('',(#7124,#7131,#7132,#7138));
#7140=FACE_BOUND('',#7139,.T.);
#7141=ADVANCED_FACE('',(#7140),#7114,.F.);
#7142=CARTESIAN_POINT('',(238.611459673,-135.957463311,12.06));
#7143=DIRECTION('',(0.825067174,-0.565034652,0.));
#7144=DIRECTION('',(0.565034652,0.825067174,0.));
#7145=AXIS2_PLACEMENT_3D('',#7142,#7143,#7144);
#7146=PLANE('',#7145);
#7147=CARTESIAN_POINT('',(237.920318188,-136.966672481,24.864592569));
#7148=VERTEX_POINT('',#7147);
#7149=CARTESIAN_POINT('',(237.920318188,-136.966672481,-0.06));
#7150=VERTEX_POINT('',#7149);
#7151=CARTESIAN_POINT('',(237.920318188,-136.966672481,24.864592569));
#7152=DIRECTION('',(0.,0.,-1.));
#7153=VECTOR('',#7152,24.924592569);
#7154=LINE('',#7151,#7153);
#7155=EDGE_CURVE('',#7148,#7150,#7154,.T.);
#7156=ORIENTED_EDGE('',*,*,#7155,.F.);
#7157=CARTESIAN_POINT('',(235.687994434,-140.226325752,-8.14));
#7158=DIRECTION('',(-0.825067174,0.565034652,-0.));
#7159=DIRECTION('',(-0.565034652,-0.825067174,0.));
#7160=AXIS2_PLACEMENT_3D('',#7157,#7158,#7159);
#7161=ELLIPSE('',#7160,58.545081948,33.08);
#7162=EDGE_CURVE('',#7148,#7116,#7161,.T.);
#7163=ORIENTED_EDGE('',*,*,#7162,.T.);
#7164=ORIENTED_EDGE('',*,*,#7123,.T.);
#7165=CARTESIAN_POINT('',(239.302601158,-134.948254141,-0.06));
#7166=DIRECTION('',(-0.565034652,-0.825067174,0.));
#7167=VECTOR('',#7166,2.446368493);
#7168=LINE('',#7165,#7167);
#7169=EDGE_CURVE('',#7118,#7150,#7168,.T.);
#7170=ORIENTED_EDGE('',*,*,#7169,.T.);
#7171=EDGE_LOOP('',(#7156,#7163,#7164,#7170));
#7172=FACE_BOUND('',#7171,.T.);
#7173=ADVANCED_FACE('',(#7172),#7146,.F.);
#7174=CARTESIAN_POINT('',(237.140642123,-137.953767701,12.06));
#7175=DIRECTION('',(0.784731811,-0.61983545,0.));
#7176=DIRECTION('',(0.61983545,0.784731811,0.));
#7177=AXIS2_PLACEMENT_3D('',#7174,#7175,#7176);
#7178=PLANE('',#7177);
#7179=CARTESIAN_POINT('',(236.360966058,-138.940862921,24.933153905));
#7180=VERTEX_POINT('',#7179);
#7181=CARTESIAN_POINT('',(236.360966058,-138.940862921,-0.06));
#7182=VERTEX_POINT('',#7181);
#7183=CARTESIAN_POINT('',(236.360966058,-138.940862921,24.933153905));
#7184=DIRECTION('',(0.,0.,-1.));
#7185=VECTOR('',#7184,24.993153905);
#7186=LINE('',#7183,#7185);
#7187=EDGE_CURVE('',#7180,#7182,#7186,.T.);
#7188=ORIENTED_EDGE('',*,*,#7187,.F.);
#7189=CARTESIAN_POINT('',(235.687994434,-139.792866853,-8.14));
#7190=DIRECTION('',(-0.784731811,0.61983545,-0.));
#7191=DIRECTION('',(-0.61983545,-0.784731811,0.));
#7192=AXIS2_PLACEMENT_3D('',#7189,#7190,#7191);
#7193=ELLIPSE('',#7192,53.36900299,33.08);
#7194=EDGE_CURVE('',#7180,#7148,#7193,.T.);
#7195=ORIENTED_EDGE('',*,*,#7194,.T.);
#7196=ORIENTED_EDGE('',*,*,#7155,.T.);
#7197=CARTESIAN_POINT('',(237.920318188,-136.966672481,-0.06));
#7198=DIRECTION('',(-0.61983545,-0.784731811,0.));
#7199=VECTOR('',#7198,2.515751768);
#7200=LINE('',#7197,#7199);
#7201=EDGE_CURVE('',#7150,#7182,#7200,.T.);
#7202=ORIENTED_EDGE('',*,*,#7201,.T.);
#7203=EDGE_LOOP('',(#7188,#7195,#7196,#7202));
#7204=FACE_BOUND('',#7203,.T.);
#7205=ADVANCED_FACE('',(#7204),#7178,.F.);
#7206=CARTESIAN_POINT('',(235.489745613,-139.905076086,12.06));
#7207=DIRECTION('',(0.741980819,-0.670421109,0.));
#7208=DIRECTION('',(0.670421109,0.741980819,0.));
#7209=AXIS2_PLACEMENT_3D('',#7206,#7207,#7208);
#7210=PLANE('',#7209);
#7211=ORIENTED_EDGE('',*,*,#2268,.F.);
#7212=CARTESIAN_POINT('',(235.687994434,-139.685666493,-8.14));
#7213=DIRECTION('',(-0.741980819,0.670421109,-0.));
#7214=DIRECTION('',(-0.670421109,-0.741980819,0.));
#7215=AXIS2_PLACEMENT_3D('',#7212,#7213,#7214);
#7216=ELLIPSE('',#7215,49.342121756,33.08);
#7217=EDGE_CURVE('',#2255,#7180,#7216,.T.);
#7218=ORIENTED_EDGE('',*,*,#7217,.T.);
#7219=ORIENTED_EDGE('',*,*,#7187,.T.);
#7220=CARTESIAN_POINT('',(234.618525168,-140.869289251,-0.06));
#7221=VERTEX_POINT('',#7220);
#7222=CARTESIAN_POINT('',(236.360966058,-138.940862921,-0.06));
#7223=DIRECTION('',(-0.670421109,-0.741980819,0.));
#7224=VECTOR('',#7223,2.599024503);
#7225=LINE('',#7222,#7224);
#7226=EDGE_CURVE('',#7182,#7221,#7225,.T.);
#7227=ORIENTED_EDGE('',*,*,#7226,.T.);
#7228=CARTESIAN_POINT('',(234.618525168,-140.869289251,24.94));
#7229=DIRECTION('',(0.,0.,-1.));
#7230=VECTOR('',#7229,25.);
#7231=LINE('',#7228,#7230);
#7232=EDGE_CURVE('',#2263,#7221,#7231,.T.);
#7233=ORIENTED_EDGE('',*,*,#7232,.F.);
#7234=EDGE_LOOP('',(#7211,#7218,#7219,#7227,#7233));
#7235=FACE_BOUND('',#7234,.T.);
#7236=ADVANCED_FACE('',(#7235),#7210,.F.);
#7237=CARTESIAN_POINT('',(233.652752058,-141.809854781,12.06));
#7238=DIRECTION('',(0.697695692,-0.71639425,0.));
#7239=DIRECTION('',(0.71639425,0.697695692,0.));
#7240=AXIS2_PLACEMENT_3D('',#7237,#7238,#7239);
#7241=PLANE('',#7240);
#7242=CARTESIAN_POINT('',(232.686978948,-142.750420311,-0.06));
#7243=VERTEX_POINT('',#7242);
#7244=CARTESIAN_POINT('',(234.618525168,-140.869289251,-0.06));
#7245=DIRECTION('',(-0.71639425,-0.697695692,0.));
#7246=VECTOR('',#7245,2.696205642);
#7247=LINE('',#7244,#7246);
#7248=EDGE_CURVE('',#7221,#7243,#7247,.T.);
#7249=ORIENTED_EDGE('',*,*,#7248,.T.);
#7250=CARTESIAN_POINT('',(232.686978948,-142.750420311,24.94));
#7251=DIRECTION('',(0.,0.,-1.));
#7252=VECTOR('',#7251,25.);
#7253=LINE('',#7250,#7252);
#7254=EDGE_CURVE('',#2271,#7243,#7253,.T.);
#7255=ORIENTED_EDGE('',*,*,#7254,.F.);
#7256=ORIENTED_EDGE('',*,*,#2276,.F.);
#7257=ORIENTED_EDGE('',*,*,#7232,.T.);
#7258=EDGE_LOOP('',(#7249,#7255,#7256,#7257));
#7259=FACE_BOUND('',#7258,.T.);
#7260=ADVANCED_FACE('',(#7259),#7241,.F.);
#7261=CARTESIAN_POINT('',(231.623643878,-143.666571616,12.06));
#7262=DIRECTION('',(0.652728345,-0.757592045,0.));
#7263=DIRECTION('',(0.757592045,0.652728345,0.));
#7264=AXIS2_PLACEMENT_3D('',#7261,#7262,#7263);
#7265=PLANE('',#7264);
#7266=CARTESIAN_POINT('',(230.560308808,-144.582722921,-0.06));
#7267=VERTEX_POINT('',#7266);
#7268=CARTESIAN_POINT('',(232.686978948,-142.750420311,-0.06));
#7269=DIRECTION('',(-0.757592045,-0.652728345,0.));
#7270=VECTOR('',#7269,2.807144232);
#7271=LINE('',#7268,#7270);
#7272=EDGE_CURVE('',#7243,#7267,#7271,.T.);
#7273=ORIENTED_EDGE('',*,*,#7272,.T.);
#7274=CARTESIAN_POINT('',(230.560308808,-144.582722921,24.94));
#7275=DIRECTION('',(0.,0.,-1.));
#7276=VECTOR('',#7275,25.);
#7277=LINE('',#7274,#7276);
#7278=EDGE_CURVE('',#2279,#7267,#7277,.T.);
#7279=ORIENTED_EDGE('',*,*,#7278,.F.);
#7280=ORIENTED_EDGE('',*,*,#2284,.F.);
#7281=ORIENTED_EDGE('',*,*,#7254,.T.);
#7282=EDGE_LOOP('',(#7273,#7279,#7280,#7281));
#7283=FACE_BOUND('',#7282,.T.);
#7284=ADVANCED_FACE('',(#7283),#7265,.F.);
#7285=CARTESIAN_POINT('',(229.396402483,-145.473692401,12.06));
#7286=DIRECTION('',(0.607847576,-0.794053729,0.));
#7287=DIRECTION('',(0.794053729,0.607847576,0.));
#7288=AXIS2_PLACEMENT_3D('',#7285,#7286,#7287);
#7289=PLANE('',#7288);
#7290=CARTESIAN_POINT('',(228.232496158,-146.364661881,-0.06));
#7291=VERTEX_POINT('',#7290);
#7292=CARTESIAN_POINT('',(230.560308808,-144.582722921,-0.06));
#7293=DIRECTION('',(-0.794053729,-0.607847576,0.));
#7294=VECTOR('',#7293,2.931555592);
#7295=LINE('',#7292,#7294);
#7296=EDGE_CURVE('',#7267,#7291,#7295,.T.);
#7297=ORIENTED_EDGE('',*,*,#7296,.T.);
#7298=CARTESIAN_POINT('',(228.232496158,-146.364661881,24.94));
#7299=DIRECTION('',(0.,0.,-1.));
#7300=VECTOR('',#7299,25.);
#7301=LINE('',#7298,#7300);
#7302=EDGE_CURVE('',#2287,#7291,#7301,.T.);
#7303=ORIENTED_EDGE('',*,*,#7302,.F.);
#7304=ORIENTED_EDGE('',*,*,#2292,.F.);
#7305=ORIENTED_EDGE('',*,*,#7278,.T.);
#7306=EDGE_LOOP('',(#7297,#7303,#7304,#7305));
#7307=FACE_BOUND('',#7306,.T.);
#7308=ADVANCED_FACE('',(#7307),#7289,.F.);
#7309=CARTESIAN_POINT('',(226.965010798,-147.229683956,12.06));
#7310=DIRECTION('',(0.563704896,-0.825976265,0.));
#7311=DIRECTION('',(0.825976265,0.563704896,0.));
#7312=AXIS2_PLACEMENT_3D('',#7309,#7310,#7311);
#7313=PLANE('',#7312);
#7314=CARTESIAN_POINT('',(225.697525438,-148.094706031,-0.06));
#7315=VERTEX_POINT('',#7314);
#7316=CARTESIAN_POINT('',(228.232496158,-146.364661881,-0.06));
#7317=DIRECTION('',(-0.825976265,-0.563704896,0.));
#7318=VECTOR('',#7317,3.069060005);
#7319=LINE('',#7316,#7318);
#7320=EDGE_CURVE('',#7291,#7315,#7319,.T.);
#7321=ORIENTED_EDGE('',*,*,#7320,.T.);
#7322=CARTESIAN_POINT('',(225.697525438,-148.094706031,24.94));
#7323=DIRECTION('',(0.,0.,-1.));
#7324=VECTOR('',#7323,25.);
#7325=LINE('',#7322,#7324);
#7326=EDGE_CURVE('',#2295,#7315,#7325,.T.);
#7327=ORIENTED_EDGE('',*,*,#7326,.F.);
#7328=ORIENTED_EDGE('',*,*,#2300,.F.);
#7329=ORIENTED_EDGE('',*,*,#7302,.T.);
#7330=EDGE_LOOP('',(#7321,#7327,#7328,#7329));
#7331=FACE_BOUND('',#7330,.T.);
#7332=ADVANCED_FACE('',(#7331),#7313,.F.);
#7333=CARTESIAN_POINT('',(224.427445388,-150.183789021,12.06));
#7334=DIRECTION('',(0.854477407,-0.519488557,0.));
#7335=DIRECTION('',(0.519488557,0.854477407,0.));
#7336=AXIS2_PLACEMENT_3D('',#7333,#7334,#7335);
#7337=PLANE('',#7336);
#7338=CARTESIAN_POINT('',(223.157365338,-152.272872011,-0.06));
#7339=VERTEX_POINT('',#7338);
#7340=CARTESIAN_POINT('',(225.697525438,-148.094706031,-0.06));
#7341=DIRECTION('',(-0.519488557,-0.854477407,0.));
#7342=VECTOR('',#7341,4.889732538);
#7343=LINE('',#7340,#7342);
#7344=EDGE_CURVE('',#7315,#7339,#7343,.T.);
#7345=ORIENTED_EDGE('',*,*,#7344,.T.);
#7346=CARTESIAN_POINT('',(223.157365338,-152.272872011,24.94));
#7347=DIRECTION('',(0.,0.,-1.));
#7348=VECTOR('',#7347,25.);
#7349=LINE('',#7346,#7348);
#7350=EDGE_CURVE('',#2303,#7339,#7349,.T.);
#7351=ORIENTED_EDGE('',*,*,#7350,.F.);
#7352=ORIENTED_EDGE('',*,*,#2308,.F.);
#7353=ORIENTED_EDGE('',*,*,#7326,.T.);
#7354=EDGE_LOOP('',(#7345,#7351,#7352,#7353));
#7355=FACE_BOUND('',#7354,.T.);
#7356=ADVANCED_FACE('',(#7355),#7337,.F.);
#7357=CARTESIAN_POINT('',(221.781220643,-154.276608991,12.06));
#7358=DIRECTION('',(0.824315405,-0.566130826,0.));
#7359=DIRECTION('',(0.566130826,0.824315405,0.));
#7360=AXIS2_PLACEMENT_3D('',#7357,#7358,#7359);
#7361=PLANE('',#7360);
#7362=CARTESIAN_POINT('',(220.405075948,-156.280345971,-0.06));
#7363=VERTEX_POINT('',#7362);
#7364=CARTESIAN_POINT('',(223.157365338,-152.272872011,-0.06));
#7365=DIRECTION('',(-0.566130826,-0.824315405,0.));
#7366=VECTOR('',#7365,4.861578388);
#7367=LINE('',#7364,#7366);
#7368=EDGE_CURVE('',#7339,#7363,#7367,.T.);
#7369=ORIENTED_EDGE('',*,*,#7368,.T.);
#7370=CARTESIAN_POINT('',(220.405075948,-156.280345971,24.94));
#7371=DIRECTION('',(0.,0.,-1.));
#7372=VECTOR('',#7371,25.);
#7373=LINE('',#7370,#7372);
#7374=EDGE_CURVE('',#2311,#7363,#7373,.T.);
#7375=ORIENTED_EDGE('',*,*,#7374,.F.);
#7376=ORIENTED_EDGE('',*,*,#2316,.F.);
#7377=ORIENTED_EDGE('',*,*,#7350,.T.);
#7378=EDGE_LOOP('',(#7369,#7375,#7376,#7377));
#7379=FACE_BOUND('',#7378,.T.);
#7380=ADVANCED_FACE('',(#7379),#7361,.F.);
#7381=CARTESIAN_POINT('',(218.932590888,-158.191916916,12.06));
#7382=DIRECTION('',(0.792214058,-0.610243301,0.));
#7383=DIRECTION('',(0.610243301,0.792214058,0.));
#7384=AXIS2_PLACEMENT_3D('',#7381,#7382,#7383);
#7385=PLANE('',#7384);
#7386=CARTESIAN_POINT('',(217.460105828,-160.103487861,-0.06));
#7387=VERTEX_POINT('',#7386);
#7388=CARTESIAN_POINT('',(220.405075948,-156.280345971,-0.06));
#7389=DIRECTION('',(-0.610243301,-0.792214058,0.));
#7390=VECTOR('',#7389,4.825895038);
#7391=LINE('',#7388,#7390);
#7392=EDGE_CURVE('',#7363,#7387,#7391,.T.);
#7393=ORIENTED_EDGE('',*,*,#7392,.T.);
#7394=CARTESIAN_POINT('',(217.460105828,-160.103487861,24.94));
#7395=DIRECTION('',(0.,0.,-1.));
#7396=VECTOR('',#7395,25.);
#7397=LINE('',#7394,#7396);
#7398=EDGE_CURVE('',#2319,#7387,#7397,.T.);
#7399=ORIENTED_EDGE('',*,*,#7398,.F.);
#7400=ORIENTED_EDGE('',*,*,#2324,.F.);
#7401=ORIENTED_EDGE('',*,*,#7374,.T.);
#7402=EDGE_LOOP('',(#7393,#7399,#7400,#7401));
#7403=FACE_BOUND('',#7402,.T.);
#7404=ADVANCED_FACE('',(#7403),#7385,.F.);
#7405=CARTESIAN_POINT('',(217.325250628,-160.260267636,12.06));
#7406=DIRECTION('',(0.758126401,-0.652107629,0.));
#7407=DIRECTION('',(0.652107629,0.758126401,0.));
#7408=AXIS2_PLACEMENT_3D('',#7405,#7406,#7407);
#7409=PLANE('',#7408);
#7410=CARTESIAN_POINT('',(217.190395428,-160.417047411,-0.06));
#7411=VERTEX_POINT('',#7410);
#7412=CARTESIAN_POINT('',(217.460105828,-160.103487861,-0.06));
#7413=DIRECTION('',(-0.652107629,-0.758126401,0.));
#7414=VECTOR('',#7413,0.413597983);
#7415=LINE('',#7412,#7414);
#7416=EDGE_CURVE('',#7387,#7411,#7415,.T.);
#7417=ORIENTED_EDGE('',*,*,#7416,.T.);
#7418=CARTESIAN_POINT('',(217.190395428,-160.417047411,24.94));
#7419=DIRECTION('',(0.,0.,-1.));
#7420=VECTOR('',#7419,25.);
#7421=LINE('',#7418,#7420);
#7422=EDGE_CURVE('',#2327,#7411,#7421,.T.);
#7423=ORIENTED_EDGE('',*,*,#7422,.F.);
#7424=ORIENTED_EDGE('',*,*,#2332,.F.);
#7425=ORIENTED_EDGE('',*,*,#7398,.T.);
#7426=EDGE_LOOP('',(#7417,#7423,#7424,#7425));
#7427=FACE_BOUND('',#7426,.T.);
#7428=ADVANCED_FACE('',(#7427),#7409,.F.);
#7429=CARTESIAN_POINT('',(217.212047303,-160.454030076,12.06));
#7430=DIRECTION('',(0.862979006,0.505239781,0.));
#7431=DIRECTION('',(-0.505239781,0.862979006,0.));
#7432=AXIS2_PLACEMENT_3D('',#7429,#7430,#7431);
#7433=PLANE('',#7432);
#7434=CARTESIAN_POINT('',(217.233699178,-160.491012741,-0.06));
#7435=VERTEX_POINT('',#7434);
#7436=CARTESIAN_POINT('',(217.190395428,-160.417047411,-0.06));
#7437=DIRECTION('',(0.505239781,-0.862979006,0.));
#7438=VECTOR('',#7437,0.085709304);
#7439=LINE('',#7436,#7438);
#7440=EDGE_CURVE('',#7411,#7435,#7439,.T.);
#7441=ORIENTED_EDGE('',*,*,#7440,.T.);
#7442=CARTESIAN_POINT('',(217.233699178,-160.491012741,24.94));
#7443=DIRECTION('',(0.,0.,-1.));
#7444=VECTOR('',#7443,25.);
#7445=LINE('',#7442,#7444);
#7446=EDGE_CURVE('',#2335,#7435,#7445,.T.);
#7447=ORIENTED_EDGE('',*,*,#7446,.F.);
#7448=ORIENTED_EDGE('',*,*,#2340,.F.);
#7449=ORIENTED_EDGE('',*,*,#7422,.T.);
#7450=EDGE_LOOP('',(#7441,#7447,#7448,#7449));
#7451=FACE_BOUND('',#7450,.T.);
#7452=ADVANCED_FACE('',(#7451),#7433,.F.);
#7453=CARTESIAN_POINT('',(217.272128668,-160.564764456,12.06));
#7454=DIRECTION('',(0.886829638,0.462096518,0.));
#7455=DIRECTION('',(-0.462096518,0.886829638,0.));
#7456=AXIS2_PLACEMENT_3D('',#7453,#7454,#7455);
#7457=PLANE('',#7456);
#7458=CARTESIAN_POINT('',(217.310558158,-160.638516171,-0.06));
#7459=VERTEX_POINT('',#7458);
#7460=CARTESIAN_POINT('',(217.233699178,-160.491012741,-0.06));
#7461=DIRECTION('',(0.462096518,-0.886829638,0.));
#7462=VECTOR('',#7461,0.166326681);
#7463=LINE('',#7460,#7462);
#7464=EDGE_CURVE('',#7435,#7459,#7463,.T.);
#7465=ORIENTED_EDGE('',*,*,#7464,.T.);
#7466=CARTESIAN_POINT('',(217.310558158,-160.638516171,24.94));
#7467=DIRECTION('',(0.,0.,-1.));
#7468=VECTOR('',#7467,25.);
#7469=LINE('',#7466,#7468);
#7470=EDGE_CURVE('',#2343,#7459,#7469,.T.);
#7471=ORIENTED_EDGE('',*,*,#7470,.F.);
#7472=ORIENTED_EDGE('',*,*,#2348,.F.);
#7473=ORIENTED_EDGE('',*,*,#7446,.T.);
#7474=EDGE_LOOP('',(#7465,#7471,#7472,#7473));
#7475=FACE_BOUND('',#7474,.T.);
#7476=ADVANCED_FACE('',(#7475),#7457,.F.);
#7477=CARTESIAN_POINT('',(217.345184998,-160.713750566,12.06));
#7478=DIRECTION('',(0.90840325,0.418095128,0.));
#7479=DIRECTION('',(-0.418095128,0.90840325,0.));
#7480=AXIS2_PLACEMENT_3D('',#7477,#7478,#7479);
#7481=PLANE('',#7480);
#7482=CARTESIAN_POINT('',(217.379811838,-160.788984961,-0.06));
#7483=VERTEX_POINT('',#7482);
#7484=CARTESIAN_POINT('',(217.310558158,-160.638516171,-0.06));
#7485=DIRECTION('',(0.418095128,-0.90840325,0.));
#7486=VECTOR('',#7485,0.165640964);
#7487=LINE('',#7484,#7486);
#7488=EDGE_CURVE('',#7459,#7483,#7487,.T.);
#7489=ORIENTED_EDGE('',*,*,#7488,.T.);
#7490=CARTESIAN_POINT('',(217.379811838,-160.788984961,24.94));
#7491=DIRECTION('',(0.,0.,-1.));
#7492=VECTOR('',#7491,25.);
#7493=LINE('',#7490,#7492);
#7494=EDGE_CURVE('',#2351,#7483,#7493,.T.);
#7495=ORIENTED_EDGE('',*,*,#7494,.F.);
#7496=ORIENTED_EDGE('',*,*,#2356,.F.);
#7497=ORIENTED_EDGE('',*,*,#7470,.T.);
#7498=EDGE_LOOP('',(#7489,#7495,#7496,#7497));
#7499=FACE_BOUND('',#7498,.T.);
#7500=ADVANCED_FACE('',(#7499),#7481,.F.);
#7501=CARTESIAN_POINT('',(217.410624918,-160.865550536,12.06));
#7502=DIRECTION('',(0.927693972,0.373341525,0.));
#7503=DIRECTION('',(-0.373341525,0.927693972,0.));
#7504=AXIS2_PLACEMENT_3D('',#7501,#7502,#7503);
#7505=PLANE('',#7504);
#7506=CARTESIAN_POINT('',(217.441437998,-160.942116111,-0.06));
#7507=VERTEX_POINT('',#7506);
#7508=CARTESIAN_POINT('',(217.379811838,-160.788984961,-0.06));
#7509=DIRECTION('',(0.373341525,-0.927693972,0.));
#7510=VECTOR('',#7509,0.165066449);
#7511=LINE('',#7508,#7510);
#7512=EDGE_CURVE('',#7483,#7507,#7511,.T.);
#7513=ORIENTED_EDGE('',*,*,#7512,.T.);
#7514=CARTESIAN_POINT('',(217.441437998,-160.942116111,24.94));
#7515=DIRECTION('',(0.,0.,-1.));
#7516=VECTOR('',#7515,25.);
#7517=LINE('',#7514,#7516);
#7518=EDGE_CURVE('',#2359,#7507,#7517,.T.);
#7519=ORIENTED_EDGE('',*,*,#7518,.F.);
#7520=ORIENTED_EDGE('',*,*,#2364,.F.);
#7521=ORIENTED_EDGE('',*,*,#7494,.T.);
#7522=EDGE_LOOP('',(#7513,#7519,#7520,#7521));
#7523=FACE_BOUND('',#7522,.T.);
#7524=ADVANCED_FACE('',(#7523),#7505,.F.);
#7525=CARTESIAN_POINT('',(217.468427218,-161.019862376,12.06));
#7526=DIRECTION('',(0.944696294,0.327946508,0.));
#7527=DIRECTION('',(-0.327946508,0.944696294,0.));
#7528=AXIS2_PLACEMENT_3D('',#7525,#7526,#7527);
#7529=PLANE('',#7528);
#7530=CARTESIAN_POINT('',(217.495416438,-161.097608641,-0.06));
#7531=VERTEX_POINT('',#7530);
#7532=CARTESIAN_POINT('',(217.441437998,-160.942116111,-0.06));
#7533=DIRECTION('',(0.327946508,-0.944696294,0.));
#7534=VECTOR('',#7533,0.164595258);
#7535=LINE('',#7532,#7534);
#7536=EDGE_CURVE('',#7507,#7531,#7535,.T.);
#7537=ORIENTED_EDGE('',*,*,#7536,.T.);
#7538=CARTESIAN_POINT('',(217.495416438,-161.097608641,24.94));
#7539=DIRECTION('',(0.,0.,-1.));
#7540=VECTOR('',#7539,25.);
#7541=LINE('',#7538,#7540);
#7542=EDGE_CURVE('',#2367,#7531,#7541,.T.);
#7543=ORIENTED_EDGE('',*,*,#7542,.F.);
#7544=ORIENTED_EDGE('',*,*,#2372,.F.);
#7545=ORIENTED_EDGE('',*,*,#7518,.T.);
#7546=EDGE_LOOP('',(#7537,#7543,#7544,#7545));
#7547=FACE_BOUND('',#7546,.T.);
#7548=ADVANCED_FACE('',(#7547),#7529,.F.);
#7549=CARTESIAN_POINT('',(217.518570688,-161.176384096,12.06));
#7550=DIRECTION('',(0.959414945,0.281998162,0.));
#7551=DIRECTION('',(-0.281998162,0.959414945,0.));
#7552=AXIS2_PLACEMENT_3D('',#7549,#7550,#7551);
#7553=PLANE('',#7552);
#7554=CARTESIAN_POINT('',(217.541724938,-161.255159551,-0.06));
#7555=VERTEX_POINT('',#7554);
#7556=CARTESIAN_POINT('',(217.495416438,-161.097608641,-0.06));
#7557=DIRECTION('',(0.281998162,-0.959414945,0.));
#7558=VECTOR('',#7557,0.16421561);
#7559=LINE('',#7556,#7558);
#7560=EDGE_CURVE('',#7531,#7555,#7559,.T.);
#7561=ORIENTED_EDGE('',*,*,#7560,.T.);
#7562=CARTESIAN_POINT('',(217.541724938,-161.255159551,24.94));
#7563=DIRECTION('',(0.,0.,-1.));
#7564=VECTOR('',#7563,25.);
#7565=LINE('',#7562,#7564);
#7566=EDGE_CURVE('',#2375,#7555,#7565,.T.);
#7567=ORIENTED_EDGE('',*,*,#7566,.F.);
#7568=ORIENTED_EDGE('',*,*,#2380,.F.);
#7569=ORIENTED_EDGE('',*,*,#7542,.T.);
#7570=EDGE_LOOP('',(#7561,#7567,#7568,#7569));
#7571=FACE_BOUND('',#7570,.T.);
#7572=ADVANCED_FACE('',(#7571),#7553,.F.);
#7573=CARTESIAN_POINT('',(217.561033613,-161.334813706,12.06));
#7574=DIRECTION('',(0.971854081,0.235583625,0.));
#7575=DIRECTION('',(-0.235583625,0.971854081,0.));
#7576=AXIS2_PLACEMENT_3D('',#7573,#7574,#7575);
#7577=PLANE('',#7576);
#7578=CARTESIAN_POINT('',(217.580342288,-161.414467861,-0.06));
#7579=VERTEX_POINT('',#7578);
#7580=CARTESIAN_POINT('',(217.541724938,-161.255159551,-0.06));
#7581=DIRECTION('',(0.235583625,-0.971854081,0.));
#7582=VECTOR('',#7581,0.163922047);
#7583=LINE('',#7580,#7582);
#7584=EDGE_CURVE('',#7555,#7579,#7583,.T.);
#7585=ORIENTED_EDGE('',*,*,#7584,.T.);
#7586=CARTESIAN_POINT('',(217.580342288,-161.414467861,24.94));
#7587=DIRECTION('',(0.,0.,-1.));
#7588=VECTOR('',#7587,25.);
#7589=LINE('',#7586,#7588);
#7590=EDGE_CURVE('',#2383,#7579,#7589,.T.);
#7591=ORIENTED_EDGE('',*,*,#7590,.F.);
#7592=ORIENTED_EDGE('',*,*,#2388,.F.);
#7593=ORIENTED_EDGE('',*,*,#7566,.T.);
#7594=EDGE_LOOP('',(#7585,#7591,#7592,#7593));
#7595=FACE_BOUND('',#7594,.T.);
#7596=ADVANCED_FACE('',(#7595),#7577,.F.);
#7597=CARTESIAN_POINT('',(217.595794783,-161.494849216,12.06));
#7598=DIRECTION('',(0.98201881,0.188783092,0.));
#7599=DIRECTION('',(-0.188783092,0.98201881,0.));
#7600=AXIS2_PLACEMENT_3D('',#7597,#7598,#7599);
#7601=PLANE('',#7600);
#7602=CARTESIAN_POINT('',(217.611247278,-161.575230571,-0.06));
#7603=VERTEX_POINT('',#7602);
#7604=CARTESIAN_POINT('',(217.580342288,-161.414467861,-0.06));
#7605=DIRECTION('',(0.188783092,-0.98201881,0.));
#7606=VECTOR('',#7605,0.163706345);
#7607=LINE('',#7604,#7606);
#7608=EDGE_CURVE('',#7579,#7603,#7607,.T.);
#7609=ORIENTED_EDGE('',*,*,#7608,.T.);
#7610=CARTESIAN_POINT('',(217.611247278,-161.575230571,24.94));
#7611=DIRECTION('',(0.,0.,-1.));
#7612=VECTOR('',#7611,25.);
#7613=LINE('',#7610,#7612);
#7614=EDGE_CURVE('',#2391,#7603,#7613,.T.);
#7615=ORIENTED_EDGE('',*,*,#7614,.F.);
#7616=ORIENTED_EDGE('',*,*,#2396,.F.);
#7617=ORIENTED_EDGE('',*,*,#7590,.T.);
#7618=EDGE_LOOP('',(#7609,#7615,#7616,#7617));
#7619=FACE_BOUND('',#7618,.T.);
#7620=ADVANCED_FACE('',(#7619),#7601,.F.);
#7621=CARTESIAN_POINT('',(217.622832483,-161.656188636,12.06));
#7622=DIRECTION('',(0.989915627,0.141658221,0.));
#7623=DIRECTION('',(-0.141658221,0.989915627,0.));
#7624=AXIS2_PLACEMENT_3D('',#7621,#7622,#7623);
#7625=PLANE('',#7624);
#7626=CARTESIAN_POINT('',(217.634417688,-161.737146701,-0.06));
#7627=VERTEX_POINT('',#7626);
#7628=CARTESIAN_POINT('',(217.611247278,-161.575230571,-0.06));
#7629=DIRECTION('',(0.141658221,-0.989915627,0.));
#7630=VECTOR('',#7629,0.163565586);
#7631=LINE('',#7628,#7630);
#7632=EDGE_CURVE('',#7603,#7627,#7631,.T.);
#7633=ORIENTED_EDGE('',*,*,#7632,.T.);
#7634=CARTESIAN_POINT('',(217.634417688,-161.737146701,24.94));
#7635=DIRECTION('',(0.,0.,-1.));
#7636=VECTOR('',#7635,25.);
#7637=LINE('',#7634,#7636);
#7638=EDGE_CURVE('',#2399,#7627,#7637,.T.);
#7639=ORIENTED_EDGE('',*,*,#7638,.F.);
#7640=ORIENTED_EDGE('',*,*,#2404,.F.);
#7641=ORIENTED_EDGE('',*,*,#7614,.T.);
#7642=EDGE_LOOP('',(#7633,#7639,#7640,#7641));
#7643=FACE_BOUND('',#7642,.T.);
#7644=ADVANCED_FACE('',(#7643),#7625,.F.);
#7645=CARTESIAN_POINT('',(217.642126008,-161.818529976,12.06));
#7646=DIRECTION('',(0.995544371,0.094294246,0.));
#7647=DIRECTION('',(-0.094294246,0.995544371,0.));
#7648=AXIS2_PLACEMENT_3D('',#7645,#7646,#7647);
#7649=PLANE('',#7648);
#7650=CARTESIAN_POINT('',(217.649834328,-161.899913251,-0.06));
#7651=VERTEX_POINT('',#7650);
#7652=CARTESIAN_POINT('',(217.634417688,-161.737146701,-0.06));
#7653=DIRECTION('',(0.094294246,-0.995544371,0.));
#7654=VECTOR('',#7653,0.163495023);
#7655=LINE('',#7652,#7654);
#7656=EDGE_CURVE('',#7627,#7651,#7655,.T.);
#7657=ORIENTED_EDGE('',*,*,#7656,.T.);
#7658=CARTESIAN_POINT('',(217.649834328,-161.899913251,24.94));
#7659=DIRECTION('',(0.,0.,-1.));
#7660=VECTOR('',#7659,25.);
#7661=LINE('',#7658,#7660);
#7662=EDGE_CURVE('',#2407,#7651,#7661,.T.);
#7663=ORIENTED_EDGE('',*,*,#7662,.F.);
#7664=ORIENTED_EDGE('',*,*,#2412,.F.);
#7665=ORIENTED_EDGE('',*,*,#7638,.T.);
#7666=EDGE_LOOP('',(#7657,#7663,#7664,#7665));
#7667=FACE_BOUND('',#7666,.T.);
#7668=ADVANCED_FACE('',(#7667),#7649,.F.);
#7669=CARTESIAN_POINT('',(217.653653643,-161.981571246,12.06));
#7670=DIRECTION('',(0.998907977,0.046721013,0.));
#7671=DIRECTION('',(-0.046721013,0.998907977,0.));
#7672=AXIS2_PLACEMENT_3D('',#7669,#7670,#7671);
#7673=PLANE('',#7672);
#7674=CARTESIAN_POINT('',(217.657472958,-162.063229241,-0.06));
#7675=VERTEX_POINT('',#7674);
#7676=CARTESIAN_POINT('',(217.649834328,-161.899913251,-0.06));
#7677=DIRECTION('',(0.046721013,-0.998907977,0.));
#7678=VECTOR('',#7677,0.16349453);
#7679=LINE('',#7676,#7678);
#7680=EDGE_CURVE('',#7651,#7675,#7679,.T.);
#7681=ORIENTED_EDGE('',*,*,#7680,.T.);
#7682=CARTESIAN_POINT('',(217.657472958,-162.063229241,24.94));
#7683=DIRECTION('',(0.,0.,-1.));
#7684=VECTOR('',#7683,25.);
#7685=LINE('',#7682,#7684);
#7686=EDGE_CURVE('',#2415,#7675,#7685,.T.);
#7687=ORIENTED_EDGE('',*,*,#7686,.F.);
#7688=ORIENTED_EDGE('',*,*,#2420,.F.);
#7689=ORIENTED_EDGE('',*,*,#7662,.T.);
#7690=EDGE_LOOP('',(#7681,#7687,#7688,#7689));
#7691=FACE_BOUND('',#7690,.T.);
#7692=ADVANCED_FACE('',(#7691),#7673,.F.);
#7693=CARTESIAN_POINT('',(217.657393673,-162.145010961,12.06));
#7694=DIRECTION('',(0.99999953,-0.00096947,0.));
#7695=DIRECTION('',(0.00096947,0.99999953,0.));
#7696=AXIS2_PLACEMENT_3D('',#7693,#7694,#7695);
#7697=PLANE('',#7696);
#7698=CARTESIAN_POINT('',(217.657314388,-162.226792681,-0.06));
#7699=VERTEX_POINT('',#7698);
#7700=CARTESIAN_POINT('',(217.657472958,-162.063229241,-0.06));
#7701=DIRECTION('',(-0.00096947,-0.99999953,0.));
#7702=VECTOR('',#7701,0.163563517);
#7703=LINE('',#7700,#7702);
#7704=EDGE_CURVE('',#7675,#7699,#7703,.T.);
#7705=ORIENTED_EDGE('',*,*,#7704,.T.);
#7706=CARTESIAN_POINT('',(217.657314388,-162.226792681,24.94));
#7707=DIRECTION('',(0.,0.,-1.));
#7708=VECTOR('',#7707,25.);
#7709=LINE('',#7706,#7708);
#7710=EDGE_CURVE('',#2423,#7699,#7709,.T.);
#7711=ORIENTED_EDGE('',*,*,#7710,.F.);
#7712=ORIENTED_EDGE('',*,*,#2428,.F.);
#7713=ORIENTED_EDGE('',*,*,#7686,.T.);
#7714=EDGE_LOOP('',(#7705,#7711,#7712,#7713));
#7715=FACE_BOUND('',#7714,.T.);
#7716=ADVANCED_FACE('',(#7715),#7697,.F.);
#7717=CARTESIAN_POINT('',(217.653325393,-162.308546626,12.06));
#7718=DIRECTION('',(0.998811758,-0.048734714,0.));
#7719=DIRECTION('',(0.048734714,0.998811758,0.));
#7720=AXIS2_PLACEMENT_3D('',#7717,#7718,#7719);
#7721=PLANE('',#7720);
#7722=CARTESIAN_POINT('',(217.649336398,-162.390300571,-0.06));
#7723=VERTEX_POINT('',#7722);
#7724=CARTESIAN_POINT('',(217.657314388,-162.226792681,-0.06));
#7725=DIRECTION('',(-0.048734714,-0.998811758,0.));
#7726=VECTOR('',#7725,0.163702408);
#7727=LINE('',#7724,#7726);
#7728=EDGE_CURVE('',#7699,#7723,#7727,.T.);
#7729=ORIENTED_EDGE('',*,*,#7728,.T.);
#7730=CARTESIAN_POINT('',(217.649336398,-162.390300571,24.94));
#7731=DIRECTION('',(0.,0.,-1.));
#7732=VECTOR('',#7731,25.);
#7733=LINE('',#7730,#7732);
#7734=EDGE_CURVE('',#2431,#7723,#7733,.T.);
#7735=ORIENTED_EDGE('',*,*,#7734,.F.);
#7736=ORIENTED_EDGE('',*,*,#2436,.F.);
#7737=ORIENTED_EDGE('',*,*,#7710,.T.);
#7738=EDGE_LOOP('',(#7729,#7735,#7736,#7737));
#7739=FACE_BOUND('',#7738,.T.);
#7740=ADVANCED_FACE('',(#7739),#7721,.F.);
#7741=CARTESIAN_POINT('',(217.641427088,-162.471876251,12.06));
#7742=DIRECTION('',(0.995332579,-0.096504178,0.));
#7743=DIRECTION('',(0.096504178,0.995332579,0.));
#7744=AXIS2_PLACEMENT_3D('',#7741,#7742,#7743);
#7745=PLANE('',#7744);
#7746=CARTESIAN_POINT('',(217.633517778,-162.553451931,-0.06));
#7747=VERTEX_POINT('',#7746);
#7748=CARTESIAN_POINT('',(217.649336398,-162.390300571,-0.06));
#7749=DIRECTION('',(-0.096504178,-0.995332579,0.));
#7750=VECTOR('',#7749,0.163916427);
#7751=LINE('',#7748,#7750);
#7752=EDGE_CURVE('',#7723,#7747,#7751,.T.);
#7753=ORIENTED_EDGE('',*,*,#7752,.T.);
#7754=CARTESIAN_POINT('',(217.633517778,-162.553451931,24.94));
#7755=DIRECTION('',(0.,0.,-1.));
#7756=VECTOR('',#7755,25.);
#7757=LINE('',#7754,#7756);
#7758=EDGE_CURVE('',#2439,#7747,#7757,.T.);
#7759=ORIENTED_EDGE('',*,*,#7758,.F.);
#7760=ORIENTED_EDGE('',*,*,#2444,.F.);
#7761=ORIENTED_EDGE('',*,*,#7734,.T.);
#7762=EDGE_LOOP('',(#7753,#7759,#7760,#7761));
#7763=FACE_BOUND('',#7762,.T.);
#7764=ADVANCED_FACE('',(#7763),#7745,.F.);
#7765=CARTESIAN_POINT('',(217.621677548,-162.634697846,12.06));
#7766=DIRECTION('',(0.989547121,-0.144209903,0.));
#7767=DIRECTION('',(0.144209903,0.989547121,0.));
#7768=AXIS2_PLACEMENT_3D('',#7765,#7766,#7767);
#7769=PLANE('',#7768);
#7770=CARTESIAN_POINT('',(217.609837318,-162.715943761,-0.06));
#7771=VERTEX_POINT('',#7770);
#7772=CARTESIAN_POINT('',(217.633517778,-162.553451931,-0.06));
#7773=DIRECTION('',(-0.144209903,-0.989547121,0.));
#7774=VECTOR('',#7773,0.164208279);
#7775=LINE('',#7772,#7774);
#7776=EDGE_CURVE('',#7747,#7771,#7775,.T.);
#7777=ORIENTED_EDGE('',*,*,#7776,.T.);
#7778=CARTESIAN_POINT('',(217.609837318,-162.715943761,24.94));
#7779=DIRECTION('',(0.,0.,-1.));
#7780=VECTOR('',#7779,25.);
#7781=LINE('',#7778,#7780);
#7782=EDGE_CURVE('',#2447,#7771,#7781,.T.);
#7783=ORIENTED_EDGE('',*,*,#7782,.F.);
#7784=ORIENTED_EDGE('',*,*,#2452,.F.);
#7785=ORIENTED_EDGE('',*,*,#7758,.T.);
#7786=EDGE_LOOP('',(#7777,#7783,#7784,#7785));
#7787=FACE_BOUND('',#7786,.T.);
#7788=ADVANCED_FACE('',(#7787),#7769,.F.);
#7789=CARTESIAN_POINT('',(217.594055058,-162.796709421,12.06));
#7790=DIRECTION('',(0.981437777,-0.191780841,0.));
#7791=DIRECTION('',(0.191780841,0.981437777,0.));
#7792=AXIS2_PLACEMENT_3D('',#7789,#7790,#7791);
#7793=PLANE('',#7792);
#7794=CARTESIAN_POINT('',(217.578272798,-162.877475081,-0.06));
#7795=VERTEX_POINT('',#7794);
#7796=CARTESIAN_POINT('',(217.609837318,-162.715943761,-0.06));
#7797=DIRECTION('',(-0.191780841,-0.981437777,0.));
#7798=VECTOR('',#7797,0.16458641);
#7799=LINE('',#7796,#7798);
#7800=EDGE_CURVE('',#7771,#7795,#7799,.T.);
#7801=ORIENTED_EDGE('',*,*,#7800,.T.);
#7802=CARTESIAN_POINT('',(217.578272798,-162.877475081,24.94));
#7803=DIRECTION('',(0.,0.,-1.));
#7804=VECTOR('',#7803,25.);
#7805=LINE('',#7802,#7804);
#7806=EDGE_CURVE('',#2455,#7795,#7805,.T.);
#7807=ORIENTED_EDGE('',*,*,#7806,.F.);
#7808=ORIENTED_EDGE('',*,*,#2460,.F.);
#7809=ORIENTED_EDGE('',*,*,#7782,.T.);
#7810=EDGE_LOOP('',(#7801,#7807,#7808,#7809));
#7811=FACE_BOUND('',#7810,.T.);
#7812=ADVANCED_FACE('',(#7811),#7793,.F.);
#7813=CARTESIAN_POINT('',(217.558537903,-162.957608986,12.06));
#7814=DIRECTION('',(0.970987802,-0.239129022,0.));
#7815=DIRECTION('',(0.239129022,0.970987802,0.));
#7816=AXIS2_PLACEMENT_3D('',#7813,#7814,#7815);
#7817=PLANE('',#7816);
#7818=CARTESIAN_POINT('',(217.538803008,-163.037742891,-0.06));
#7819=VERTEX_POINT('',#7818);
#7820=CARTESIAN_POINT('',(217.578272798,-162.877475081,-0.06));
#7821=DIRECTION('',(-0.239129022,-0.970987802,0.));
#7822=VECTOR('',#7821,0.165056461);
#7823=LINE('',#7820,#7822);
#7824=EDGE_CURVE('',#7795,#7819,#7823,.T.);
#7825=ORIENTED_EDGE('',*,*,#7824,.T.);
#7826=CARTESIAN_POINT('',(217.538803008,-163.037742891,24.94));
#7827=DIRECTION('',(0.,0.,-1.));
#7828=VECTOR('',#7827,25.);
#7829=LINE('',#7826,#7828);
#7830=EDGE_CURVE('',#2463,#7819,#7829,.T.);
#7831=ORIENTED_EDGE('',*,*,#7830,.F.);
#7832=ORIENTED_EDGE('',*,*,#2468,.F.);
#7833=ORIENTED_EDGE('',*,*,#7806,.T.);
#7834=EDGE_LOOP('',(#7825,#7831,#7832,#7833));
#7835=FACE_BOUND('',#7834,.T.);
#7836=ADVANCED_FACE('',(#7835),#7817,.F.);
#7837=CARTESIAN_POINT('',(217.515105378,-163.117094551,12.06));
#7838=DIRECTION('',(0.958184032,-0.286152686,0.));
#7839=DIRECTION('',(0.286152686,0.958184032,0.));
#7840=AXIS2_PLACEMENT_3D('',#7837,#7838,#7839);
#7841=PLANE('',#7840);
#7842=CARTESIAN_POINT('',(217.491407748,-163.196446211,-0.06));
#7843=VERTEX_POINT('',#7842);
#7844=CARTESIAN_POINT('',(217.538803008,-163.037742891,-0.06));
#7845=DIRECTION('',(-0.286152686,-0.958184032,0.));
#7846=VECTOR('',#7845,0.165629268);
#7847=LINE('',#7844,#7846);
#7848=EDGE_CURVE('',#7819,#7843,#7847,.T.);
#7849=ORIENTED_EDGE('',*,*,#7848,.T.);
#7850=CARTESIAN_POINT('',(217.491407748,-163.196446211,24.94));
#7851=DIRECTION('',(0.,0.,-1.));
#7852=VECTOR('',#7851,25.);
#7853=LINE('',#7850,#7852);
#7854=EDGE_CURVE('',#2471,#7843,#7853,.T.);
#7855=ORIENTED_EDGE('',*,*,#7854,.F.);
#7856=ORIENTED_EDGE('',*,*,#2476,.F.);
#7857=ORIENTED_EDGE('',*,*,#7830,.T.);
#7858=EDGE_LOOP('',(#7849,#7855,#7856,#7857));
#7859=FACE_BOUND('',#7858,.T.);
#7860=ADVANCED_FACE('',(#7859),#7841,.F.);
#7861=CARTESIAN_POINT('',(217.463736273,-163.274864631,12.06));
#7862=DIRECTION('',(0.943011521,-0.33276008,0.));
#7863=DIRECTION('',(0.33276008,0.943011521,0.));
#7864=AXIS2_PLACEMENT_3D('',#7861,#7862,#7863);
#7865=PLANE('',#7864);
#7866=CARTESIAN_POINT('',(217.436064798,-163.353283051,-0.06));
#7867=VERTEX_POINT('',#7866);
#7868=CARTESIAN_POINT('',(217.491407748,-163.196446211,-0.06));
#7869=DIRECTION('',(-0.33276008,-0.943011521,0.));
#7870=VECTOR('',#7869,0.166314872);
#7871=LINE('',#7868,#7870);
#7872=EDGE_CURVE('',#7843,#7867,#7871,.T.);
#7873=ORIENTED_EDGE('',*,*,#7872,.T.);
#7874=CARTESIAN_POINT('',(217.436064798,-163.353283051,24.94));
#7875=DIRECTION('',(0.,0.,-1.));
#7876=VECTOR('',#7875,25.);
#7877=LINE('',#7874,#7876);
#7878=EDGE_CURVE('',#2479,#7867,#7877,.T.);
#7879=ORIENTED_EDGE('',*,*,#7878,.F.);
#7880=ORIENTED_EDGE('',*,*,#2484,.F.);
#7881=ORIENTED_EDGE('',*,*,#7854,.T.);
#7882=EDGE_LOOP('',(#7873,#7879,#7880,#7881));
#7883=FACE_BOUND('',#7882,.T.);
#7884=ADVANCED_FACE('',(#7883),#7865,.F.);
#7885=CARTESIAN_POINT('',(217.404408873,-163.430616731,12.06));
#7886=DIRECTION('',(0.925465493,-0.378831917,0.));
#7887=DIRECTION('',(0.378831917,0.925465493,0.));
#7888=AXIS2_PLACEMENT_3D('',#7885,#7886,#7887);
#7889=PLANE('',#7888);
#7890=CARTESIAN_POINT('',(217.372752948,-163.507950411,-0.06));
#7891=VERTEX_POINT('',#7890);
#7892=CARTESIAN_POINT('',(217.436064798,-163.353283051,-0.06));
#7893=DIRECTION('',(-0.378831917,-0.925465493,0.));
#7894=VECTOR('',#7893,0.167123854);
#7895=LINE('',#7892,#7894);
#7896=EDGE_CURVE('',#7867,#7891,#7895,.T.);
#7897=ORIENTED_EDGE('',*,*,#7896,.T.);
#7898=CARTESIAN_POINT('',(217.372752948,-163.507950411,24.94));
#7899=DIRECTION('',(0.,0.,-1.));
#7900=VECTOR('',#7899,25.);
#7901=LINE('',#7898,#7900);
#7902=EDGE_CURVE('',#2487,#7891,#7901,.T.);
#7903=ORIENTED_EDGE('',*,*,#7902,.F.);
#7904=ORIENTED_EDGE('',*,*,#2492,.F.);
#7905=ORIENTED_EDGE('',*,*,#7878,.T.);
#7906=EDGE_LOOP('',(#7897,#7903,#7904,#7905));
#7907=FACE_BOUND('',#7906,.T.);
#7908=ADVANCED_FACE('',(#7907),#7889,.F.);
#7909=CARTESIAN_POINT('',(217.337101463,-163.584048356,12.06));
#7910=DIRECTION('',(0.905547758,-0.424244338,0.));
#7911=DIRECTION('',(0.424244338,0.905547758,0.));
#7912=AXIS2_PLACEMENT_3D('',#7909,#7910,#7911);
#7913=PLANE('',#7912);
#7914=CARTESIAN_POINT('',(217.301449978,-163.660146301,-0.06));
#7915=VERTEX_POINT('',#7914);
#7916=CARTESIAN_POINT('',(217.372752948,-163.507950411,-0.06));
#7917=DIRECTION('',(-0.424244338,-0.905547758,0.));
#7918=VECTOR('',#7917,0.168070528);
#7919=LINE('',#7916,#7918);
#7920=EDGE_CURVE('',#7891,#7915,#7919,.T.);
#7921=ORIENTED_EDGE('',*,*,#7920,.T.);
#7922=CARTESIAN_POINT('',(217.301449978,-163.660146301,24.94));
#7923=DIRECTION('',(0.,0.,-1.));
#7924=VECTOR('',#7923,25.);
#7925=LINE('',#7922,#7924);
#7926=EDGE_CURVE('',#2495,#7915,#7925,.T.);
#7927=ORIENTED_EDGE('',*,*,#7926,.F.);
#7928=ORIENTED_EDGE('',*,*,#2500,.F.);
#7929=ORIENTED_EDGE('',*,*,#7902,.T.);
#7930=EDGE_LOOP('',(#7921,#7927,#7928,#7929));
#7931=FACE_BOUND('',#7930,.T.);
#7932=ADVANCED_FACE('',(#7931),#7913,.F.);
#7933=CARTESIAN_POINT('',(217.261792833,-163.734858526,12.06));
#7934=DIRECTION('',(0.883280856,-0.468844248,0.));
#7935=DIRECTION('',(0.468844248,0.883280856,0.));
#7936=AXIS2_PLACEMENT_3D('',#7933,#7934,#7935);
#7937=PLANE('',#7936);
#7938=CARTESIAN_POINT('',(217.222135688,-163.809570751,-0.06));
#7939=VERTEX_POINT('',#7938);
#7940=CARTESIAN_POINT('',(217.301449978,-163.660146301,-0.06));
#7941=DIRECTION('',(-0.468844248,-0.883280856,0.));
#7942=VECTOR('',#7941,0.169169805);
#7943=LINE('',#7940,#7942);
#7944=EDGE_CURVE('',#7915,#7939,#7943,.T.);
#7945=ORIENTED_EDGE('',*,*,#7944,.T.);
#7946=CARTESIAN_POINT('',(217.222135688,-163.809570751,24.94));
#7947=DIRECTION('',(0.,0.,-1.));
#7948=VECTOR('',#7947,25.);
#7949=LINE('',#7946,#7948);
#7950=EDGE_CURVE('',#2503,#7939,#7949,.T.);
#7951=ORIENTED_EDGE('',*,*,#7950,.F.);
#7952=ORIENTED_EDGE('',*,*,#2508,.F.);
#7953=ORIENTED_EDGE('',*,*,#7926,.T.);
#7954=EDGE_LOOP('',(#7945,#7951,#7952,#7953));
#7955=FACE_BOUND('',#7954,.T.);
#7956=ADVANCED_FACE('',(#7955),#7937,.F.);
#7957=CARTESIAN_POINT('',(217.178461773,-163.882744746,12.06));
#7958=DIRECTION('',(0.858683854,-0.512505647,0.));
#7959=DIRECTION('',(0.512505647,0.858683854,0.));
#7960=AXIS2_PLACEMENT_3D('',#7957,#7958,#7959);
#7961=PLANE('',#7960);
#7962=CARTESIAN_POINT('',(217.134787858,-163.955918741,-0.06));
#7963=VERTEX_POINT('',#7962);
#7964=CARTESIAN_POINT('',(217.222135688,-163.809570751,-0.06));
#7965=DIRECTION('',(-0.512505647,-0.858683854,0.));
#7966=VECTOR('',#7965,0.170432912);
#7967=LINE('',#7964,#7966);
#7968=EDGE_CURVE('',#7939,#7963,#7967,.T.);
#7969=ORIENTED_EDGE('',*,*,#7968,.T.);
#7970=CARTESIAN_POINT('',(217.134787858,-163.955918741,24.94));
#7971=DIRECTION('',(0.,0.,-1.));
#7972=VECTOR('',#7971,25.);
#7973=LINE('',#7970,#7972);
#7974=EDGE_CURVE('',#2511,#7963,#7973,.T.);
#7975=ORIENTED_EDGE('',*,*,#7974,.F.);
#7976=ORIENTED_EDGE('',*,*,#2516,.F.);
#7977=ORIENTED_EDGE('',*,*,#7950,.T.);
#7978=EDGE_LOOP('',(#7969,#7975,#7976,#7977));
#7979=FACE_BOUND('',#7978,.T.);
#7980=ADVANCED_FACE('',(#7979),#7961,.F.);
#7981=CARTESIAN_POINT('',(217.087086568,-164.027405026,12.06));
#7982=DIRECTION('',(0.831815172,-0.555052718,0.));
#7983=DIRECTION('',(0.555052718,0.831815172,0.));
#7984=AXIS2_PLACEMENT_3D('',#7981,#7982,#7983);
#7985=PLANE('',#7984);
#7986=CARTESIAN_POINT('',(217.039385278,-164.098891311,-0.06));
#7987=VERTEX_POINT('',#7986);
#7988=CARTESIAN_POINT('',(217.134787858,-163.955918741,-0.06));
#7989=DIRECTION('',(-0.555052718,-0.831815172,0.));
#7990=VECTOR('',#7989,0.171880214);
#7991=LINE('',#7988,#7990);
#7992=EDGE_CURVE('',#7963,#7987,#7991,.T.);
#7993=ORIENTED_EDGE('',*,*,#7992,.T.);
#7994=CARTESIAN_POINT('',(217.039385278,-164.098891311,24.94));
#7995=DIRECTION('',(0.,0.,-1.));
#7996=VECTOR('',#7995,25.);
#7997=LINE('',#7994,#7996);
#7998=EDGE_CURVE('',#2519,#7987,#7997,.T.);
#7999=ORIENTED_EDGE('',*,*,#7998,.F.);
#8000=ORIENTED_EDGE('',*,*,#2524,.F.);
#8001=ORIENTED_EDGE('',*,*,#7974,.T.);
#8002=EDGE_LOOP('',(#7993,#7999,#8000,#8001));
#8003=FACE_BOUND('',#8002,.T.);
#8004=ADVANCED_FACE('',(#8003),#7985,.F.);
#8005=CARTESIAN_POINT('',(216.987646513,-164.168537881,12.06));
#8006=DIRECTION('',(0.802736604,-0.596333753,0.));
#8007=DIRECTION('',(0.596333753,0.802736604,0.));
#8008=AXIS2_PLACEMENT_3D('',#8005,#8006,#8007);
#8009=PLANE('',#8008);
#8010=CARTESIAN_POINT('',(216.935907748,-164.238184451,-0.06));
#8011=VERTEX_POINT('',#8010);
#8012=CARTESIAN_POINT('',(217.039385278,-164.098891311,-0.06));
#8013=DIRECTION('',(-0.596333753,-0.802736604,0.));
#8014=VECTOR('',#8013,0.173522846);
#8015=LINE('',#8012,#8014);
#8016=EDGE_CURVE('',#7987,#8011,#8015,.T.);
#8017=ORIENTED_EDGE('',*,*,#8016,.T.);
#8018=CARTESIAN_POINT('',(216.935907748,-164.238184451,24.94));
#8019=DIRECTION('',(0.,0.,-1.));
#8020=VECTOR('',#8019,25.);
#8021=LINE('',#8018,#8020);
#8022=EDGE_CURVE('',#2527,#8011,#8021,.T.);
#8023=ORIENTED_EDGE('',*,*,#8022,.F.);
#8024=ORIENTED_EDGE('',*,*,#2532,.F.);
#8025=ORIENTED_EDGE('',*,*,#7998,.T.);
#8026=EDGE_LOOP('',(#8017,#8023,#8024,#8025));
#8027=FACE_BOUND('',#8026,.T.);
#8028=ADVANCED_FACE('',(#8027),#8009,.F.);
#8029=CARTESIAN_POINT('',(216.880119893,-164.305840311,12.06));
#8030=DIRECTION('',(0.771531283,-0.636191386,0.));
#8031=DIRECTION('',(0.636191386,0.771531283,0.));
#8032=AXIS2_PLACEMENT_3D('',#8029,#8030,#8031);
#8033=PLANE('',#8032);
#8034=CARTESIAN_POINT('',(216.824332038,-164.373496171,-0.06));
#8035=VERTEX_POINT('',#8034);
#8036=CARTESIAN_POINT('',(216.935907748,-164.238184451,-0.06));
#8037=DIRECTION('',(-0.636191386,-0.771531283,0.));
#8038=VECTOR('',#8037,0.175380731);
#8039=LINE('',#8036,#8038);
#8040=EDGE_CURVE('',#8011,#8035,#8039,.T.);
#8041=ORIENTED_EDGE('',*,*,#8040,.T.);
#8042=CARTESIAN_POINT('',(216.824332038,-164.373496171,24.94));
#8043=DIRECTION('',(0.,0.,-1.));
#8044=VECTOR('',#8043,25.);
#8045=LINE('',#8042,#8044);
#8046=EDGE_CURVE('',#2535,#8035,#8045,.T.);
#8047=ORIENTED_EDGE('',*,*,#8046,.F.);
#8048=ORIENTED_EDGE('',*,*,#2540,.F.);
#8049=ORIENTED_EDGE('',*,*,#8022,.T.);
#8050=EDGE_LOOP('',(#8041,#8047,#8048,#8049));
#8051=FACE_BOUND('',#8050,.T.);
#8052=ADVANCED_FACE('',(#8051),#8033,.F.);
#8053=CARTESIAN_POINT('',(216.765196033,-164.438245756,12.06));
#8054=DIRECTION('',(0.738389984,-0.674373956,0.));
#8055=DIRECTION('',(0.674373956,0.738389984,0.));
#8056=AXIS2_PLACEMENT_3D('',#8053,#8054,#8055);
#8057=PLANE('',#8056);
#8058=CARTESIAN_POINT('',(216.706060028,-164.502995341,-0.06));
#8059=VERTEX_POINT('',#8058);
#8060=CARTESIAN_POINT('',(216.824332038,-164.373496171,-0.06));
#8061=DIRECTION('',(-0.674373956,-0.738389984,0.));
#8062=VECTOR('',#8061,0.175380453);
#8063=LINE('',#8060,#8062);
#8064=EDGE_CURVE('',#8035,#8059,#8063,.T.);
#8065=ORIENTED_EDGE('',*,*,#8064,.T.);
#8066=CARTESIAN_POINT('',(216.706060028,-164.502995341,24.94));
#8067=DIRECTION('',(0.,0.,-1.));
#8068=VECTOR('',#8067,25.);
#8069=LINE('',#8066,#8068);
#8070=EDGE_CURVE('',#2543,#8059,#8069,.T.);
#8071=ORIENTED_EDGE('',*,*,#8070,.F.);
#8072=ORIENTED_EDGE('',*,*,#2548,.F.);
#8073=ORIENTED_EDGE('',*,*,#8046,.T.);
#8074=EDGE_LOOP('',(#8065,#8071,#8072,#8073));
#8075=FACE_BOUND('',#8074,.T.);
#8076=ADVANCED_FACE('',(#8075),#8057,.F.);
#8077=CARTESIAN_POINT('',(216.644383873,-164.564017016,12.06));
#8078=DIRECTION('',(0.703325012,-0.710868432,0.));
#8079=DIRECTION('',(0.710868432,0.703325012,0.));
#8080=AXIS2_PLACEMENT_3D('',#8077,#8078,#8079);
#8081=PLANE('',#8080);
#8082=CARTESIAN_POINT('',(216.582707718,-164.625038691,-0.06));
#8083=VERTEX_POINT('',#8082);
#8084=CARTESIAN_POINT('',(216.706060028,-164.502995341,-0.06));
#8085=DIRECTION('',(-0.710868432,-0.703325012,0.));
#8086=VECTOR('',#8085,0.173523404);
#8087=LINE('',#8084,#8086);
#8088=EDGE_CURVE('',#8059,#8083,#8087,.T.);
#8089=ORIENTED_EDGE('',*,*,#8088,.T.);
#8090=CARTESIAN_POINT('',(216.582707718,-164.625038691,24.94));
#8091=DIRECTION('',(0.,0.,-1.));
#8092=VECTOR('',#8091,25.);
#8093=LINE('',#8090,#8092);
#8094=EDGE_CURVE('',#2551,#8083,#8093,.T.);
#8095=ORIENTED_EDGE('',*,*,#8094,.F.);
#8096=ORIENTED_EDGE('',*,*,#2556,.F.);
#8097=ORIENTED_EDGE('',*,*,#8070,.T.);
#8098=EDGE_LOOP('',(#8089,#8095,#8096,#8097));
#8099=FACE_BOUND('',#8098,.T.);
#8100=ADVANCED_FACE('',(#8099),#8081,.F.);
#8101=CARTESIAN_POINT('',(216.518642913,-164.682321851,12.06));
#8102=DIRECTION('',(0.66654937,-0.745460889,0.));
#8103=DIRECTION('',(0.745460889,0.66654937,0.));
#8104=AXIS2_PLACEMENT_3D('',#8101,#8102,#8103);
#8105=PLANE('',#8104);
#8106=CARTESIAN_POINT('',(216.454578108,-164.739605011,-0.06));
#8107=VERTEX_POINT('',#8106);
#8108=CARTESIAN_POINT('',(216.582707718,-164.625038691,-0.06));
#8109=DIRECTION('',(-0.745460889,-0.66654937,0.));
#8110=VECTOR('',#8109,0.171879721);
#8111=LINE('',#8108,#8110);
#8112=EDGE_CURVE('',#8083,#8107,#8111,.T.);
#8113=ORIENTED_EDGE('',*,*,#8112,.T.);
#8114=CARTESIAN_POINT('',(216.454578108,-164.739605011,24.94));
#8115=DIRECTION('',(0.,0.,-1.));
#8116=VECTOR('',#8115,25.);
#8117=LINE('',#8114,#8116);
#8118=EDGE_CURVE('',#2559,#8107,#8117,.T.);
#8119=ORIENTED_EDGE('',*,*,#8118,.F.);
#8120=ORIENTED_EDGE('',*,*,#2564,.F.);
#8121=ORIENTED_EDGE('',*,*,#8094,.T.);
#8122=EDGE_LOOP('',(#8113,#8119,#8120,#8121));
#8123=FACE_BOUND('',#8122,.T.);
#8124=ADVANCED_FACE('',(#8123),#8105,.F.);
#8125=CARTESIAN_POINT('',(216.388274638,-164.793138546,12.06));
#8126=DIRECTION('',(0.628200263,-0.778051688,0.));
#8127=DIRECTION('',(0.778051688,0.628200263,0.));
#8128=AXIS2_PLACEMENT_3D('',#8125,#8126,#8127);
#8129=PLANE('',#8128);
#8130=CARTESIAN_POINT('',(216.321971168,-164.846672081,-0.06));
#8131=VERTEX_POINT('',#8130);
#8132=CARTESIAN_POINT('',(216.454578108,-164.739605011,-0.06));
#8133=DIRECTION('',(-0.778051688,-0.628200263,0.));
#8134=VECTOR('',#8133,0.170434615);
#8135=LINE('',#8132,#8134);
#8136=EDGE_CURVE('',#8107,#8131,#8135,.T.);
#8137=ORIENTED_EDGE('',*,*,#8136,.T.);
#8138=CARTESIAN_POINT('',(216.321971168,-164.846672081,24.94));
#8139=DIRECTION('',(0.,0.,-1.));
#8140=VECTOR('',#8139,25.);
#8141=LINE('',#8138,#8140);
#8142=EDGE_CURVE('',#2567,#8131,#8141,.T.);
#8143=ORIENTED_EDGE('',*,*,#8142,.F.);
#8144=ORIENTED_EDGE('',*,*,#2572,.F.);
#8145=ORIENTED_EDGE('',*,*,#8118,.T.);
#8146=EDGE_LOOP('',(#8137,#8143,#8144,#8145));
#8147=FACE_BOUND('',#8146,.T.);
#8148=ADVANCED_FACE('',(#8147),#8129,.F.);
#8149=CARTESIAN_POINT('',(216.253581038,-164.896445891,12.06));
#8150=DIRECTION('',(0.588446427,-0.808536209,0.));
#8151=DIRECTION('',(0.808536209,0.588446427,0.));
#8152=AXIS2_PLACEMENT_3D('',#8149,#8150,#8151);
#8153=PLANE('',#8152);
#8154=CARTESIAN_POINT('',(216.185190908,-164.946219701,-0.06));
#8155=VERTEX_POINT('',#8154);
#8156=CARTESIAN_POINT('',(216.321971168,-164.846672081,-0.06));
#8157=DIRECTION('',(-0.808536209,-0.588446427,0.));
#8158=VECTOR('',#8157,0.169170234);
#8159=LINE('',#8156,#8158);
#8160=EDGE_CURVE('',#8131,#8155,#8159,.T.);
#8161=ORIENTED_EDGE('',*,*,#8160,.T.);
#8162=CARTESIAN_POINT('',(216.185190908,-164.946219701,24.94));
#8163=DIRECTION('',(0.,0.,-1.));
#8164=VECTOR('',#8163,25.);
#8165=LINE('',#8162,#8164);
#8166=EDGE_CURVE('',#2575,#8155,#8165,.T.);
#8167=ORIENTED_EDGE('',*,*,#8166,.F.);
#8168=ORIENTED_EDGE('',*,*,#2580,.F.);
#8169=ORIENTED_EDGE('',*,*,#8142,.T.);
#8170=EDGE_LOOP('',(#8161,#8167,#8168,#8169));
#8171=FACE_BOUND('',#8170,.T.);
#8172=ADVANCED_FACE('',(#8171),#8153,.F.);
#8173=CARTESIAN_POINT('',(216.114864608,-164.992222676,12.06));
#8174=DIRECTION('',(0.547419356,-0.83685844,0.));
#8175=DIRECTION('',(0.83685844,0.547419356,0.));
#8176=AXIS2_PLACEMENT_3D('',#8173,#8174,#8175);
#8177=PLANE('',#8176);
#8178=CARTESIAN_POINT('',(216.044538308,-165.038225651,-0.06));
#8179=VERTEX_POINT('',#8178);
#8180=CARTESIAN_POINT('',(216.185190908,-164.946219701,-0.06));
#8181=DIRECTION('',(-0.83685844,-0.547419356,0.));
#8182=VECTOR('',#8181,0.168072153);
#8183=LINE('',#8180,#8182);
#8184=EDGE_CURVE('',#8155,#8179,#8183,.T.);
#8185=ORIENTED_EDGE('',*,*,#8184,.T.);
#8186=CARTESIAN_POINT('',(216.044538308,-165.038225651,24.94));
#8187=DIRECTION('',(0.,0.,-1.));
#8188=VECTOR('',#8187,25.);
#8189=LINE('',#8186,#8188);
#8190=EDGE_CURVE('',#2583,#8179,#8189,.T.);
#8191=ORIENTED_EDGE('',*,*,#8190,.F.);
#8192=ORIENTED_EDGE('',*,*,#2588,.F.);
#8193=ORIENTED_EDGE('',*,*,#8166,.T.);
#8194=EDGE_LOOP('',(#8185,#8191,#8192,#8193));
#8195=FACE_BOUND('',#8194,.T.);
#8196=ADVANCED_FACE('',(#8195),#8177,.F.);
#8197=CARTESIAN_POINT('',(215.972427338,-165.080447186,12.06));
#8198=DIRECTION('',(0.505270428,-0.862961062,0.));
#8199=DIRECTION('',(0.862961062,0.505270428,0.));
#8200=AXIS2_PLACEMENT_3D('',#8197,#8198,#8199);
#8201=PLANE('',#8200);
#8202=CARTESIAN_POINT('',(215.900316368,-165.122668721,-0.06));
#8203=VERTEX_POINT('',#8202);
#8204=CARTESIAN_POINT('',(216.044538308,-165.038225651,-0.06));
#8205=DIRECTION('',(-0.862961062,-0.505270428,0.));
#8206=VECTOR('',#8205,0.167124505);
#8207=LINE('',#8204,#8206);
#8208=EDGE_CURVE('',#8179,#8203,#8207,.T.);
#8209=ORIENTED_EDGE('',*,*,#8208,.T.);
#8210=CARTESIAN_POINT('',(215.900316368,-165.122668721,24.94));
#8211=DIRECTION('',(0.,0.,-1.));
#8212=VECTOR('',#8211,25.);
#8213=LINE('',#8210,#8212);
#8214=EDGE_CURVE('',#2591,#8203,#8213,.T.);
#8215=ORIENTED_EDGE('',*,*,#8214,.F.);
#8216=ORIENTED_EDGE('',*,*,#2596,.F.);
#8217=ORIENTED_EDGE('',*,*,#8190,.T.);
#8218=EDGE_LOOP('',(#8209,#8215,#8216,#8217));
#8219=FACE_BOUND('',#8218,.T.);
#8220=ADVANCED_FACE('',(#8219),#8201,.F.);
#8221=CARTESIAN_POINT('',(215.826571218,-165.161098211,12.06));
#8222=DIRECTION('',(0.46212887,-0.88681278,0.));
#8223=DIRECTION('',(0.88681278,0.46212887,0.));
#8224=AXIS2_PLACEMENT_3D('',#8221,#8222,#8223);
#8225=PLANE('',#8224);
#8226=CARTESIAN_POINT('',(215.752826068,-165.199527701,-0.06));
#8227=VERTEX_POINT('',#8226);
#8228=CARTESIAN_POINT('',(215.900316368,-165.122668721,-0.06));
#8229=DIRECTION('',(-0.88681278,-0.46212887,0.));
#8230=VECTOR('',#8229,0.166315037);
#8231=LINE('',#8228,#8230);
#8232=EDGE_CURVE('',#8203,#8227,#8231,.T.);
#8233=ORIENTED_EDGE('',*,*,#8232,.T.);
#8234=CARTESIAN_POINT('',(215.752826068,-165.199527701,24.94));
#8235=DIRECTION('',(0.,0.,-1.));
#8236=VECTOR('',#8235,25.);
#8237=LINE('',#8234,#8236);
#8238=EDGE_CURVE('',#2599,#8227,#8237,.T.);
#8239=ORIENTED_EDGE('',*,*,#8238,.F.);
#8240=ORIENTED_EDGE('',*,*,#2604,.F.);
#8241=ORIENTED_EDGE('',*,*,#8214,.T.);
#8242=EDGE_LOOP('',(#8233,#8239,#8240,#8241));
#8243=FACE_BOUND('',#8242,.T.);
#8244=ADVANCED_FACE('',(#8243),#8225,.F.);
#8245=CARTESIAN_POINT('',(215.677597733,-165.234154541,12.06));
#8246=DIRECTION('',(0.418122919,-0.908390458,0.));
#8247=DIRECTION('',(0.908390458,0.418122919,0.));
#8248=AXIS2_PLACEMENT_3D('',#8245,#8246,#8247);
#8249=PLANE('',#8248);
#8250=CARTESIAN_POINT('',(215.602369398,-165.268781381,-0.06));
#8251=VERTEX_POINT('',#8250);
#8252=CARTESIAN_POINT('',(215.752826068,-165.199527701,-0.06));
#8253=DIRECTION('',(-0.908390458,-0.418122919,0.));
#8254=VECTOR('',#8253,0.165629954);
#8255=LINE('',#8252,#8254);
#8256=EDGE_CURVE('',#8227,#8251,#8255,.T.);
#8257=ORIENTED_EDGE('',*,*,#8256,.T.);
#8258=CARTESIAN_POINT('',(215.602369398,-165.268781381,24.94));
#8259=DIRECTION('',(0.,0.,-1.));
#8260=VECTOR('',#8259,25.);
#8261=LINE('',#8258,#8260);
#8262=EDGE_CURVE('',#2607,#8251,#8261,.T.);
#8263=ORIENTED_EDGE('',*,*,#8262,.F.);
#8264=ORIENTED_EDGE('',*,*,#2612,.F.);
#8265=ORIENTED_EDGE('',*,*,#8238,.T.);
#8266=EDGE_LOOP('',(#8257,#8263,#8264,#8265));
#8267=FACE_BOUND('',#8266,.T.);
#8268=ADVANCED_FACE('',(#8267),#8249,.F.);
#8269=CARTESIAN_POINT('',(215.525809378,-165.299594461,12.06));
#8270=DIRECTION('',(0.373364838,-0.92768459,0.));
#8271=DIRECTION('',(0.92768459,0.373364838,0.));
#8272=AXIS2_PLACEMENT_3D('',#8269,#8270,#8271);
#8273=PLANE('',#8272);
#8274=CARTESIAN_POINT('',(215.449249358,-165.330407541,-0.06));
#8275=VERTEX_POINT('',#8274);
#8276=CARTESIAN_POINT('',(215.602369398,-165.268781381,-0.06));
#8277=DIRECTION('',(-0.92768459,-0.373364838,0.));
#8278=VECTOR('',#8277,0.165056143);
#8279=LINE('',#8276,#8278);
#8280=EDGE_CURVE('',#8251,#8275,#8279,.T.);
#8281=ORIENTED_EDGE('',*,*,#8280,.T.);
#8282=CARTESIAN_POINT('',(215.449249358,-165.330407541,24.94));
#8283=DIRECTION('',(0.,0.,-1.));
#8284=VECTOR('',#8283,25.);
#8285=LINE('',#8282,#8284);
#8286=EDGE_CURVE('',#2615,#8275,#8285,.T.);
#8287=ORIENTED_EDGE('',*,*,#8286,.F.);
#8288=ORIENTED_EDGE('',*,*,#2620,.F.);
#8289=ORIENTED_EDGE('',*,*,#8262,.T.);
#8290=EDGE_LOOP('',(#8281,#8287,#8288,#8289));
#8291=FACE_BOUND('',#8290,.T.);
#8292=ADVANCED_FACE('',(#8291),#8273,.F.);
#8293=CARTESIAN_POINT('',(215.371508143,-165.357396761,12.06));
#8294=DIRECTION('',(0.32796552,-0.944689694,0.));
#8295=DIRECTION('',(0.944689694,0.32796552,0.));
#8296=AXIS2_PLACEMENT_3D('',#8293,#8294,#8295);
#8297=PLANE('',#8296);
#8298=CARTESIAN_POINT('',(215.293766928,-165.384385981,-0.06));
#8299=VERTEX_POINT('',#8298);
#8300=CARTESIAN_POINT('',(215.449249358,-165.330407541,-0.06));
#8301=DIRECTION('',(-0.944689694,-0.32796552,0.));
#8302=VECTOR('',#8301,0.164585716);
#8303=LINE('',#8300,#8302);
#8304=EDGE_CURVE('',#8275,#8299,#8303,.T.);
#8305=ORIENTED_EDGE('',*,*,#8304,.T.);
#8306=CARTESIAN_POINT('',(215.293766928,-165.384385981,24.94));
#8307=DIRECTION('',(0.,0.,-1.));
#8308=VECTOR('',#8307,25.);
#8309=LINE('',#8306,#8308);
#8310=EDGE_CURVE('',#2623,#8299,#8309,.T.);
#8311=ORIENTED_EDGE('',*,*,#8310,.F.);
#8312=ORIENTED_EDGE('',*,*,#2628,.F.);
#8313=ORIENTED_EDGE('',*,*,#8286,.T.);
#8314=EDGE_LOOP('',(#8305,#8311,#8312,#8313));
#8315=FACE_BOUND('',#8314,.T.);
#8316=ADVANCED_FACE('',(#8315),#8297,.F.);
#8317=CARTESIAN_POINT('',(215.214996018,-165.407540231,12.06));
#8318=DIRECTION('',(0.282013139,-0.959410543,0.));
#8319=DIRECTION('',(0.959410543,0.282013139,0.));
#8320=AXIS2_PLACEMENT_3D('',#8317,#8318,#8319);
#8321=PLANE('',#8320);
#8322=CARTESIAN_POINT('',(215.136225108,-165.430694481,-0.06));
#8323=VERTEX_POINT('',#8322);
#8324=CARTESIAN_POINT('',(215.293766928,-165.384385981,-0.06));
#8325=DIRECTION('',(-0.959410543,-0.282013139,0.));
#8326=VECTOR('',#8325,0.164206888);
#8327=LINE('',#8324,#8326);
#8328=EDGE_CURVE('',#8299,#8323,#8327,.T.);
#8329=ORIENTED_EDGE('',*,*,#8328,.T.);
#8330=CARTESIAN_POINT('',(215.136225108,-165.430694481,24.94));
#8331=DIRECTION('',(0.,0.,-1.));
#8332=VECTOR('',#8331,25.);
#8333=LINE('',#8330,#8332);
#8334=EDGE_CURVE('',#2631,#8323,#8333,.T.);
#8335=ORIENTED_EDGE('',*,*,#8334,.F.);
#8336=ORIENTED_EDGE('',*,*,#2636,.F.);
#8337=ORIENTED_EDGE('',*,*,#8310,.T.);
#8338=EDGE_LOOP('',(#8329,#8335,#8336,#8337));
#8339=FACE_BOUND('',#8338,.T.);
#8340=ADVANCED_FACE('',(#8339),#8321,.F.);
#8341=CARTESIAN_POINT('',(215.056575498,-165.450003156,12.06));
#8342=DIRECTION('',(0.235596322,-0.971851003,0.));
#8343=DIRECTION('',(0.971851003,0.235596322,0.));
#8344=AXIS2_PLACEMENT_3D('',#8341,#8342,#8343);
#8345=PLANE('',#8344);
#8346=CARTESIAN_POINT('',(214.976925888,-165.469311831,-0.06));
#8347=VERTEX_POINT('',#8346);
#8348=CARTESIAN_POINT('',(215.136225108,-165.430694481,-0.06));
#8349=DIRECTION('',(-0.971851003,-0.235596322,0.));
#8350=VECTOR('',#8349,0.163913212);
#8351=LINE('',#8348,#8350);
#8352=EDGE_CURVE('',#8323,#8347,#8351,.T.);
#8353=ORIENTED_EDGE('',*,*,#8352,.T.);
#8354=CARTESIAN_POINT('',(214.976925888,-165.469311831,24.94));
#8355=DIRECTION('',(0.,0.,-1.));
#8356=VECTOR('',#8355,25.);
#8357=LINE('',#8354,#8356);
#8358=EDGE_CURVE('',#2639,#8347,#8357,.T.);
#8359=ORIENTED_EDGE('',*,*,#8358,.F.);
#8360=ORIENTED_EDGE('',*,*,#2644,.F.);
#8361=ORIENTED_EDGE('',*,*,#8334,.T.);
#8362=EDGE_LOOP('',(#8353,#8359,#8360,#8361));
#8363=FACE_BOUND('',#8362,.T.);
#8364=ADVANCED_FACE('',(#8363),#8345,.F.);
#8365=CARTESIAN_POINT('',(214.896548068,-165.484764326,12.06));
#8366=DIRECTION('',(0.188791099,-0.982017271,0.));
#8367=DIRECTION('',(0.982017271,0.188791099,0.));
#8368=AXIS2_PLACEMENT_3D('',#8365,#8366,#8367);
#8369=PLANE('',#8368);
#8370=CARTESIAN_POINT('',(214.816170248,-165.500216821,-0.06));
#8371=VERTEX_POINT('',#8370);
#8372=CARTESIAN_POINT('',(214.976925888,-165.469311831,-0.06));
#8373=DIRECTION('',(-0.982017271,-0.188791099,0.));
#8374=VECTOR('',#8373,0.163699402);
#8375=LINE('',#8372,#8374);
#8376=EDGE_CURVE('',#8347,#8371,#8375,.T.);
#8377=ORIENTED_EDGE('',*,*,#8376,.T.);
#8378=CARTESIAN_POINT('',(214.816170248,-165.500216821,24.94));
#8379=DIRECTION('',(0.,0.,-1.));
#8380=VECTOR('',#8379,25.);
#8381=LINE('',#8378,#8380);
#8382=EDGE_CURVE('',#2647,#8371,#8381,.T.);
#8383=ORIENTED_EDGE('',*,*,#8382,.F.);
#8384=ORIENTED_EDGE('',*,*,#2652,.F.);
#8385=ORIENTED_EDGE('',*,*,#8358,.T.);
#8386=EDGE_LOOP('',(#8377,#8383,#8384,#8385));
#8387=FACE_BOUND('',#8386,.T.);
#8388=ADVANCED_FACE('',(#8387),#8369,.F.);
#8389=CARTESIAN_POINT('',(214.735215718,-165.511802531,12.06));
#8390=DIRECTION('',(0.141670334,-0.989913893,0.));
#8391=DIRECTION('',(0.989913893,0.141670334,0.));
#8392=AXIS2_PLACEMENT_3D('',#8389,#8390,#8391);
#8393=PLANE('',#8392);
#8394=CARTESIAN_POINT('',(214.654261188,-165.523388241,-0.06));
#8395=VERTEX_POINT('',#8394);
#8396=CARTESIAN_POINT('',(214.816170248,-165.500216821,-0.06));
#8397=DIRECTION('',(-0.989913893,-0.141670334,0.));
#8398=VECTOR('',#8397,0.163558731);
#8399=LINE('',#8396,#8398);
#8400=EDGE_CURVE('',#8371,#8395,#8399,.T.);
#8401=ORIENTED_EDGE('',*,*,#8400,.T.);
#8402=CARTESIAN_POINT('',(214.654261188,-165.523388241,24.94));
#8403=DIRECTION('',(0.,0.,-1.));
#8404=VECTOR('',#8403,25.);
#8405=LINE('',#8402,#8404);
#8406=EDGE_CURVE('',#2655,#8395,#8405,.T.);
#8407=ORIENTED_EDGE('',*,*,#8406,.F.);
#8408=ORIENTED_EDGE('',*,*,#2660,.F.);
#8409=ORIENTED_EDGE('',*,*,#8382,.T.);
#8410=EDGE_LOOP('',(#8401,#8407,#8408,#8409));
#8411=FACE_BOUND('',#8410,.T.);
#8412=ADVANCED_FACE('',(#8411),#8393,.F.);
#8413=CARTESIAN_POINT('',(214.572880943,-165.531096056,12.06));
#8414=DIRECTION('',(0.094291603,-0.995544622,0.));
#8415=DIRECTION('',(0.995544622,0.094291603,0.));
#8416=AXIS2_PLACEMENT_3D('',#8413,#8414,#8415);
#8417=PLANE('',#8416);
#8418=CARTESIAN_POINT('',(214.491500698,-165.538803871,-0.06));
#8419=VERTEX_POINT('',#8418);
#8420=CARTESIAN_POINT('',(214.654261188,-165.523388241,-0.06));
#8421=DIRECTION('',(-0.995544622,-0.094291603,0.));
#8422=VECTOR('',#8421,0.163488895);
#8423=LINE('',#8420,#8422);
#8424=EDGE_CURVE('',#8395,#8419,#8423,.T.);
#8425=ORIENTED_EDGE('',*,*,#8424,.T.);
#8426=CARTESIAN_POINT('',(214.491500698,-165.538803871,24.94));
#8427=DIRECTION('',(0.,0.,-1.));
#8428=VECTOR('',#8427,25.);
#8429=LINE('',#8426,#8428);
#8430=EDGE_CURVE('',#2663,#8419,#8429,.T.);
#8431=ORIENTED_EDGE('',*,*,#8430,.F.);
#8432=ORIENTED_EDGE('',*,*,#2668,.F.);
#8433=ORIENTED_EDGE('',*,*,#8406,.T.);
#8434=EDGE_LOOP('',(#8425,#8431,#8432,#8433));
#8435=FACE_BOUND('',#8434,.T.);
#8436=ADVANCED_FACE('',(#8435),#8417,.F.);
#8437=CARTESIAN_POINT('',(214.409845228,-165.542623691,12.06));
#8438=DIRECTION('',(0.046728619,-0.998907621,0.));
#8439=DIRECTION('',(0.998907621,0.046728619,0.));
#8440=AXIS2_PLACEMENT_3D('',#8437,#8438,#8439);
#8441=PLANE('',#8440);
#8442=CARTESIAN_POINT('',(214.328189758,-165.546443511,-0.06));
#8443=VERTEX_POINT('',#8442);
#8444=CARTESIAN_POINT('',(214.491500698,-165.538803871,-0.06));
#8445=DIRECTION('',(-0.998907621,-0.046728619,0.));
#8446=VECTOR('',#8445,0.163489532);
#8447=LINE('',#8444,#8446);
#8448=EDGE_CURVE('',#8419,#8443,#8447,.T.);
#8449=ORIENTED_EDGE('',*,*,#8448,.T.);
#8450=CARTESIAN_POINT('',(214.328189758,-165.546443511,24.94));
#8451=DIRECTION('',(0.,0.,-1.));
#8452=VECTOR('',#8451,25.);
#8453=LINE('',#8450,#8452);
#8454=EDGE_CURVE('',#2671,#8443,#8453,.T.);
#8455=ORIENTED_EDGE('',*,*,#8454,.F.);
#8456=ORIENTED_EDGE('',*,*,#2676,.F.);
#8457=ORIENTED_EDGE('',*,*,#8430,.T.);
#8458=EDGE_LOOP('',(#8449,#8455,#8456,#8457));
#8459=FACE_BOUND('',#8458,.T.);
#8460=ADVANCED_FACE('',(#8459),#8441,.F.);
#8461=CARTESIAN_POINT('',(214.246410563,-165.546364226,12.06));
#8462=DIRECTION('',(-0.0009695,-0.99999953,0.));
#8463=DIRECTION('',(0.99999953,-0.0009695,0.));
#8464=AXIS2_PLACEMENT_3D('',#8461,#8462,#8463);
#8465=PLANE('',#8464);
#8466=CARTESIAN_POINT('',(214.164631368,-165.546284941,-0.06));
#8467=VERTEX_POINT('',#8466);
#8468=CARTESIAN_POINT('',(214.328189758,-165.546443511,-0.06));
#8469=DIRECTION('',(-0.99999953,0.0009695,0.));
#8470=VECTOR('',#8469,0.163558467);
#8471=LINE('',#8468,#8470);
#8472=EDGE_CURVE('',#8443,#8467,#8471,.T.);
#8473=ORIENTED_EDGE('',*,*,#8472,.T.);
#8474=CARTESIAN_POINT('',(214.164631368,-165.546284941,24.94));
#8475=DIRECTION('',(0.,0.,-1.));
#8476=VECTOR('',#8475,25.);
#8477=LINE('',#8474,#8476);
#8478=EDGE_CURVE('',#2679,#8467,#8477,.T.);
#8479=ORIENTED_EDGE('',*,*,#8478,.F.);
#8480=ORIENTED_EDGE('',*,*,#2684,.F.);
#8481=ORIENTED_EDGE('',*,*,#8454,.T.);
#8482=EDGE_LOOP('',(#8473,#8479,#8480,#8481));
#8483=FACE_BOUND('',#8482,.T.);
#8484=ADVANCED_FACE('',(#8483),#8465,.F.);
#8485=CARTESIAN_POINT('',(214.082879443,-165.542295946,12.06));
#8486=DIRECTION('',(-0.048735915,-0.998811699,0.));
#8487=DIRECTION('',(0.998811699,-0.048735915,0.));
#8488=AXIS2_PLACEMENT_3D('',#8485,#8486,#8487);
#8489=PLANE('',#8488);
#8490=CARTESIAN_POINT('',(214.001127518,-165.538306951,-0.06));
#8491=VERTEX_POINT('',#8490);
#8492=CARTESIAN_POINT('',(214.164631368,-165.546284941,-0.06));
#8493=DIRECTION('',(-0.998811699,0.048735915,0.));
#8494=VECTOR('',#8493,0.163698373);
#8495=LINE('',#8492,#8494);
#8496=EDGE_CURVE('',#8467,#8491,#8495,.T.);
#8497=ORIENTED_EDGE('',*,*,#8496,.T.);
#8498=CARTESIAN_POINT('',(214.001127518,-165.538306951,24.94));
#8499=DIRECTION('',(0.,0.,-1.));
#8500=VECTOR('',#8499,25.);
#8501=LINE('',#8498,#8500);
#8502=EDGE_CURVE('',#2687,#8491,#8501,.T.);
#8503=ORIENTED_EDGE('',*,*,#8502,.F.);
#8504=ORIENTED_EDGE('',*,*,#2692,.F.);
#8505=ORIENTED_EDGE('',*,*,#8478,.T.);
#8506=EDGE_LOOP('',(#8497,#8503,#8504,#8505));
#8507=FACE_BOUND('',#8506,.T.);
#8508=ADVANCED_FACE('',(#8507),#8489,.F.);
#8509=CARTESIAN_POINT('',(213.919554363,-165.530397136,12.06));
#8510=DIRECTION('',(-0.096513242,-0.995331701,0.));
#8511=DIRECTION('',(0.995331701,-0.096513242,0.));
#8512=AXIS2_PLACEMENT_3D('',#8509,#8510,#8511);
#8513=PLANE('',#8512);
#8514=CARTESIAN_POINT('',(213.837981208,-165.522487321,-0.06));
#8515=VERTEX_POINT('',#8514);
#8516=CARTESIAN_POINT('',(214.001127518,-165.538306951,-0.06));
#8517=DIRECTION('',(-0.995331701,0.096513242,0.));
#8518=VECTOR('',#8517,0.163911498);
#8519=LINE('',#8516,#8518);
#8520=EDGE_CURVE('',#8491,#8515,#8519,.T.);
#8521=ORIENTED_EDGE('',*,*,#8520,.T.);
#8522=CARTESIAN_POINT('',(213.837981208,-165.522487321,24.94));
#8523=DIRECTION('',(0.,0.,-1.));
#8524=VECTOR('',#8523,25.);
#8525=LINE('',#8522,#8524);
#8526=EDGE_CURVE('',#2695,#8515,#8525,.T.);
#8527=ORIENTED_EDGE('',*,*,#8526,.F.);
#8528=ORIENTED_EDGE('',*,*,#2700,.F.);
#8529=ORIENTED_EDGE('',*,*,#8502,.T.);
#8530=EDGE_LOOP('',(#8521,#8527,#8528,#8529));
#8531=FACE_BOUND('',#8530,.T.);
#8532=ADVANCED_FACE('',(#8531),#8513,.F.);
#8533=CARTESIAN_POINT('',(213.756736808,-165.510647091,12.06));
#8534=DIRECTION('',(-0.144212536,-0.989546737,0.));
#8535=DIRECTION('',(0.989546737,-0.144212536,0.));
#8536=AXIS2_PLACEMENT_3D('',#8533,#8534,#8535);
#8537=PLANE('',#8536);
#8538=CARTESIAN_POINT('',(213.675492408,-165.498806861,-0.06));
#8539=VERTEX_POINT('',#8538);
#8540=CARTESIAN_POINT('',(213.837981208,-165.522487321,-0.06));
#8541=DIRECTION('',(-0.989546737,0.144212536,0.));
#8542=VECTOR('',#8541,0.164205281);
#8543=LINE('',#8540,#8542);
#8544=EDGE_CURVE('',#8515,#8539,#8543,.T.);
#8545=ORIENTED_EDGE('',*,*,#8544,.T.);
#8546=CARTESIAN_POINT('',(213.675492408,-165.498806861,24.94));
#8547=DIRECTION('',(0.,0.,-1.));
#8548=VECTOR('',#8547,25.);
#8549=LINE('',#8546,#8548);
#8550=EDGE_CURVE('',#2703,#8539,#8549,.T.);
#8551=ORIENTED_EDGE('',*,*,#8550,.F.);
#8552=ORIENTED_EDGE('',*,*,#2708,.F.);
#8553=ORIENTED_EDGE('',*,*,#8526,.T.);
#8554=EDGE_LOOP('',(#8545,#8551,#8552,#8553));
#8555=FACE_BOUND('',#8554,.T.);
#8556=ADVANCED_FACE('',(#8555),#8537,.F.);
#8557=CARTESIAN_POINT('',(213.594728263,-165.483024601,12.06));
#8558=DIRECTION('',(-0.191784306,-0.981437099,0.));
#8559=DIRECTION('',(0.981437099,-0.191784306,0.));
#8560=AXIS2_PLACEMENT_3D('',#8557,#8558,#8559);
#8561=PLANE('',#8560);
#8562=CARTESIAN_POINT('',(213.513964118,-165.467242341,-0.06));
#8563=VERTEX_POINT('',#8562);
#8564=CARTESIAN_POINT('',(213.675492408,-165.498806861,-0.06));
#8565=DIRECTION('',(-0.981437099,0.191784306,0.));
#8566=VECTOR('',#8565,0.164583436);
#8567=LINE('',#8564,#8566);
#8568=EDGE_CURVE('',#8539,#8563,#8567,.T.);
#8569=ORIENTED_EDGE('',*,*,#8568,.T.);
#8570=CARTESIAN_POINT('',(213.513964118,-165.467242341,24.94));
#8571=DIRECTION('',(0.,0.,-1.));
#8572=VECTOR('',#8571,25.);
#8573=LINE('',#8570,#8572);
#8574=EDGE_CURVE('',#2711,#8563,#8573,.T.);
#8575=ORIENTED_EDGE('',*,*,#8574,.F.);
#8576=ORIENTED_EDGE('',*,*,#2716,.F.);
#8577=ORIENTED_EDGE('',*,*,#8550,.T.);
#8578=EDGE_LOOP('',(#8569,#8575,#8576,#8577));
#8579=FACE_BOUND('',#8578,.T.);
#8580=ADVANCED_FACE('',(#8579),#8561,.F.);
#8581=CARTESIAN_POINT('',(213.433831223,-165.447507951,12.06));
#8582=DIRECTION('',(-0.239126094,-0.970988523,0.));
#8583=DIRECTION('',(0.970988523,-0.239126094,0.));
#8584=AXIS2_PLACEMENT_3D('',#8581,#8582,#8583);
#8585=PLANE('',#8584);
#8586=CARTESIAN_POINT('',(213.353698328,-165.427773561,-0.06));
#8587=VERTEX_POINT('',#8586);
#8588=CARTESIAN_POINT('',(213.513964118,-165.467242341,-0.06));
#8589=DIRECTION('',(-0.970988523,0.239126094,0.));
#8590=VECTOR('',#8589,0.165054258);
#8591=LINE('',#8588,#8590);
#8592=EDGE_CURVE('',#8563,#8587,#8591,.T.);
#8593=ORIENTED_EDGE('',*,*,#8592,.T.);
#8594=CARTESIAN_POINT('',(213.353698328,-165.427773561,24.94));
#8595=DIRECTION('',(0.,0.,-1.));
#8596=VECTOR('',#8595,25.);
#8597=LINE('',#8594,#8596);
#8598=EDGE_CURVE('',#2719,#8587,#8597,.T.);
#8599=ORIENTED_EDGE('',*,*,#8598,.F.);
#8600=ORIENTED_EDGE('',*,*,#2724,.F.);
#8601=ORIENTED_EDGE('',*,*,#8574,.T.);
#8602=EDGE_LOOP('',(#8593,#8599,#8600,#8601));
#8603=FACE_BOUND('',#8602,.T.);
#8604=ADVANCED_FACE('',(#8603),#8585,.F.);
#8605=CARTESIAN_POINT('',(213.274347678,-165.404075426,12.06));
#8606=DIRECTION('',(-0.286161629,-0.958181362,0.));
#8607=DIRECTION('',(0.958181362,-0.286161629,0.));
#8608=AXIS2_PLACEMENT_3D('',#8605,#8606,#8607);
#8609=PLANE('',#8608);
#8610=CARTESIAN_POINT('',(213.194997028,-165.380377291,-0.06));
#8611=VERTEX_POINT('',#8610);
#8612=CARTESIAN_POINT('',(213.353698328,-165.427773561,-0.06));
#8613=DIRECTION('',(-0.958181362,0.286161629,0.));
#8614=VECTOR('',#8613,0.165627622);
#8615=LINE('',#8612,#8614);
#8616=EDGE_CURVE('',#8587,#8611,#8615,.T.);
#8617=ORIENTED_EDGE('',*,*,#8616,.T.);
#8618=CARTESIAN_POINT('',(213.194997028,-165.380377291,24.94));
#8619=DIRECTION('',(0.,0.,-1.));
#8620=VECTOR('',#8619,25.);
#8621=LINE('',#8618,#8620);
#8622=EDGE_CURVE('',#2727,#8611,#8621,.T.);
#8623=ORIENTED_EDGE('',*,*,#8622,.F.);
#8624=ORIENTED_EDGE('',*,*,#2732,.F.);
#8625=ORIENTED_EDGE('',*,*,#8598,.T.);
#8626=EDGE_LOOP('',(#8617,#8623,#8624,#8625));
#8627=FACE_BOUND('',#8626,.T.);
#8628=ADVANCED_FACE('',(#8627),#8609,.F.);
#8629=CARTESIAN_POINT('',(213.116580123,-165.352705816,12.06));
#8630=DIRECTION('',(-0.332765797,-0.943009504,0.));
#8631=DIRECTION('',(0.943009504,-0.332765797,0.));
#8632=AXIS2_PLACEMENT_3D('',#8629,#8630,#8631);
#8633=PLANE('',#8632);
#8634=CARTESIAN_POINT('',(213.038163218,-165.325034341,-0.06));
#8635=VERTEX_POINT('',#8634);
#8636=CARTESIAN_POINT('',(213.194997028,-165.380377291,-0.06));
#8637=DIRECTION('',(-0.943009504,0.332765797,0.));
#8638=VECTOR('',#8637,0.166312014);
#8639=LINE('',#8636,#8638);
#8640=EDGE_CURVE('',#8611,#8635,#8639,.T.);
#8641=ORIENTED_EDGE('',*,*,#8640,.T.);
#8642=CARTESIAN_POINT('',(213.038163218,-165.325034341,24.94));
#8643=DIRECTION('',(0.,0.,-1.));
#8644=VECTOR('',#8643,25.);
#8645=LINE('',#8642,#8644);
#8646=EDGE_CURVE('',#2735,#8635,#8645,.T.);
#8647=ORIENTED_EDGE('',*,*,#8646,.F.);
#8648=ORIENTED_EDGE('',*,*,#2740,.F.);
#8649=ORIENTED_EDGE('',*,*,#8622,.T.);
#8650=EDGE_LOOP('',(#8641,#8647,#8648,#8649));
#8651=FACE_BOUND('',#8650,.T.);
#8652=ADVANCED_FACE('',(#8651),#8633,.F.);
#8653=CARTESIAN_POINT('',(212.960830043,-165.293378416,12.06));
#8654=DIRECTION('',(-0.378834036,-0.925464626,0.));
#8655=DIRECTION('',(0.925464626,-0.378834036,0.));
#8656=AXIS2_PLACEMENT_3D('',#8653,#8654,#8655);
#8657=PLANE('',#8656);
#8658=CARTESIAN_POINT('',(212.883496868,-165.261722491,-0.06));
#8659=VERTEX_POINT('',#8658);
#8660=CARTESIAN_POINT('',(213.038163218,-165.325034341,-0.06));
#8661=DIRECTION('',(-0.925464626,0.378834036,0.));
#8662=VECTOR('',#8661,0.167122919);
#8663=LINE('',#8660,#8662);
#8664=EDGE_CURVE('',#8635,#8659,#8663,.T.);
#8665=ORIENTED_EDGE('',*,*,#8664,.T.);
#8666=CARTESIAN_POINT('',(212.883496868,-165.261722491,24.94));
#8667=DIRECTION('',(0.,0.,-1.));
#8668=VECTOR('',#8667,25.);
#8669=LINE('',#8666,#8668);
#8670=EDGE_CURVE('',#2743,#8659,#8669,.T.);
#8671=ORIENTED_EDGE('',*,*,#8670,.F.);
#8672=ORIENTED_EDGE('',*,*,#2748,.F.);
#8673=ORIENTED_EDGE('',*,*,#8646,.T.);
#8674=EDGE_LOOP('',(#8665,#8671,#8672,#8673));
#8675=FACE_BOUND('',#8674,.T.);
#8676=ADVANCED_FACE('',(#8675),#8657,.F.);
#8677=CARTESIAN_POINT('',(212.879673513,-165.259931256,12.06));
#8678=DIRECTION('',(-0.424246939,-0.905546539,0.));
#8679=DIRECTION('',(0.905546539,-0.424246939,0.));
#8680=AXIS2_PLACEMENT_3D('',#8677,#8678,#8679);
#8681=PLANE('',#8680);
#8682=CARTESIAN_POINT('',(212.875850158,-165.258140021,-0.06));
#8683=VERTEX_POINT('',#8682);
#8684=CARTESIAN_POINT('',(212.883496868,-165.261722491,-0.06));
#8685=DIRECTION('',(-0.905546539,0.424246939,0.));
#8686=VECTOR('',#8685,0.008444304);
#8687=LINE('',#8684,#8686);
#8688=EDGE_CURVE('',#8659,#8683,#8687,.T.);
#8689=ORIENTED_EDGE('',*,*,#8688,.T.);
#8690=CARTESIAN_POINT('',(212.875850158,-165.258140021,24.94));
#8691=DIRECTION('',(0.,0.,-1.));
#8692=VECTOR('',#8691,25.);
#8693=LINE('',#8690,#8692);
#8694=EDGE_CURVE('',#2751,#8683,#8693,.T.);
#8695=ORIENTED_EDGE('',*,*,#8694,.F.);
#8696=ORIENTED_EDGE('',*,*,#2756,.F.);
#8697=ORIENTED_EDGE('',*,*,#8670,.T.);
#8698=EDGE_LOOP('',(#8689,#8695,#8696,#8697));
#8699=FACE_BOUND('',#8698,.T.);
#8700=ADVANCED_FACE('',(#8699),#8681,.F.);
#8701=CARTESIAN_POINT('',(211.972888443,-166.200171061,12.06));
#8702=DIRECTION('',(0.72191854,-0.69197805,0.));
#8703=DIRECTION('',(0.69197805,0.72191854,0.));
#8704=AXIS2_PLACEMENT_3D('',#8701,#8702,#8703);
#8705=PLANE('',#8704);
#8706=CARTESIAN_POINT('',(211.069926728,-167.142202101,-0.06));
#8707=VERTEX_POINT('',#8706);
#8708=CARTESIAN_POINT('',(212.875850158,-165.258140021,-0.06));
#8709=DIRECTION('',(-0.69197805,-0.72191854,0.));
#8710=VECTOR('',#8709,2.60979872);
#8711=LINE('',#8708,#8710);
#8712=EDGE_CURVE('',#8683,#8707,#8711,.T.);
#8713=ORIENTED_EDGE('',*,*,#8712,.T.);
#8714=CARTESIAN_POINT('',(211.069926728,-167.142202101,24.94));
#8715=DIRECTION('',(0.,0.,-1.));
#8716=VECTOR('',#8715,25.);
#8717=LINE('',#8714,#8716);
#8718=EDGE_CURVE('',#2759,#8707,#8717,.T.);
#8719=ORIENTED_EDGE('',*,*,#8718,.F.);
#8720=ORIENTED_EDGE('',*,*,#2764,.F.);
#8721=ORIENTED_EDGE('',*,*,#8694,.T.);
#8722=EDGE_LOOP('',(#8713,#8719,#8720,#8721));
#8723=FACE_BOUND('',#8722,.T.);
#8724=ADVANCED_FACE('',(#8723),#8705,.F.);
#8725=CARTESIAN_POINT('',(209.366772818,-168.736346711,12.06));
#8726=DIRECTION('',(0.683356356,-0.730084989,0.));
#8727=DIRECTION('',(0.730084989,0.683356356,0.));
#8728=AXIS2_PLACEMENT_3D('',#8725,#8726,#8727);
#8729=PLANE('',#8728);
#8730=CARTESIAN_POINT('',(207.663618908,-170.330491321,-0.06));
#8731=VERTEX_POINT('',#8730);
#8732=CARTESIAN_POINT('',(211.069926728,-167.142202101,-0.06));
#8733=DIRECTION('',(-0.730084989,-0.683356356,0.));
#8734=VECTOR('',#8733,4.66563191);
#8735=LINE('',#8732,#8734);
#8736=EDGE_CURVE('',#8707,#8731,#8735,.T.);
#8737=ORIENTED_EDGE('',*,*,#8736,.T.);
#8738=CARTESIAN_POINT('',(207.663618908,-170.330491321,24.94));
#8739=DIRECTION('',(0.,0.,-1.));
#8740=VECTOR('',#8739,25.);
#8741=LINE('',#8738,#8740);
#8742=EDGE_CURVE('',#2767,#8731,#8741,.T.);
#8743=ORIENTED_EDGE('',*,*,#8742,.F.);
#8744=ORIENTED_EDGE('',*,*,#2772,.F.);
#8745=ORIENTED_EDGE('',*,*,#8718,.T.);
#8746=EDGE_LOOP('',(#8737,#8743,#8744,#8745));
#8747=FACE_BOUND('',#8746,.T.);
#8748=ADVANCED_FACE('',(#8747),#8729,.F.);
#8749=CARTESIAN_POINT('',(205.903025793,-171.805185251,12.06));
#8750=DIRECTION('',(0.642118137,-0.766605699,0.));
#8751=DIRECTION('',(0.766605699,0.642118137,0.));
#8752=AXIS2_PLACEMENT_3D('',#8749,#8750,#8751);
#8753=PLANE('',#8752);
#8754=CARTESIAN_POINT('',(204.142432678,-173.279879181,-0.06));
#8755=VERTEX_POINT('',#8754);
#8756=CARTESIAN_POINT('',(207.663618908,-170.330491321,-0.06));
#8757=DIRECTION('',(-0.766605699,-0.642118137,0.));
#8758=VECTOR('',#8757,4.59321687);
#8759=LINE('',#8756,#8758);
#8760=EDGE_CURVE('',#8731,#8755,#8759,.T.);
#8761=ORIENTED_EDGE('',*,*,#8760,.T.);
#8762=CARTESIAN_POINT('',(204.142432678,-173.279879181,24.94));
#8763=DIRECTION('',(0.,0.,-1.));
#8764=VECTOR('',#8763,25.);
#8765=LINE('',#8762,#8764);
#8766=EDGE_CURVE('',#2775,#8755,#8765,.T.);
#8767=ORIENTED_EDGE('',*,*,#8766,.F.);
#8768=ORIENTED_EDGE('',*,*,#2780,.F.);
#8769=ORIENTED_EDGE('',*,*,#8742,.T.);
#8770=EDGE_LOOP('',(#8761,#8767,#8768,#8769));
#8771=FACE_BOUND('',#8770,.T.);
#8772=ADVANCED_FACE('',(#8771),#8753,.F.);
#8773=CARTESIAN_POINT('',(202.334125648,-174.628301901,12.06));
#8774=DIRECTION('',(0.597782504,-0.80165833,0.));
#8775=DIRECTION('',(0.80165833,0.597782504,0.));
#8776=AXIS2_PLACEMENT_3D('',#8773,#8774,#8775);
#8777=PLANE('',#8776);
#8778=CARTESIAN_POINT('',(200.525818618,-175.976724621,-0.06));
#8779=VERTEX_POINT('',#8778);
#8780=CARTESIAN_POINT('',(204.142432678,-173.279879181,-0.06));
#8781=DIRECTION('',(-0.80165833,-0.597782504,0.));
#8782=VECTOR('',#8781,4.511415807);
#8783=LINE('',#8780,#8782);
#8784=EDGE_CURVE('',#8755,#8779,#8783,.T.);
#8785=ORIENTED_EDGE('',*,*,#8784,.T.);
#8786=CARTESIAN_POINT('',(200.525818618,-175.976724621,24.94));
#8787=DIRECTION('',(0.,0.,-1.));
#8788=VECTOR('',#8787,25.);
#8789=LINE('',#8786,#8788);
#8790=EDGE_CURVE('',#2783,#8779,#8789,.T.);
#8791=ORIENTED_EDGE('',*,*,#8790,.F.);
#8792=ORIENTED_EDGE('',*,*,#2788,.F.);
#8793=ORIENTED_EDGE('',*,*,#8766,.T.);
#8794=EDGE_LOOP('',(#8785,#8791,#8792,#8793));
#8795=FACE_BOUND('',#8794,.T.);
#8796=ADVANCED_FACE('',(#8795),#8777,.F.);
#8797=CARTESIAN_POINT('',(198.679522963,-177.192054086,12.06));
#8798=DIRECTION('',(0.549825278,-0.835279692,0.));
#8799=DIRECTION('',(0.835279692,0.549825278,0.));
#8800=AXIS2_PLACEMENT_3D('',#8797,#8798,#8799);
#8801=PLANE('',#8800);
#8802=CARTESIAN_POINT('',(196.833227308,-178.407383551,-0.06));
#8803=VERTEX_POINT('',#8802);
#8804=CARTESIAN_POINT('',(200.525818618,-175.976724621,-0.06));
#8805=DIRECTION('',(-0.835279692,-0.549825278,0.));
#8806=VECTOR('',#8805,4.420784254);
#8807=LINE('',#8804,#8806);
#8808=EDGE_CURVE('',#8779,#8803,#8807,.T.);
#8809=ORIENTED_EDGE('',*,*,#8808,.T.);
#8810=CARTESIAN_POINT('',(196.833227308,-178.407383551,24.94));
#8811=DIRECTION('',(0.,0.,-1.));
#8812=VECTOR('',#8811,25.);
#8813=LINE('',#8810,#8812);
#8814=EDGE_CURVE('',#2791,#8803,#8813,.T.);
#8815=ORIENTED_EDGE('',*,*,#8814,.F.);
#8816=ORIENTED_EDGE('',*,*,#2796,.F.);
#8817=ORIENTED_EDGE('',*,*,#8790,.T.);
#8818=EDGE_LOOP('',(#8809,#8815,#8816,#8817));
#8819=FACE_BOUND('',#8818,.T.);
#8820=ADVANCED_FACE('',(#8819),#8801,.F.);
#8821=CARTESIAN_POINT('',(194.958668318,-179.482799736,12.06));
#8822=DIRECTION('',(0.497617083,-0.867396817,0.));
#8823=DIRECTION('',(0.867396817,0.497617083,0.));
#8824=AXIS2_PLACEMENT_3D('',#8821,#8822,#8823);
#8825=PLANE('',#8824);
#8826=CARTESIAN_POINT('',(193.084109328,-180.558215921,-0.06));
#8827=VERTEX_POINT('',#8826);
#8828=CARTESIAN_POINT('',(196.833227308,-178.407383551,-0.06));
#8829=DIRECTION('',(-0.867396817,-0.497617083,0.));
#8830=VECTOR('',#8829,4.322263934);
#8831=LINE('',#8828,#8830);
#8832=EDGE_CURVE('',#8803,#8827,#8831,.T.);
#8833=ORIENTED_EDGE('',*,*,#8832,.T.);
#8834=CARTESIAN_POINT('',(193.084109328,-180.558215921,24.94));
#8835=DIRECTION('',(0.,0.,-1.));
#8836=VECTOR('',#8835,25.);
#8837=LINE('',#8834,#8836);
#8838=EDGE_CURVE('',#2799,#8827,#8837,.T.);
#8839=ORIENTED_EDGE('',*,*,#8838,.F.);
#8840=ORIENTED_EDGE('',*,*,#2804,.F.);
#8841=ORIENTED_EDGE('',*,*,#8814,.T.);
#8842=EDGE_LOOP('',(#8833,#8839,#8840,#8841));
#8843=FACE_BOUND('',#8842,.T.);
#8844=ADVANCED_FACE('',(#8843),#8825,.F.);
#8845=CARTESIAN_POINT('',(191.191011788,-181.486897791,12.06));
#8846=DIRECTION('',(0.440422131,-0.897790815,0.));
#8847=DIRECTION('',(0.897790815,0.440422131,0.));
#8848=AXIS2_PLACEMENT_3D('',#8845,#8846,#8847);
#8849=PLANE('',#8848);
#8850=CARTESIAN_POINT('',(189.297914248,-182.415579661,-0.06));
#8851=VERTEX_POINT('',#8850);
#8852=CARTESIAN_POINT('',(193.084109328,-180.558215921,-0.06));
#8853=DIRECTION('',(-0.897790815,-0.440422131,0.));
#8854=VECTOR('',#8853,4.217235261);
#8855=LINE('',#8852,#8854);
#8856=EDGE_CURVE('',#8827,#8851,#8855,.T.);
#8857=ORIENTED_EDGE('',*,*,#8856,.T.);
#8858=CARTESIAN_POINT('',(189.297914248,-182.415579661,24.94));
#8859=DIRECTION('',(0.,0.,-1.));
#8860=VECTOR('',#8859,25.);
#8861=LINE('',#8858,#8860);
#8862=EDGE_CURVE('',#2807,#8851,#8861,.T.);
#8863=ORIENTED_EDGE('',*,*,#8862,.F.);
#8864=ORIENTED_EDGE('',*,*,#2812,.F.);
#8865=ORIENTED_EDGE('',*,*,#8838,.T.);
#8866=EDGE_LOOP('',(#8857,#8863,#8864,#8865));
#8867=FACE_BOUND('',#8866,.T.);
#8868=ADVANCED_FACE('',(#8867),#8849,.F.);
#8869=CARTESIAN_POINT('',(187.396003448,-183.190705171,12.06));
#8870=DIRECTION('',(0.377410871,-0.926045914,0.));
#8871=DIRECTION('',(0.926045914,0.377410871,0.));
#8872=AXIS2_PLACEMENT_3D('',#8869,#8870,#8871);
#8873=PLANE('',#8872);
#8874=CARTESIAN_POINT('',(185.494092648,-183.965830681,-0.06));
#8875=VERTEX_POINT('',#8874);
#8876=CARTESIAN_POINT('',(189.297914248,-182.415579661,-0.06));
#8877=DIRECTION('',(-0.926045914,-0.377410871,0.));
#8878=VECTOR('',#8877,4.107595037);
#8879=LINE('',#8876,#8878);
#8880=EDGE_CURVE('',#8851,#8875,#8879,.T.);
#8881=ORIENTED_EDGE('',*,*,#8880,.T.);
#8882=CARTESIAN_POINT('',(185.494092648,-183.965830681,24.94));
#8883=DIRECTION('',(0.,0.,-1.));
#8884=VECTOR('',#8883,25.);
#8885=LINE('',#8882,#8884);
#8886=EDGE_CURVE('',#2815,#8875,#8885,.T.);
#8887=ORIENTED_EDGE('',*,*,#8886,.F.);
#8888=ORIENTED_EDGE('',*,*,#2820,.F.);
#8889=ORIENTED_EDGE('',*,*,#8862,.T.);
#8890=EDGE_LOOP('',(#8881,#8887,#8888,#8889));
#8891=FACE_BOUND('',#8890,.T.);
#8892=ADVANCED_FACE('',(#8891),#8873,.F.);
#8893=CARTESIAN_POINT('',(183.593094383,-184.580580311,12.06));
#8894=DIRECTION('',(0.30769377,-0.951485441,0.));
#8895=DIRECTION('',(0.951485441,0.30769377,0.));
#8896=AXIS2_PLACEMENT_3D('',#8893,#8894,#8895);
#8897=PLANE('',#8896);
#8898=CARTESIAN_POINT('',(181.692096118,-185.195329941,-0.06));
#8899=VERTEX_POINT('',#8898);
#8900=CARTESIAN_POINT('',(185.494092648,-183.965830681,-0.06));
#8901=DIRECTION('',(-0.951485441,-0.30769377,0.));
#8902=VECTOR('',#8901,3.995853606);
#8903=LINE('',#8900,#8902);
#8904=EDGE_CURVE('',#8875,#8899,#8903,.T.);
#8905=ORIENTED_EDGE('',*,*,#8904,.T.);
#8906=CARTESIAN_POINT('',(181.692096118,-185.195329941,24.94));
#8907=DIRECTION('',(0.,0.,-1.));
#8908=VECTOR('',#8907,25.);
#8909=LINE('',#8906,#8908);
#8910=EDGE_CURVE('',#2823,#8899,#8909,.T.);
#8911=ORIENTED_EDGE('',*,*,#8910,.F.);
#8912=ORIENTED_EDGE('',*,*,#2828,.F.);
#8913=ORIENTED_EDGE('',*,*,#8886,.T.);
#8914=EDGE_LOOP('',(#8905,#8911,#8912,#8913));
#8915=FACE_BOUND('',#8914,.T.);
#8916=ADVANCED_FACE('',(#8915),#8897,.F.);
#8917=CARTESIAN_POINT('',(180.744978213,-185.440431691,12.06));
#8918=DIRECTION('',(0.250533682,-0.968107883,0.));
#8919=DIRECTION('',(0.968107883,0.250533682,0.));
#8920=AXIS2_PLACEMENT_3D('',#8917,#8918,#8919);
#8921=PLANE('',#8920);
#8922=CARTESIAN_POINT('',(181.692096118,-185.195329941,-0.06));
#8923=DIRECTION('',(-0.968107883,-0.250533682,0.));
#8924=VECTOR('',#8923,1.956637109);
#8925=LINE('',#8922,#8924);
#8926=EDGE_CURVE('',#8899,#2862,#8925,.T.);
#8927=ORIENTED_EDGE('',*,*,#8926,.T.);
#8928=ORIENTED_EDGE('',*,*,#2867,.F.);
#8929=ORIENTED_EDGE('',*,*,#2836,.F.);
#8930=ORIENTED_EDGE('',*,*,#8910,.T.);
#8931=EDGE_LOOP('',(#8927,#8928,#8929,#8930));
#8932=FACE_BOUND('',#8931,.T.);
#8933=ADVANCED_FACE('',(#8932),#8921,.F.);
#8934=CARTESIAN_POINT('',(148.898962628,-183.788028766,12.06));
#8935=DIRECTION('',(-0.276236796,-0.961089607,0.));
#8936=DIRECTION('',(0.961089607,-0.276236796,0.));
#8937=AXIS2_PLACEMENT_3D('',#8934,#8935,#8936);
#8938=PLANE('',#8937);
#8939=CARTESIAN_POINT('',(147.872233998,-183.492925973,24.94));
#8940=VERTEX_POINT('',#8939);
#8941=CARTESIAN_POINT('',(147.816113348,-183.476795751,24.94));
#8942=VERTEX_POINT('',#8941);
#8943=CARTESIAN_POINT('',(147.872233998,-183.492925973,24.94));
#8944=DIRECTION('',(-0.961089607,0.276236796,0.));
#8945=VECTOR('',#8944,0.058392734);
#8946=LINE('',#8943,#8945);
#8947=EDGE_CURVE('',#8940,#8942,#8946,.T.);
#8948=ORIENTED_EDGE('',*,*,#8947,.F.);
#8949=CARTESIAN_POINT('',(147.872233998,-183.492925973,-0.06));
#8950=VERTEX_POINT('',#8949);
#8951=CARTESIAN_POINT('',(147.872233998,-183.492925973,24.94));
#8952=DIRECTION('',(0.,0.,-1.));
#8953=VECTOR('',#8952,25.);
#8954=LINE('',#8951,#8953);
#8955=EDGE_CURVE('',#8940,#8950,#8954,.T.);
#8956=ORIENTED_EDGE('',*,*,#8955,.T.);
#8957=CARTESIAN_POINT('',(147.816113348,-183.476795751,-0.06));
#8958=VERTEX_POINT('',#8957);
#8959=CARTESIAN_POINT('',(147.872233998,-183.492925973,-0.06));
#8960=DIRECTION('',(-0.961089607,0.276236796,0.));
#8961=VECTOR('',#8960,0.058392734);
#8962=LINE('',#8959,#8961);
#8963=EDGE_CURVE('',#8950,#8958,#8962,.T.);
#8964=ORIENTED_EDGE('',*,*,#8963,.T.);
#8965=CARTESIAN_POINT('',(147.816113348,-183.476795751,24.94));
#8966=DIRECTION('',(0.,0.,-1.));
#8967=VECTOR('',#8966,25.);
#8968=LINE('',#8965,#8967);
#8969=EDGE_CURVE('',#8942,#8958,#8968,.T.);
#8970=ORIENTED_EDGE('',*,*,#8969,.F.);
#8971=EDGE_LOOP('',(#8948,#8956,#8964,#8970));
#8972=FACE_BOUND('',#8971,.T.);
#8973=ADVANCED_FACE('',(#8972),#8938,.F.);
#8974=CARTESIAN_POINT('',(146.746385483,-183.135384441,12.06));
#8975=DIRECTION('',(-0.304047286,-0.952656941,0.));
#8976=DIRECTION('',(0.952656941,-0.304047286,0.));
#8977=AXIS2_PLACEMENT_3D('',#8974,#8975,#8976);
#8978=PLANE('',#8977);
#8979=CARTESIAN_POINT('',(145.676657618,-182.793973131,-0.06));
#8980=VERTEX_POINT('',#8979);
#8981=CARTESIAN_POINT('',(147.816113348,-183.476795751,-0.06));
#8982=DIRECTION('',(-0.952656941,0.304047286,0.));
#8983=VECTOR('',#8982,2.245777716);
#8984=LINE('',#8981,#8983);
#8985=EDGE_CURVE('',#8958,#8980,#8984,.T.);
#8986=ORIENTED_EDGE('',*,*,#8985,.T.);
#8987=CARTESIAN_POINT('',(145.676657618,-182.793973131,24.94));
#8988=VERTEX_POINT('',#8987);
#8989=CARTESIAN_POINT('',(145.676657618,-182.793973131,24.94));
#8990=DIRECTION('',(0.,0.,-1.));
#8991=VECTOR('',#8990,25.);
#8992=LINE('',#8989,#8991);
#8993=EDGE_CURVE('',#8988,#8980,#8992,.T.);
#8994=ORIENTED_EDGE('',*,*,#8993,.F.);
#8995=CARTESIAN_POINT('',(147.816113348,-183.476795751,24.94));
#8996=DIRECTION('',(-0.952656941,0.304047286,0.));
#8997=VECTOR('',#8996,2.245777716);
#8998=LINE('',#8995,#8997);
#8999=EDGE_CURVE('',#8942,#8988,#8998,.T.);
#9000=ORIENTED_EDGE('',*,*,#8999,.F.);
#9001=ORIENTED_EDGE('',*,*,#8969,.T.);
#9002=EDGE_LOOP('',(#8986,#8994,#9000,#9001));
#9003=FACE_BOUND('',#9002,.T.);
#9004=ADVANCED_FACE('',(#9003),#8978,.F.);
#9005=CARTESIAN_POINT('',(144.620542533,-182.422874386,12.06));
#9006=DIRECTION('',(-0.33151087,-0.9434514,0.));
#9007=DIRECTION('',(0.9434514,-0.33151087,0.));
#9008=AXIS2_PLACEMENT_3D('',#9005,#9006,#9007);
#9009=PLANE('',#9008);
#9010=CARTESIAN_POINT('',(143.564427448,-182.051775641,-0.06));
#9011=VERTEX_POINT('',#9010);
#9012=CARTESIAN_POINT('',(145.676657618,-182.793973131,-0.06));
#9013=DIRECTION('',(-0.9434514,0.33151087,0.));
#9014=VECTOR('',#9013,2.238833045);
#9015=LINE('',#9012,#9014);
#9016=EDGE_CURVE('',#8980,#9011,#9015,.T.);
#9017=ORIENTED_EDGE('',*,*,#9016,.T.);
#9018=CARTESIAN_POINT('',(143.564427448,-182.051775641,24.94));
#9019=VERTEX_POINT('',#9018);
#9020=CARTESIAN_POINT('',(143.564427448,-182.051775641,24.94));
#9021=DIRECTION('',(0.,0.,-1.));
#9022=VECTOR('',#9021,25.);
#9023=LINE('',#9020,#9022);
#9024=EDGE_CURVE('',#9019,#9011,#9023,.T.);
#9025=ORIENTED_EDGE('',*,*,#9024,.F.);
#9026=CARTESIAN_POINT('',(145.676657618,-182.793973131,24.94));
#9027=DIRECTION('',(-0.9434514,0.33151087,0.));
#9028=VECTOR('',#9027,2.238833045);
#9029=LINE('',#9026,#9028);
#9030=EDGE_CURVE('',#8988,#9019,#9029,.T.);
#9031=ORIENTED_EDGE('',*,*,#9030,.F.);
#9032=ORIENTED_EDGE('',*,*,#8993,.T.);
#9033=EDGE_LOOP('',(#9017,#9025,#9031,#9032));
#9034=FACE_BOUND('',#9033,.T.);
#9035=ADVANCED_FACE('',(#9034),#9009,.F.);
#9036=CARTESIAN_POINT('',(142.522418528,-181.651482846,12.06));
#9037=DIRECTION('',(-0.358604558,-0.933489567,0.));
#9038=DIRECTION('',(0.933489567,-0.358604558,0.));
#9039=AXIS2_PLACEMENT_3D('',#9036,#9037,#9038);
#9040=PLANE('',#9039);
#9041=CARTESIAN_POINT('',(141.480409608,-181.251190051,-0.06));
#9042=VERTEX_POINT('',#9041);
#9043=CARTESIAN_POINT('',(143.564427448,-182.051775641,-0.06));
#9044=DIRECTION('',(-0.933489567,0.358604558,0.));
#9045=VECTOR('',#9044,2.232502552);
#9046=LINE('',#9043,#9045);
#9047=EDGE_CURVE('',#9011,#9042,#9046,.T.);
#9048=ORIENTED_EDGE('',*,*,#9047,.T.);
#9049=CARTESIAN_POINT('',(141.480409608,-181.251190051,24.94));
#9050=VERTEX_POINT('',#9049);
#9051=CARTESIAN_POINT('',(141.480409608,-181.251190051,24.94));
#9052=DIRECTION('',(0.,0.,-1.));
#9053=VECTOR('',#9052,25.);
#9054=LINE('',#9051,#9053);
#9055=EDGE_CURVE('',#9050,#9042,#9054,.T.);
#9056=ORIENTED_EDGE('',*,*,#9055,.F.);
#9057=CARTESIAN_POINT('',(143.564427448,-182.051775641,24.94));
#9058=DIRECTION('',(-0.933489567,0.358604558,0.));
#9059=VECTOR('',#9058,2.232502552);
#9060=LINE('',#9057,#9059);
#9061=EDGE_CURVE('',#9019,#9050,#9060,.T.);
#9062=ORIENTED_EDGE('',*,*,#9061,.F.);
#9063=ORIENTED_EDGE('',*,*,#9024,.T.);
#9064=EDGE_LOOP('',(#9048,#9056,#9062,#9063));
#9065=FACE_BOUND('',#9064,.T.);
#9066=ADVANCED_FACE('',(#9065),#9040,.F.);
#9067=CARTESIAN_POINT('',(140.452998723,-180.822195076,12.06));
#9068=DIRECTION('',(-0.385309487,-0.922787407,0.));
#9069=DIRECTION('',(0.922787407,-0.385309487,0.));
#9070=AXIS2_PLACEMENT_3D('',#9067,#9068,#9069);
#9071=PLANE('',#9070);
#9072=CARTESIAN_POINT('',(139.425587838,-180.393200101,-0.06));
#9073=VERTEX_POINT('',#9072);
#9074=CARTESIAN_POINT('',(141.480409608,-181.251190051,-0.06));
#9075=DIRECTION('',(-0.922787407,0.385309487,0.));
#9076=VECTOR('',#9075,2.226755321);
#9077=LINE('',#9074,#9076);
#9078=EDGE_CURVE('',#9042,#9073,#9077,.T.);
#9079=ORIENTED_EDGE('',*,*,#9078,.T.);
#9080=CARTESIAN_POINT('',(139.425587838,-180.393200101,24.94));
#9081=VERTEX_POINT('',#9080);
#9082=CARTESIAN_POINT('',(139.425587838,-180.393200101,24.94));
#9083=DIRECTION('',(0.,0.,-1.));
#9084=VECTOR('',#9083,25.);
#9085=LINE('',#9082,#9084);
#9086=EDGE_CURVE('',#9081,#9073,#9085,.T.);
#9087=ORIENTED_EDGE('',*,*,#9086,.F.);
#9088=CARTESIAN_POINT('',(141.480409608,-181.251190051,24.94));
#9089=DIRECTION('',(-0.922787407,0.385309487,0.));
#9090=VECTOR('',#9089,2.226755321);
#9091=LINE('',#9088,#9090);
#9092=EDGE_CURVE('',#9050,#9081,#9091,.T.);
#9093=ORIENTED_EDGE('',*,*,#9092,.F.);
#9094=ORIENTED_EDGE('',*,*,#9055,.T.);
#9095=EDGE_LOOP('',(#9079,#9087,#9093,#9094));
#9096=FACE_BOUND('',#9095,.T.);
#9097=ADVANCED_FACE('',(#9096),#9071,.F.);
#9098=CARTESIAN_POINT('',(138.413267363,-179.935994816,12.06));
#9099=DIRECTION('',(-0.411607881,-0.911361044,0.));
#9100=DIRECTION('',(0.911361044,-0.411607881,0.));
#9101=AXIS2_PLACEMENT_3D('',#9098,#9099,#9100);
#9102=PLANE('',#9101);
#9103=CARTESIAN_POINT('',(137.400946888,-179.478789531,-0.06));
#9104=VERTEX_POINT('',#9103);
#9105=CARTESIAN_POINT('',(139.425587838,-180.393200101,-0.06));
#9106=DIRECTION('',(-0.911361044,0.411607881,0.));
#9107=VECTOR('',#9106,2.221557487);
#9108=LINE('',#9105,#9107);
#9109=EDGE_CURVE('',#9073,#9104,#9108,.T.);
#9110=ORIENTED_EDGE('',*,*,#9109,.T.);
#9111=CARTESIAN_POINT('',(137.400946888,-179.478789531,24.94));
#9112=VERTEX_POINT('',#9111);
#9113=CARTESIAN_POINT('',(137.400946888,-179.478789531,24.94));
#9114=DIRECTION('',(0.,0.,-1.));
#9115=VECTOR('',#9114,25.);
#9116=LINE('',#9113,#9115);
#9117=EDGE_CURVE('',#9112,#9104,#9116,.T.);
#9118=ORIENTED_EDGE('',*,*,#9117,.F.);
#9119=CARTESIAN_POINT('',(139.425587838,-180.393200101,24.94));
#9120=DIRECTION('',(-0.911361044,0.411607881,0.));
#9121=VECTOR('',#9120,2.221557487);
#9122=LINE('',#9119,#9121);
#9123=EDGE_CURVE('',#9081,#9112,#9122,.T.);
#9124=ORIENTED_EDGE('',*,*,#9123,.F.);
#9125=ORIENTED_EDGE('',*,*,#9086,.T.);
#9126=EDGE_LOOP('',(#9110,#9118,#9124,#9125));
#9127=FACE_BOUND('',#9126,.T.);
#9128=ADVANCED_FACE('',(#9127),#9102,.F.);
#9129=CARTESIAN_POINT('',(136.404208693,-178.993867321,12.06));
#9130=DIRECTION('',(-0.437482168,-0.899227086,0.));
#9131=DIRECTION('',(0.899227086,-0.437482168,0.));
#9132=AXIS2_PLACEMENT_3D('',#9129,#9130,#9131);
#9133=PLANE('',#9132);
#9134=CARTESIAN_POINT('',(135.407470498,-178.508945111,-0.06));
#9135=VERTEX_POINT('',#9134);
#9136=CARTESIAN_POINT('',(137.400946888,-179.478789531,-0.06));
#9137=DIRECTION('',(-0.899227086,0.437482168,0.));
#9138=VECTOR('',#9137,2.216877605);
#9139=LINE('',#9136,#9138);
#9140=EDGE_CURVE('',#9104,#9135,#9139,.T.);
#9141=ORIENTED_EDGE('',*,*,#9140,.T.);
#9142=CARTESIAN_POINT('',(135.407470498,-178.508945111,24.94));
#9143=VERTEX_POINT('',#9142);
#9144=CARTESIAN_POINT('',(135.407470498,-178.508945111,24.94));
#9145=DIRECTION('',(0.,0.,-1.));
#9146=VECTOR('',#9145,25.);
#9147=LINE('',#9144,#9146);
#9148=EDGE_CURVE('',#9143,#9135,#9147,.T.);
#9149=ORIENTED_EDGE('',*,*,#9148,.F.);
#9150=CARTESIAN_POINT('',(137.400946888,-179.478789531,24.94));
#9151=DIRECTION('',(-0.899227086,0.437482168,0.));
#9152=VECTOR('',#9151,2.216877605);
#9153=LINE('',#9150,#9152);
#9154=EDGE_CURVE('',#9112,#9143,#9153,.T.);
#9155=ORIENTED_EDGE('',*,*,#9154,.F.);
#9156=ORIENTED_EDGE('',*,*,#9117,.T.);
#9157=EDGE_LOOP('',(#9141,#9149,#9155,#9156));
#9158=FACE_BOUND('',#9157,.T.);
#9159=ADVANCED_FACE('',(#9158),#9133,.F.);
#9160=CARTESIAN_POINT('',(134.970043538,-178.284882671,12.06));
#9161=DIRECTION('',(-0.455899217,-0.890031406,0.));
#9162=DIRECTION('',(0.890031406,-0.455899217,0.));
#9163=AXIS2_PLACEMENT_3D('',#9160,#9161,#9162);
#9164=PLANE('',#9163);
#9165=CARTESIAN_POINT('',(134.532616578,-178.060820231,-0.06));
#9166=VERTEX_POINT('',#9165);
#9167=CARTESIAN_POINT('',(135.407470498,-178.508945111,-0.06));
#9168=DIRECTION('',(-0.890031406,0.455899217,0.));
#9169=VECTOR('',#9168,0.982947247);
#9170=LINE('',#9167,#9169);
#9171=EDGE_CURVE('',#9135,#9166,#9170,.T.);
#9172=ORIENTED_EDGE('',*,*,#9171,.T.);
#9173=CARTESIAN_POINT('',(134.532616578,-178.060820231,24.94));
#9174=VERTEX_POINT('',#9173);
#9175=CARTESIAN_POINT('',(134.532616578,-178.060820231,24.94));
#9176=DIRECTION('',(0.,0.,-1.));
#9177=VECTOR('',#9176,25.);
#9178=LINE('',#9175,#9177);
#9179=EDGE_CURVE('',#9174,#9166,#9178,.T.);
#9180=ORIENTED_EDGE('',*,*,#9179,.F.);
#9181=CARTESIAN_POINT('',(135.407470498,-178.508945111,24.94));
#9182=DIRECTION('',(-0.890031406,0.455899217,0.));
#9183=VECTOR('',#9182,0.982947247);
#9184=LINE('',#9181,#9183);
#9185=EDGE_CURVE('',#9143,#9174,#9184,.T.);
#9186=ORIENTED_EDGE('',*,*,#9185,.F.);
#9187=ORIENTED_EDGE('',*,*,#9148,.T.);
#9188=EDGE_LOOP('',(#9172,#9180,#9186,#9187));
#9189=FACE_BOUND('',#9188,.T.);
#9190=ADVANCED_FACE('',(#9189),#9164,.F.);
#9191=CARTESIAN_POINT('',(134.098396873,-177.831426001,12.06));
#9192=DIRECTION('',(-0.467113297,-0.884197471,0.));
#9193=DIRECTION('',(0.884197471,-0.467113297,0.));
#9194=AXIS2_PLACEMENT_3D('',#9191,#9192,#9193);
#9195=PLANE('',#9194);
#9196=CARTESIAN_POINT('',(133.664177168,-177.602031771,-0.06));
#9197=VERTEX_POINT('',#9196);
#9198=CARTESIAN_POINT('',(134.532616578,-178.060820231,-0.06));
#9199=DIRECTION('',(-0.884197471,0.467113297,0.));
#9200=VECTOR('',#9199,0.98217812);
#9201=LINE('',#9198,#9200);
#9202=EDGE_CURVE('',#9166,#9197,#9201,.T.);
#9203=ORIENTED_EDGE('',*,*,#9202,.T.);
#9204=CARTESIAN_POINT('',(133.664177168,-177.602031771,24.94));
#9205=VERTEX_POINT('',#9204);
#9206=CARTESIAN_POINT('',(133.664177168,-177.602031771,24.94));
#9207=DIRECTION('',(0.,0.,-1.));
#9208=VECTOR('',#9207,25.);
#9209=LINE('',#9206,#9208);
#9210=EDGE_CURVE('',#9205,#9197,#9209,.T.);
#9211=ORIENTED_EDGE('',*,*,#9210,.F.);
#9212=CARTESIAN_POINT('',(134.532616578,-178.060820231,24.94));
#9213=DIRECTION('',(-0.884197471,0.467113297,0.));
#9214=VECTOR('',#9213,0.98217812);
#9215=LINE('',#9212,#9214);
#9216=EDGE_CURVE('',#9174,#9205,#9215,.T.);
#9217=ORIENTED_EDGE('',*,*,#9216,.F.);
#9218=ORIENTED_EDGE('',*,*,#9179,.T.);
#9219=EDGE_LOOP('',(#9203,#9211,#9217,#9218));
#9220=FACE_BOUND('',#9219,.T.);
#9221=ADVANCED_FACE('',(#9220),#9195,.F.);
#9222=CARTESIAN_POINT('',(133.233207643,-177.367351201,12.06));
#9223=DIRECTION('',(-0.478233665,-0.878232635,0.));
#9224=DIRECTION('',(0.878232635,-0.478233665,0.));
#9225=AXIS2_PLACEMENT_3D('',#9222,#9223,#9224);
#9226=PLANE('',#9225);
#9227=CARTESIAN_POINT('',(132.802238118,-177.132670631,-0.06));
#9228=VERTEX_POINT('',#9227);
#9229=CARTESIAN_POINT('',(133.664177168,-177.602031771,-0.06));
#9230=DIRECTION('',(-0.878232635,0.478233665,0.));
#9231=VECTOR('',#9230,0.981447302);
#9232=LINE('',#9229,#9231);
#9233=EDGE_CURVE('',#9197,#9228,#9232,.T.);
#9234=ORIENTED_EDGE('',*,*,#9233,.T.);
#9235=CARTESIAN_POINT('',(132.802238118,-177.132670631,24.94));
#9236=VERTEX_POINT('',#9235);
#9237=CARTESIAN_POINT('',(132.802238118,-177.132670631,24.94));
#9238=DIRECTION('',(0.,0.,-1.));
#9239=VECTOR('',#9238,25.);
#9240=LINE('',#9237,#9239);
#9241=EDGE_CURVE('',#9236,#9228,#9240,.T.);
#9242=ORIENTED_EDGE('',*,*,#9241,.F.);
#9243=CARTESIAN_POINT('',(133.664177168,-177.602031771,24.94));
#9244=DIRECTION('',(-0.878232635,0.478233665,0.));
#9245=VECTOR('',#9244,0.981447302);
#9246=LINE('',#9243,#9245);
#9247=EDGE_CURVE('',#9205,#9236,#9246,.T.);
#9248=ORIENTED_EDGE('',*,*,#9247,.F.);
#9249=ORIENTED_EDGE('',*,*,#9210,.T.);
#9250=EDGE_LOOP('',(#9234,#9242,#9248,#9249));
#9251=FACE_BOUND('',#9250,.T.);
#9252=ADVANCED_FACE('',(#9251),#9226,.F.);
#9253=CARTESIAN_POINT('',(132.374563213,-176.892749171,12.06));
#9254=DIRECTION('',(-0.489260699,-0.872137586,0.));
#9255=DIRECTION('',(0.872137586,-0.489260699,0.));
#9256=AXIS2_PLACEMENT_3D('',#9253,#9254,#9255);
#9257=PLANE('',#9256);
#9258=CARTESIAN_POINT('',(131.946888308,-176.652827711,-0.06));
#9259=VERTEX_POINT('',#9258);
#9260=CARTESIAN_POINT('',(132.802238118,-177.132670631,-0.06));
#9261=DIRECTION('',(-0.872137586,0.489260699,0.));
#9262=VECTOR('',#9261,0.980751001);
#9263=LINE('',#9260,#9262);
#9264=EDGE_CURVE('',#9228,#9259,#9263,.T.);
#9265=ORIENTED_EDGE('',*,*,#9264,.T.);
#9266=CARTESIAN_POINT('',(131.946888308,-176.652827711,24.94));
#9267=VERTEX_POINT('',#9266);
#9268=CARTESIAN_POINT('',(131.946888308,-176.652827711,24.94));
#9269=DIRECTION('',(0.,0.,-1.));
#9270=VECTOR('',#9269,25.);
#9271=LINE('',#9268,#9270);
#9272=EDGE_CURVE('',#9267,#9259,#9271,.T.);
#9273=ORIENTED_EDGE('',*,*,#9272,.F.);
#9274=CARTESIAN_POINT('',(132.802238118,-177.132670631,24.94));
#9275=DIRECTION('',(-0.872137586,0.489260699,0.));
#9276=VECTOR('',#9275,0.980751001);
#9277=LINE('',#9274,#9276);
#9278=EDGE_CURVE('',#9236,#9267,#9277,.T.);
#9279=ORIENTED_EDGE('',*,*,#9278,.F.);
#9280=ORIENTED_EDGE('',*,*,#9241,.T.);
#9281=EDGE_LOOP('',(#9265,#9273,#9279,#9280));
#9282=FACE_BOUND('',#9281,.T.);
#9283=ADVANCED_FACE('',(#9282),#9257,.F.);
#9284=CARTESIAN_POINT('',(131.522551453,-176.407710306,12.06));
#9285=DIRECTION('',(-0.500193451,-0.865913686,0.));
#9286=DIRECTION('',(0.865913686,-0.500193451,0.));
#9287=AXIS2_PLACEMENT_3D('',#9284,#9285,#9286);
#9288=PLANE('',#9287);
#9289=CARTESIAN_POINT('',(131.098214598,-176.162592901,-0.06));
#9290=VERTEX_POINT('',#9289);
#9291=CARTESIAN_POINT('',(131.946888308,-176.652827711,-0.06));
#9292=DIRECTION('',(-0.865913686,0.500193451,0.));
#9293=VECTOR('',#9292,0.980090422);
#9294=LINE('',#9291,#9293);
#9295=EDGE_CURVE('',#9259,#9290,#9294,.T.);
#9296=ORIENTED_EDGE('',*,*,#9295,.T.);
#9297=CARTESIAN_POINT('',(131.098214598,-176.162592901,24.94));
#9298=VERTEX_POINT('',#9297);
#9299=CARTESIAN_POINT('',(131.098214598,-176.162592901,24.94));
#9300=DIRECTION('',(0.,0.,-1.));
#9301=VECTOR('',#9300,25.);
#9302=LINE('',#9299,#9301);
#9303=EDGE_CURVE('',#9298,#9290,#9302,.T.);
#9304=ORIENTED_EDGE('',*,*,#9303,.F.);
#9305=CARTESIAN_POINT('',(131.946888308,-176.652827711,24.94));
#9306=DIRECTION('',(-0.865913686,0.500193451,0.));
#9307=VECTOR('',#9306,0.980090422);
#9308=LINE('',#9305,#9307);
#9309=EDGE_CURVE('',#9267,#9298,#9308,.T.);
#9310=ORIENTED_EDGE('',*,*,#9309,.F.);
#9311=ORIENTED_EDGE('',*,*,#9272,.T.);
#9312=EDGE_LOOP('',(#9296,#9304,#9310,#9311));
#9313=FACE_BOUND('',#9312,.T.);
#9314=ADVANCED_FACE('',(#9313),#9288,.F.);
#9315=CARTESIAN_POINT('',(130.677259728,-175.912325001,12.06));
#9316=DIRECTION('',(-0.511030753,-0.859562429,0.));
#9317=DIRECTION('',(0.859562429,-0.511030753,0.));
#9318=AXIS2_PLACEMENT_3D('',#9315,#9316,#9317);
#9319=PLANE('',#9318);
#9320=CARTESIAN_POINT('',(130.256304858,-175.662057101,-0.06));
#9321=VERTEX_POINT('',#9320);
#9322=CARTESIAN_POINT('',(131.098214598,-176.162592901,-0.06));
#9323=DIRECTION('',(-0.859562429,0.511030753,0.));
#9324=VECTOR('',#9323,0.979463168);
#9325=LINE('',#9322,#9324);
#9326=EDGE_CURVE('',#9290,#9321,#9325,.T.);
#9327=ORIENTED_EDGE('',*,*,#9326,.T.);
#9328=CARTESIAN_POINT('',(130.256304858,-175.662057101,24.94));
#9329=VERTEX_POINT('',#9328);
#9330=CARTESIAN_POINT('',(130.256304858,-175.662057101,24.94));
#9331=DIRECTION('',(0.,0.,-1.));
#9332=VECTOR('',#9331,25.);
#9333=LINE('',#9330,#9332);
#9334=EDGE_CURVE('',#9329,#9321,#9333,.T.);
#9335=ORIENTED_EDGE('',*,*,#9334,.F.);
#9336=CARTESIAN_POINT('',(131.098214598,-176.162592901,24.94));
#9337=DIRECTION('',(-0.859562429,0.511030753,0.));
#9338=VECTOR('',#9337,0.979463168);
#9339=LINE('',#9336,#9338);
#9340=EDGE_CURVE('',#9298,#9329,#9339,.T.);
#9341=ORIENTED_EDGE('',*,*,#9340,.F.);
#9342=ORIENTED_EDGE('',*,*,#9303,.T.);
#9343=EDGE_LOOP('',(#9327,#9335,#9341,#9342));
#9344=FACE_BOUND('',#9343,.T.);
#9345=ADVANCED_FACE('',(#9344),#9319,.F.);
#9346=CARTESIAN_POINT('',(129.838775403,-175.406684156,12.06));
#9347=DIRECTION('',(-0.52177138,-0.853085357,0.));
#9348=DIRECTION('',(0.853085357,-0.52177138,0.));
#9349=AXIS2_PLACEMENT_3D('',#9346,#9347,#9348);
#9350=PLANE('',#9349);
#9351=CARTESIAN_POINT('',(129.421245948,-175.151311211,-0.06));
#9352=VERTEX_POINT('',#9351);
#9353=CARTESIAN_POINT('',(130.256304858,-175.662057101,-0.06));
#9354=DIRECTION('',(-0.853085357,0.52177138,0.));
#9355=VECTOR('',#9354,0.978869117);
#9356=LINE('',#9353,#9355);
#9357=EDGE_CURVE('',#9321,#9352,#9356,.T.);
#9358=ORIENTED_EDGE('',*,*,#9357,.T.);
#9359=CARTESIAN_POINT('',(129.421245948,-175.151311211,24.94));
#9360=VERTEX_POINT('',#9359);
#9361=CARTESIAN_POINT('',(129.421245948,-175.151311211,24.94));
#9362=DIRECTION('',(0.,0.,-1.));
#9363=VECTOR('',#9362,25.);
#9364=LINE('',#9361,#9363);
#9365=EDGE_CURVE('',#9360,#9352,#9364,.T.);
#9366=ORIENTED_EDGE('',*,*,#9365,.F.);
#9367=CARTESIAN_POINT('',(130.256304858,-175.662057101,24.94));
#9368=DIRECTION('',(-0.853085357,0.52177138,0.));
#9369=VECTOR('',#9368,0.978869117);
#9370=LINE('',#9367,#9369);
#9371=EDGE_CURVE('',#9329,#9360,#9370,.T.);
#9372=ORIENTED_EDGE('',*,*,#9371,.F.);
#9373=ORIENTED_EDGE('',*,*,#9334,.T.);
#9374=EDGE_LOOP('',(#9358,#9366,#9372,#9373));
#9375=FACE_BOUND('',#9374,.T.);
#9376=ADVANCED_FACE('',(#9375),#9350,.F.);
#9377=CARTESIAN_POINT('',(129.007186348,-174.890879176,12.06));
#9378=DIRECTION('',(-0.532414777,-0.846483612,0.));
#9379=DIRECTION('',(0.846483612,-0.532414777,0.));
#9380=AXIS2_PLACEMENT_3D('',#9377,#9378,#9379);
#9381=PLANE('',#9380);
#9382=CARTESIAN_POINT('',(128.593126748,-174.630447141,-0.06));
#9383=VERTEX_POINT('',#9382);
#9384=CARTESIAN_POINT('',(129.421245948,-175.151311211,-0.06));
#9385=DIRECTION('',(-0.846483612,0.532414777,0.));
#9386=VECTOR('',#9385,0.978305059);
#9387=LINE('',#9384,#9386);
#9388=EDGE_CURVE('',#9352,#9383,#9387,.T.);
#9389=ORIENTED_EDGE('',*,*,#9388,.T.);
#9390=CARTESIAN_POINT('',(128.593126748,-174.630447141,24.94));
#9391=VERTEX_POINT('',#9390);
#9392=CARTESIAN_POINT('',(128.593126748,-174.630447141,24.94));
#9393=DIRECTION('',(0.,0.,-1.));
#9394=VECTOR('',#9393,25.);
#9395=LINE('',#9392,#9394);
#9396=EDGE_CURVE('',#9391,#9383,#9395,.T.);
#9397=ORIENTED_EDGE('',*,*,#9396,.F.);
#9398=CARTESIAN_POINT('',(129.421245948,-175.151311211,24.94));
#9399=DIRECTION('',(-0.846483612,0.532414777,0.));
#9400=VECTOR('',#9399,0.978305059);
#9401=LINE('',#9398,#9400);
#9402=EDGE_CURVE('',#9360,#9391,#9401,.T.);
#9403=ORIENTED_EDGE('',*,*,#9402,.F.);
#9404=ORIENTED_EDGE('',*,*,#9365,.T.);
#9405=EDGE_LOOP('',(#9389,#9397,#9403,#9404));
#9406=FACE_BOUND('',#9405,.T.);
#9407=ADVANCED_FACE('',(#9406),#9381,.F.);
#9408=CARTESIAN_POINT('',(126.600558348,-173.271348216,12.06));
#9409=DIRECTION('',(-0.563486697,-0.826125137,0.));
#9410=DIRECTION('',(0.826125137,-0.563486697,0.));
#9411=AXIS2_PLACEMENT_3D('',#9408,#9409,#9410);
#9412=PLANE('',#9411);
#9413=CARTESIAN_POINT('',(124.607989948,-171.912249291,-0.06));
#9414=VERTEX_POINT('',#9413);
#9415=CARTESIAN_POINT('',(128.593126748,-174.630447141,-0.06));
#9416=DIRECTION('',(-0.826125137,0.563486697,0.));
#9417=VECTOR('',#9416,4.823890014);
#9418=LINE('',#9415,#9417);
#9419=EDGE_CURVE('',#9383,#9414,#9418,.T.);
#9420=ORIENTED_EDGE('',*,*,#9419,.T.);
#9421=CARTESIAN_POINT('',(124.607989948,-171.912249291,24.94));
#9422=VERTEX_POINT('',#9421);
#9423=CARTESIAN_POINT('',(124.607989948,-171.912249291,24.94));
#9424=DIRECTION('',(0.,0.,-1.));
#9425=VECTOR('',#9424,25.);
#9426=LINE('',#9423,#9425);
#9427=EDGE_CURVE('',#9422,#9414,#9426,.T.);
#9428=ORIENTED_EDGE('',*,*,#9427,.F.);
#9429=CARTESIAN_POINT('',(128.593126748,-174.630447141,24.94));
#9430=DIRECTION('',(-0.826125137,0.563486697,0.));
#9431=VECTOR('',#9430,4.823890014);
#9432=LINE('',#9429,#9431);
#9433=EDGE_CURVE('',#9391,#9422,#9432,.T.);
#9434=ORIENTED_EDGE('',*,*,#9433,.F.);
#9435=ORIENTED_EDGE('',*,*,#9396,.T.);
#9436=EDGE_LOOP('',(#9420,#9428,#9434,#9435));
#9437=FACE_BOUND('',#9436,.T.);
#9438=ADVANCED_FACE('',(#9437),#9412,.F.);
#9439=CARTESIAN_POINT('',(122.706339728,-170.435831796,12.06));
#9440=DIRECTION('',(-0.613256155,-0.789884098,0.));
#9441=DIRECTION('',(0.789884098,-0.613256155,0.));
#9442=AXIS2_PLACEMENT_3D('',#9439,#9440,#9441);
#9443=PLANE('',#9442);
#9444=CARTESIAN_POINT('',(120.804689508,-168.959414301,-0.06));
#9445=VERTEX_POINT('',#9444);
#9446=CARTESIAN_POINT('',(124.607989948,-171.912249291,-0.06));
#9447=DIRECTION('',(-0.789884098,0.613256155,0.));
#9448=VECTOR('',#9447,4.81501077);
#9449=LINE('',#9446,#9448);
#9450=EDGE_CURVE('',#9414,#9445,#9449,.T.);
#9451=ORIENTED_EDGE('',*,*,#9450,.T.);
#9452=CARTESIAN_POINT('',(120.804689508,-168.959414301,24.94));
#9453=VERTEX_POINT('',#9452);
#9454=CARTESIAN_POINT('',(120.804689508,-168.959414301,24.94));
#9455=DIRECTION('',(0.,0.,-1.));
#9456=VECTOR('',#9455,25.);
#9457=LINE('',#9454,#9456);
#9458=EDGE_CURVE('',#9453,#9445,#9457,.T.);
#9459=ORIENTED_EDGE('',*,*,#9458,.F.);
#9460=CARTESIAN_POINT('',(124.607989948,-171.912249291,24.94));
#9461=DIRECTION('',(-0.789884098,0.613256155,0.));
#9462=VECTOR('',#9461,4.81501077);
#9463=LINE('',#9460,#9462);
#9464=EDGE_CURVE('',#9422,#9453,#9463,.T.);
#9465=ORIENTED_EDGE('',*,*,#9464,.F.);
#9466=ORIENTED_EDGE('',*,*,#9427,.T.);
#9467=EDGE_LOOP('',(#9451,#9459,#9465,#9466));
#9468=FACE_BOUND('',#9467,.T.);
#9469=ADVANCED_FACE('',(#9468),#9443,.F.);
#9470=CARTESIAN_POINT('',(118.999150383,-167.370870141,12.06));
#9471=DIRECTION('',(-0.660550494,-0.750781622,0.));
#9472=DIRECTION('',(0.750781622,-0.660550494,0.));
#9473=AXIS2_PLACEMENT_3D('',#9470,#9471,#9472);
#9474=PLANE('',#9473);
#9475=CARTESIAN_POINT('',(117.193611258,-165.782325981,-0.06));
#9476=VERTEX_POINT('',#9475);
#9477=CARTESIAN_POINT('',(120.804689508,-168.959414301,-0.06));
#9478=DIRECTION('',(-0.750781622,0.660550494,0.));
#9479=VECTOR('',#9478,4.809758447);
#9480=LINE('',#9477,#9479);
#9481=EDGE_CURVE('',#9445,#9476,#9480,.T.);
#9482=ORIENTED_EDGE('',*,*,#9481,.T.);
#9483=CARTESIAN_POINT('',(117.193611258,-165.782325981,24.94));
#9484=VERTEX_POINT('',#9483);
#9485=CARTESIAN_POINT('',(117.193611258,-165.782325981,24.94));
#9486=DIRECTION('',(0.,0.,-1.));
#9487=VECTOR('',#9486,25.);
#9488=LINE('',#9485,#9487);
#9489=EDGE_CURVE('',#9484,#9476,#9488,.T.);
#9490=ORIENTED_EDGE('',*,*,#9489,.F.);
#9491=CARTESIAN_POINT('',(120.804689508,-168.959414301,24.94));
#9492=DIRECTION('',(-0.750781622,0.660550494,0.));
#9493=VECTOR('',#9492,4.809758447);
#9494=LINE('',#9491,#9493);
#9495=EDGE_CURVE('',#9453,#9484,#9494,.T.);
#9496=ORIENTED_EDGE('',*,*,#9495,.F.);
#9497=ORIENTED_EDGE('',*,*,#9458,.T.);
#9498=EDGE_LOOP('',(#9482,#9490,#9496,#9497));
#9499=FACE_BOUND('',#9498,.T.);
#9500=ADVANCED_FACE('',(#9499),#9474,.F.);
#9501=CARTESIAN_POINT('',(115.489375638,-164.086849081,12.06));
#9502=DIRECTION('',(-0.705282713,-0.708926156,0.));
#9503=DIRECTION('',(0.708926156,-0.705282713,0.));
#9504=AXIS2_PLACEMENT_3D('',#9501,#9502,#9503);
#9505=PLANE('',#9504);
#9506=CARTESIAN_POINT('',(113.785140018,-162.391372181,-0.06));
#9507=VERTEX_POINT('',#9506);
#9508=CARTESIAN_POINT('',(117.193611258,-165.782325981,-0.06));
#9509=DIRECTION('',(-0.708926156,0.705282713,0.));
#9510=VECTOR('',#9509,4.80793551);
#9511=LINE('',#9508,#9510);
#9512=EDGE_CURVE('',#9476,#9507,#9511,.T.);
#9513=ORIENTED_EDGE('',*,*,#9512,.T.);
#9514=CARTESIAN_POINT('',(113.785140018,-162.391372181,24.94));
#9515=VERTEX_POINT('',#9514);
#9516=CARTESIAN_POINT('',(113.785140018,-162.391372181,24.94));
#9517=DIRECTION('',(0.,0.,-1.));
#9518=VECTOR('',#9517,25.);
#9519=LINE('',#9516,#9518);
#9520=EDGE_CURVE('',#9515,#9507,#9519,.T.);
#9521=ORIENTED_EDGE('',*,*,#9520,.F.);
#9522=CARTESIAN_POINT('',(117.193611258,-165.782325981,24.94));
#9523=DIRECTION('',(-0.708926156,0.705282713,0.));
#9524=VECTOR('',#9523,4.80793551);
#9525=LINE('',#9522,#9524);
#9526=EDGE_CURVE('',#9484,#9515,#9525,.T.);
#9527=ORIENTED_EDGE('',*,*,#9526,.F.);
#9528=ORIENTED_EDGE('',*,*,#9489,.T.);
#9529=EDGE_LOOP('',(#9513,#9521,#9527,#9528));
#9530=FACE_BOUND('',#9529,.T.);
#9531=ADVANCED_FACE('',(#9530),#9505,.F.);
#9532=CARTESIAN_POINT('',(112.187401323,-160.594153941,12.06));
#9533=DIRECTION('',(-0.747365671,-0.664412939,0.));
#9534=DIRECTION('',(0.664412939,-0.747365671,0.));
#9535=AXIS2_PLACEMENT_3D('',#9532,#9533,#9534);
#9536=PLANE('',#9535);
#9537=CARTESIAN_POINT('',(110.589662628,-158.796935701,-0.06));
#9538=VERTEX_POINT('',#9537);
#9539=CARTESIAN_POINT('',(113.785140018,-162.391372181,-0.06));
#9540=DIRECTION('',(-0.664412939,0.747365671,0.));
#9541=VECTOR('',#9540,4.809474957);
#9542=LINE('',#9539,#9541);
#9543=EDGE_CURVE('',#9507,#9538,#9542,.T.);
#9544=ORIENTED_EDGE('',*,*,#9543,.T.);
#9545=CARTESIAN_POINT('',(110.589662628,-158.796935701,24.94));
#9546=VERTEX_POINT('',#9545);
#9547=CARTESIAN_POINT('',(110.589662628,-158.796935701,24.94));
#9548=DIRECTION('',(0.,0.,-1.));
#9549=VECTOR('',#9548,25.);
#9550=LINE('',#9547,#9549);
#9551=EDGE_CURVE('',#9546,#9538,#9550,.T.);
#9552=ORIENTED_EDGE('',*,*,#9551,.F.);
#9553=CARTESIAN_POINT('',(113.785140018,-162.391372181,24.94));
#9554=DIRECTION('',(-0.664412939,0.747365671,0.));
#9555=VECTOR('',#9554,4.809474957);
#9556=LINE('',#9553,#9555);
#9557=EDGE_CURVE('',#9515,#9546,#9556,.T.);
#9558=ORIENTED_EDGE('',*,*,#9557,.F.);
#9559=ORIENTED_EDGE('',*,*,#9520,.T.);
#9560=EDGE_LOOP('',(#9544,#9552,#9558,#9559));
#9561=FACE_BOUND('',#9560,.T.);
#9562=ADVANCED_FACE('',(#9561),#9536,.F.);
#9563=CARTESIAN_POINT('',(109.103613268,-156.903170046,12.06));
#9564=DIRECTION('',(-0.786703519,-0.617331008,0.));
#9565=DIRECTION('',(0.617331008,-0.786703519,0.));
#9566=AXIS2_PLACEMENT_3D('',#9563,#9564,#9565);
#9567=PLANE('',#9566);
#9568=CARTESIAN_POINT('',(107.617563908,-155.009404391,-0.06));
#9569=VERTEX_POINT('',#9568);
#9570=CARTESIAN_POINT('',(110.589662628,-158.796935701,-0.06));
#9571=DIRECTION('',(-0.617331008,0.786703519,0.));
#9572=VECTOR('',#9571,4.814432908);
#9573=LINE('',#9570,#9572);
#9574=EDGE_CURVE('',#9538,#9569,#9573,.T.);
#9575=ORIENTED_EDGE('',*,*,#9574,.T.);
#9576=CARTESIAN_POINT('',(107.617563908,-155.009404391,24.94));
#9577=VERTEX_POINT('',#9576);
#9578=CARTESIAN_POINT('',(107.617563908,-155.009404391,24.94));
#9579=DIRECTION('',(0.,0.,-1.));
#9580=VECTOR('',#9579,25.);
#9581=LINE('',#9578,#9580);
#9582=EDGE_CURVE('',#9577,#9569,#9581,.T.);
#9583=ORIENTED_EDGE('',*,*,#9582,.F.);
#9584=CARTESIAN_POINT('',(110.589662628,-158.796935701,24.94));
#9585=DIRECTION('',(-0.617331008,0.786703519,0.));
#9586=VECTOR('',#9585,4.814432908);
#9587=LINE('',#9584,#9586);
#9588=EDGE_CURVE('',#9546,#9577,#9587,.T.);
#9589=ORIENTED_EDGE('',*,*,#9588,.F.);
#9590=ORIENTED_EDGE('',*,*,#9551,.T.);
#9591=EDGE_LOOP('',(#9575,#9583,#9589,#9590));
#9592=FACE_BOUND('',#9591,.T.);
#9593=ADVANCED_FACE('',(#9592),#9567,.F.);
#9594=CARTESIAN_POINT('',(106.248397303,-153.024283731,12.06));
#9595=DIRECTION('',(-0.82318994,-0.56776608,0.));
#9596=DIRECTION('',(0.56776608,-0.82318994,0.));
#9597=AXIS2_PLACEMENT_3D('',#9594,#9595,#9596);
#9598=PLANE('',#9597);
#9599=CARTESIAN_POINT('',(104.879230698,-151.039163071,-0.06));
#9600=VERTEX_POINT('',#9599);
#9601=CARTESIAN_POINT('',(107.617563908,-155.009404391,-0.06));
#9602=DIRECTION('',(-0.56776608,0.82318994,0.));
#9603=VECTOR('',#9602,4.822995429);
#9604=LINE('',#9601,#9603);
#9605=EDGE_CURVE('',#9569,#9600,#9604,.T.);
#9606=ORIENTED_EDGE('',*,*,#9605,.T.);
#9607=CARTESIAN_POINT('',(104.879230698,-151.039163071,24.94));
#9608=VERTEX_POINT('',#9607);
#9609=CARTESIAN_POINT('',(104.879230698,-151.039163071,24.94));
#9610=DIRECTION('',(0.,0.,-1.));
#9611=VECTOR('',#9610,25.);
#9612=LINE('',#9609,#9611);
#9613=EDGE_CURVE('',#9608,#9600,#9612,.T.);
#9614=ORIENTED_EDGE('',*,*,#9613,.F.);
#9615=CARTESIAN_POINT('',(107.617563908,-155.009404391,24.94));
#9616=DIRECTION('',(-0.56776608,0.82318994,0.));
#9617=VECTOR('',#9616,4.822995429);
#9618=LINE('',#9615,#9617);
#9619=EDGE_CURVE('',#9577,#9608,#9618,.T.);
#9620=ORIENTED_EDGE('',*,*,#9619,.F.);
#9621=ORIENTED_EDGE('',*,*,#9582,.T.);
#9622=EDGE_LOOP('',(#9606,#9614,#9620,#9621));
#9623=FACE_BOUND('',#9622,.T.);
#9624=ADVANCED_FACE('',(#9623),#9598,.F.);
#9625=CARTESIAN_POINT('',(103.632139763,-148.967880321,12.06));
#9626=DIRECTION('',(-0.856703392,-0.515809362,0.));
#9627=DIRECTION('',(0.515809362,-0.856703392,0.));
#9628=AXIS2_PLACEMENT_3D('',#9625,#9626,#9627);
#9629=PLANE('',#9628);
#9630=CARTESIAN_POINT('',(102.385048828,-146.896597571,-0.06));
#9631=VERTEX_POINT('',#9630);
#9632=CARTESIAN_POINT('',(104.879230698,-151.039163071,-0.06));
#9633=DIRECTION('',(-0.515809362,0.856703392,0.));
#9634=VECTOR('',#9633,4.835472275);
#9635=LINE('',#9632,#9634);
#9636=EDGE_CURVE('',#9600,#9631,#9635,.T.);
#9637=ORIENTED_EDGE('',*,*,#9636,.T.);
#9638=CARTESIAN_POINT('',(102.385048828,-146.896597571,24.94));
#9639=VERTEX_POINT('',#9638);
#9640=CARTESIAN_POINT('',(102.385048828,-146.896597571,24.94));
#9641=DIRECTION('',(0.,0.,-1.));
#9642=VECTOR('',#9641,25.);
#9643=LINE('',#9640,#9642);
#9644=EDGE_CURVE('',#9639,#9631,#9643,.T.);
#9645=ORIENTED_EDGE('',*,*,#9644,.F.);
#9646=CARTESIAN_POINT('',(104.879230698,-151.039163071,24.94));
#9647=DIRECTION('',(-0.515809362,0.856703392,0.));
#9648=VECTOR('',#9647,4.835472275);
#9649=LINE('',#9646,#9648);
#9650=EDGE_CURVE('',#9608,#9639,#9649,.T.);
#9651=ORIENTED_EDGE('',*,*,#9650,.F.);
#9652=ORIENTED_EDGE('',*,*,#9613,.T.);
#9653=EDGE_LOOP('',(#9637,#9645,#9651,#9652));
#9654=FACE_BOUND('',#9653,.T.);
#9655=ADVANCED_FACE('',(#9654),#9629,.F.);
#9656=CARTESIAN_POINT('',(101.265226478,-144.744345141,12.06));
#9657=DIRECTION('',(-0.88710693,-0.461563966,0.));
#9658=DIRECTION('',(0.461563966,-0.88710693,0.));
#9659=AXIS2_PLACEMENT_3D('',#9656,#9657,#9658);
#9660=PLANE('',#9659);
#9661=CARTESIAN_POINT('',(100.145404128,-142.592092711,-0.06));
#9662=VERTEX_POINT('',#9661);
#9663=CARTESIAN_POINT('',(102.385048828,-146.896597571,-0.06));
#9664=DIRECTION('',(-0.461563966,0.88710693,0.));
#9665=VECTOR('',#9664,4.852295382);
#9666=LINE('',#9663,#9665);
#9667=EDGE_CURVE('',#9631,#9662,#9666,.T.);
#9668=ORIENTED_EDGE('',*,*,#9667,.T.);
#9669=CARTESIAN_POINT('',(100.145404128,-142.592092711,24.94));
#9670=VERTEX_POINT('',#9669);
#9671=CARTESIAN_POINT('',(100.145404128,-142.592092711,24.94));
#9672=DIRECTION('',(0.,0.,-1.));
#9673=VECTOR('',#9672,25.);
#9674=LINE('',#9671,#9673);
#9675=EDGE_CURVE('',#9670,#9662,#9674,.T.);
#9676=ORIENTED_EDGE('',*,*,#9675,.F.);
#9677=CARTESIAN_POINT('',(102.385048828,-146.896597571,24.94));
#9678=DIRECTION('',(-0.461563966,0.88710693,0.));
#9679=VECTOR('',#9678,4.852295382);
#9680=LINE('',#9677,#9679);
#9681=EDGE_CURVE('',#9639,#9670,#9680,.T.);
#9682=ORIENTED_EDGE('',*,*,#9681,.F.);
#9683=ORIENTED_EDGE('',*,*,#9644,.T.);
#9684=EDGE_LOOP('',(#9668,#9676,#9682,#9683));
#9685=FACE_BOUND('',#9684,.T.);
#9686=ADVANCED_FACE('',(#9685),#9660,.F.);
#9687=CARTESIAN_POINT('',(99.634841048,-141.487225431,12.06));
#9688=DIRECTION('',(-0.907764112,-0.419481009,0.));
#9689=DIRECTION('',(0.419481009,-0.907764112,0.));
#9690=AXIS2_PLACEMENT_3D('',#9687,#9688,#9689);
#9691=PLANE('',#9690);
#9692=CARTESIAN_POINT('',(99.124277968,-140.382358151,-0.06));
#9693=VERTEX_POINT('',#9692);
#9694=CARTESIAN_POINT('',(100.145404128,-142.592092711,-0.06));
#9695=DIRECTION('',(-0.419481009,0.907764112,0.));
#9696=VECTOR('',#9695,2.434260763);
#9697=LINE('',#9694,#9696);
#9698=EDGE_CURVE('',#9662,#9693,#9697,.T.);
#9699=ORIENTED_EDGE('',*,*,#9698,.T.);
#9700=CARTESIAN_POINT('',(99.124277968,-140.382358151,24.94));
#9701=VERTEX_POINT('',#9700);
#9702=CARTESIAN_POINT('',(99.124277968,-140.382358151,24.94));
#9703=DIRECTION('',(0.,0.,-1.));
#9704=VECTOR('',#9703,25.);
#9705=LINE('',#9702,#9704);
#9706=EDGE_CURVE('',#9701,#9693,#9705,.T.);
#9707=ORIENTED_EDGE('',*,*,#9706,.F.);
#9708=CARTESIAN_POINT('',(100.145404128,-142.592092711,24.94));
#9709=DIRECTION('',(-0.419481009,0.907764112,0.));
#9710=VECTOR('',#9709,2.434260763);
#9711=LINE('',#9708,#9710);
#9712=EDGE_CURVE('',#9670,#9701,#9711,.T.);
#9713=ORIENTED_EDGE('',*,*,#9712,.F.);
#9714=ORIENTED_EDGE('',*,*,#9675,.T.);
#9715=EDGE_LOOP('',(#9699,#9707,#9713,#9714));
#9716=FACE_BOUND('',#9715,.T.);
#9717=ADVANCED_FACE('',(#9716),#9691,.F.);
#9718=CARTESIAN_POINT('',(98.647480198,-139.259196236,12.06));
#9719=DIRECTION('',(-0.920491935,-0.39076156,0.));
#9720=DIRECTION('',(0.39076156,-0.920491935,0.));
#9721=AXIS2_PLACEMENT_3D('',#9718,#9719,#9720);
#9722=PLANE('',#9721);
#9723=CARTESIAN_POINT('',(98.170682428,-138.136034321,-0.06));
#9724=VERTEX_POINT('',#9723);
#9725=CARTESIAN_POINT('',(99.124277968,-140.382358151,-0.06));
#9726=DIRECTION('',(-0.39076156,0.920491935,0.));
#9727=VECTOR('',#9726,2.440351451);
#9728=LINE('',#9725,#9727);
#9729=EDGE_CURVE('',#9693,#9724,#9728,.T.);
#9730=ORIENTED_EDGE('',*,*,#9729,.T.);
#9731=CARTESIAN_POINT('',(98.170682428,-138.136034321,24.94));
#9732=VERTEX_POINT('',#9731);
#9733=CARTESIAN_POINT('',(98.170682428,-138.136034321,24.94));
#9734=DIRECTION('',(0.,0.,-1.));
#9735=VECTOR('',#9734,25.);
#9736=LINE('',#9733,#9735);
#9737=EDGE_CURVE('',#9732,#9724,#9736,.T.);
#9738=ORIENTED_EDGE('',*,*,#9737,.F.);
#9739=CARTESIAN_POINT('',(99.124277968,-140.382358151,24.94));
#9740=DIRECTION('',(-0.39076156,0.920491935,0.));
#9741=VECTOR('',#9740,2.440351451);
#9742=LINE('',#9739,#9741);
#9743=EDGE_CURVE('',#9701,#9732,#9742,.T.);
#9744=ORIENTED_EDGE('',*,*,#9743,.F.);
#9745=ORIENTED_EDGE('',*,*,#9706,.T.);
#9746=EDGE_LOOP('',(#9730,#9738,#9744,#9745));
#9747=FACE_BOUND('',#9746,.T.);
#9748=ADVANCED_FACE('',(#9747),#9722,.F.);
#9749=CARTESIAN_POINT('',(97.728297378,-136.995226191,12.06));
#9750=DIRECTION('',(-0.932352803,-0.361549791,0.));
#9751=DIRECTION('',(0.361549791,-0.932352803,0.));
#9752=AXIS2_PLACEMENT_3D('',#9749,#9750,#9751);
#9753=PLANE('',#9752);
#9754=CARTESIAN_POINT('',(97.285912328,-135.854418061,-0.06));
#9755=VERTEX_POINT('',#9754);
#9756=CARTESIAN_POINT('',(98.170682428,-138.136034321,-0.06));
#9757=DIRECTION('',(-0.361549791,0.932352803,0.));
#9758=VECTOR('',#9757,2.447159759);
#9759=LINE('',#9756,#9758);
#9760=EDGE_CURVE('',#9724,#9755,#9759,.T.);
#9761=ORIENTED_EDGE('',*,*,#9760,.T.);
#9762=CARTESIAN_POINT('',(97.285912328,-135.854418061,24.94));
#9763=VERTEX_POINT('',#9762);
#9764=CARTESIAN_POINT('',(97.285912328,-135.854418061,24.94));
#9765=DIRECTION('',(0.,0.,-1.));
#9766=VECTOR('',#9765,25.);
#9767=LINE('',#9764,#9766);
#9768=EDGE_CURVE('',#9763,#9755,#9767,.T.);
#9769=ORIENTED_EDGE('',*,*,#9768,.F.);
#9770=CARTESIAN_POINT('',(98.170682428,-138.136034321,24.94));
#9771=DIRECTION('',(-0.361549791,0.932352803,0.));
#9772=VECTOR('',#9771,2.447159759);
#9773=LINE('',#9770,#9772);
#9774=EDGE_CURVE('',#9732,#9763,#9773,.T.);
#9775=ORIENTED_EDGE('',*,*,#9774,.F.);
#9776=ORIENTED_EDGE('',*,*,#9737,.T.);
#9777=EDGE_LOOP('',(#9761,#9769,#9775,#9776));
#9778=FACE_BOUND('',#9777,.T.);
#9779=ADVANCED_FACE('',(#9778),#9753,.F.);
#9780=CARTESIAN_POINT('',(96.878590438,-134.696613146,12.06));
#9781=DIRECTION('',(-0.943326143,-0.331867124,0.));
#9782=DIRECTION('',(0.331867124,-0.943326143,0.));
#9783=AXIS2_PLACEMENT_3D('',#9780,#9781,#9782);
#9784=PLANE('',#9783);
#9785=CARTESIAN_POINT('',(96.471268548,-133.538808231,-0.06));
#9786=VERTEX_POINT('',#9785);
#9787=CARTESIAN_POINT('',(97.285912328,-135.854418061,-0.06));
#9788=DIRECTION('',(-0.331867124,0.943326143,0.));
#9789=VECTOR('',#9788,2.454728778);
#9790=LINE('',#9787,#9789);
#9791=EDGE_CURVE('',#9755,#9786,#9790,.T.);
#9792=ORIENTED_EDGE('',*,*,#9791,.T.);
#9793=CARTESIAN_POINT('',(96.471268548,-133.538808231,24.94));
#9794=VERTEX_POINT('',#9793);
#9795=CARTESIAN_POINT('',(96.471268548,-133.538808231,24.94));
#9796=DIRECTION('',(0.,0.,-1.));
#9797=VECTOR('',#9796,25.);
#9798=LINE('',#9795,#9797);
#9799=EDGE_CURVE('',#9794,#9786,#9798,.T.);
#9800=ORIENTED_EDGE('',*,*,#9799,.F.);
#9801=CARTESIAN_POINT('',(97.285912328,-135.854418061,24.94));
#9802=DIRECTION('',(-0.331867124,0.943326143,0.));
#9803=VECTOR('',#9802,2.454728778);
#9804=LINE('',#9801,#9803);
#9805=EDGE_CURVE('',#9763,#9794,#9804,.T.);
#9806=ORIENTED_EDGE('',*,*,#9805,.F.);
#9807=ORIENTED_EDGE('',*,*,#9768,.T.);
#9808=EDGE_LOOP('',(#9792,#9800,#9806,#9807));
#9809=FACE_BOUND('',#9808,.T.);
#9810=ADVANCED_FACE('',(#9809),#9784,.F.);
#9811=CARTESIAN_POINT('',(96.099658743,-132.364655456,12.06));
#9812=DIRECTION('',(-0.953390177,-0.301740238,0.));
#9813=DIRECTION('',(0.301740238,-0.953390177,0.));
#9814=AXIS2_PLACEMENT_3D('',#9811,#9812,#9813);
#9815=PLANE('',#9814);
#9816=CARTESIAN_POINT('',(95.728048938,-131.190502681,-0.06));
#9817=VERTEX_POINT('',#9816);
#9818=CARTESIAN_POINT('',(96.471268548,-133.538808231,-0.06));
#9819=DIRECTION('',(-0.301740238,0.953390177,0.));
#9820=VECTOR('',#9819,2.463110705);
#9821=LINE('',#9818,#9820);
#9822=EDGE_CURVE('',#9786,#9817,#9821,.T.);
#9823=ORIENTED_EDGE('',*,*,#9822,.T.);
#9824=CARTESIAN_POINT('',(95.728048938,-131.190502681,24.94));
#9825=VERTEX_POINT('',#9824);
#9826=CARTESIAN_POINT('',(95.728048938,-131.190502681,24.94));
#9827=DIRECTION('',(0.,0.,-1.));
#9828=VECTOR('',#9827,25.);
#9829=LINE('',#9826,#9828);
#9830=EDGE_CURVE('',#9825,#9817,#9829,.T.);
#9831=ORIENTED_EDGE('',*,*,#9830,.F.);
#9832=CARTESIAN_POINT('',(96.471268548,-133.538808231,24.94));
#9833=DIRECTION('',(-0.301740238,0.953390177,0.));
#9834=VECTOR('',#9833,2.463110705);
#9835=LINE('',#9832,#9834);
#9836=EDGE_CURVE('',#9794,#9825,#9835,.T.);
#9837=ORIENTED_EDGE('',*,*,#9836,.F.);
#9838=ORIENTED_EDGE('',*,*,#9799,.T.);
#9839=EDGE_LOOP('',(#9823,#9831,#9837,#9838));
#9840=FACE_BOUND('',#9839,.T.);
#9841=ADVANCED_FACE('',(#9840),#9815,.F.);
#9842=CARTESIAN_POINT('',(95.392799638,-130.000650971,12.06));
#9843=DIRECTION('',(-0.962523592,-0.271197963,0.));
#9844=DIRECTION('',(0.271197963,-0.962523592,0.));
#9845=AXIS2_PLACEMENT_3D('',#9842,#9843,#9844);
#9846=PLANE('',#9845);
#9847=CARTESIAN_POINT('',(95.057550338,-128.810799261,-0.06));
#9848=VERTEX_POINT('',#9847);
#9849=CARTESIAN_POINT('',(95.728048938,-131.190502681,-0.06));
#9850=DIRECTION('',(-0.271197963,0.962523592,0.));
#9851=VECTOR('',#9850,2.472358538);
#9852=LINE('',#9849,#9851);
#9853=EDGE_CURVE('',#9817,#9848,#9852,.T.);
#9854=ORIENTED_EDGE('',*,*,#9853,.T.);
#9855=CARTESIAN_POINT('',(95.057550338,-128.810799261,24.94));
#9856=VERTEX_POINT('',#9855);
#9857=CARTESIAN_POINT('',(95.057550338,-128.810799261,24.94));
#9858=DIRECTION('',(0.,0.,-1.));
#9859=VECTOR('',#9858,25.);
#9860=LINE('',#9857,#9859);
#9861=EDGE_CURVE('',#9856,#9848,#9860,.T.);
#9862=ORIENTED_EDGE('',*,*,#9861,.F.);
#9863=CARTESIAN_POINT('',(95.728048938,-131.190502681,24.94));
#9864=DIRECTION('',(-0.271197963,0.962523592,0.));
#9865=VECTOR('',#9864,2.472358538);
#9866=LINE('',#9863,#9865);
#9867=EDGE_CURVE('',#9825,#9856,#9866,.T.);
#9868=ORIENTED_EDGE('',*,*,#9867,.F.);
#9869=ORIENTED_EDGE('',*,*,#9830,.T.);
#9870=EDGE_LOOP('',(#9854,#9862,#9868,#9869));
#9871=FACE_BOUND('',#9870,.T.);
#9872=ADVANCED_FACE('',(#9871),#9846,.F.);
#9873=CARTESIAN_POINT('',(94.759310973,-127.605898551,12.06));
#9874=DIRECTION('',(-0.97070585,-0.240270998,0.));
#9875=DIRECTION('',(0.240270998,-0.97070585,0.));
#9876=AXIS2_PLACEMENT_3D('',#9873,#9874,#9875);
#9877=PLANE('',#9876);
#9878=CARTESIAN_POINT('',(94.461071608,-126.400997841,-0.06));
#9879=VERTEX_POINT('',#9878);
#9880=CARTESIAN_POINT('',(95.057550338,-128.810799261,-0.06));
#9881=DIRECTION('',(-0.240270998,0.97070585,0.));
#9882=VECTOR('',#9881,2.482524876);
#9883=LINE('',#9880,#9882);
#9884=EDGE_CURVE('',#9848,#9879,#9883,.T.);
#9885=ORIENTED_EDGE('',*,*,#9884,.T.);
#9886=CARTESIAN_POINT('',(94.461071608,-126.400997841,24.94));
#9887=VERTEX_POINT('',#9886);
#9888=CARTESIAN_POINT('',(94.461071608,-126.400997841,24.94));
#9889=DIRECTION('',(0.,0.,-1.));
#9890=VECTOR('',#9889,25.);
#9891=LINE('',#9888,#9890);
#9892=EDGE_CURVE('',#9887,#9879,#9891,.T.);
#9893=ORIENTED_EDGE('',*,*,#9892,.F.);
#9894=CARTESIAN_POINT('',(95.057550338,-128.810799261,24.94));
#9895=DIRECTION('',(-0.240270998,0.97070585,0.));
#9896=VECTOR('',#9895,2.482524876);
#9897=LINE('',#9894,#9896);
#9898=EDGE_CURVE('',#9856,#9887,#9897,.T.);
#9899=ORIENTED_EDGE('',*,*,#9898,.F.);
#9900=ORIENTED_EDGE('',*,*,#9861,.T.);
#9901=EDGE_LOOP('',(#9885,#9893,#9899,#9900));
#9902=FACE_BOUND('',#9901,.T.);
#9903=ADVANCED_FACE('',(#9902),#9877,.F.);
#9904=CARTESIAN_POINT('',(94.200491608,-125.181696551,12.06));
#9905=DIRECTION('',(-0.977917101,-0.208993167,0.));
#9906=DIRECTION('',(0.208993167,-0.977917101,0.));
#9907=AXIS2_PLACEMENT_3D('',#9904,#9905,#9906);
#9908=PLANE('',#9907);
#9909=CARTESIAN_POINT('',(93.939911608,-123.962395261,-0.06));
#9910=VERTEX_POINT('',#9909);
#9911=CARTESIAN_POINT('',(94.461071608,-126.400997841,-0.06));
#9912=DIRECTION('',(-0.208993167,0.977917101,0.));
#9913=VECTOR('',#9912,2.493670044);
#9914=LINE('',#9911,#9913);
#9915=EDGE_CURVE('',#9879,#9910,#9914,.T.);
#9916=ORIENTED_EDGE('',*,*,#9915,.T.);
#9917=CARTESIAN_POINT('',(93.939911608,-123.962395261,24.94));
#9918=VERTEX_POINT('',#9917);
#9919=CARTESIAN_POINT('',(93.939911608,-123.962395261,24.94));
#9920=DIRECTION('',(0.,0.,-1.));
#9921=VECTOR('',#9920,25.);
#9922=LINE('',#9919,#9921);
#9923=EDGE_CURVE('',#9918,#9910,#9922,.T.);
#9924=ORIENTED_EDGE('',*,*,#9923,.F.);
#9925=CARTESIAN_POINT('',(94.461071608,-126.400997841,24.94));
#9926=DIRECTION('',(-0.208993167,0.977917101,0.));
#9927=VECTOR('',#9926,2.493670044);
#9928=LINE('',#9925,#9927);
#9929=EDGE_CURVE('',#9887,#9918,#9928,.T.);
#9930=ORIENTED_EDGE('',*,*,#9929,.F.);
#9931=ORIENTED_EDGE('',*,*,#9892,.T.);
#9932=EDGE_LOOP('',(#9916,#9924,#9930,#9931));
#9933=FACE_BOUND('',#9932,.T.);
#9934=ADVANCED_FACE('',(#9933),#9908,.F.);
#9935=CARTESIAN_POINT('',(93.717640403,-122.729342316,12.06));
#9936=DIRECTION('',(-0.98413853,-0.177401674,0.));
#9937=DIRECTION('',(0.177401674,-0.98413853,0.));
#9938=AXIS2_PLACEMENT_3D('',#9935,#9936,#9937);
#9939=PLANE('',#9938);
#9940=CARTESIAN_POINT('',(93.495369198,-121.496289371,-0.06));
#9941=VERTEX_POINT('',#9940);
#9942=CARTESIAN_POINT('',(93.939911608,-123.962395261,-0.06));
#9943=DIRECTION('',(-0.177401674,0.98413853,0.));
#9944=VECTOR('',#9943,2.505852393);
#9945=LINE('',#9942,#9944);
#9946=EDGE_CURVE('',#9910,#9941,#9945,.T.);
#9947=ORIENTED_EDGE('',*,*,#9946,.T.);
#9948=CARTESIAN_POINT('',(93.495369198,-121.496289371,24.94));
#9949=VERTEX_POINT('',#9948);
#9950=CARTESIAN_POINT('',(93.495369198,-121.496289371,24.94));
#9951=DIRECTION('',(0.,0.,-1.));
#9952=VECTOR('',#9951,25.);
#9953=LINE('',#9950,#9952);
#9954=EDGE_CURVE('',#9949,#9941,#9953,.T.);
#9955=ORIENTED_EDGE('',*,*,#9954,.F.);
#9956=CARTESIAN_POINT('',(93.939911608,-123.962395261,24.94));
#9957=DIRECTION('',(-0.177401674,0.98413853,0.));
#9958=VECTOR('',#9957,2.505852393);
#9959=LINE('',#9956,#9958);
#9960=EDGE_CURVE('',#9918,#9949,#9959,.T.);
#9961=ORIENTED_EDGE('',*,*,#9960,.F.);
#9962=ORIENTED_EDGE('',*,*,#9923,.T.);
#9963=EDGE_LOOP('',(#9947,#9955,#9961,#9962));
#9964=FACE_BOUND('',#9963,.T.);
#9965=ADVANCED_FACE('',(#9964),#9939,.F.);
#9966=CARTESIAN_POINT('',(93.312054703,-120.250134201,12.06));
#9967=DIRECTION('',(-0.989352691,-0.145537806,0.));
#9968=DIRECTION('',(0.145537806,-0.989352691,0.));
#9969=AXIS2_PLACEMENT_3D('',#9966,#9967,#9968);
#9970=PLANE('',#9969);
#9971=CARTESIAN_POINT('',(93.128740208,-119.003979031,-0.06));
#9972=VERTEX_POINT('',#9971);
#9973=CARTESIAN_POINT('',(93.495369198,-121.496289371,-0.06));
#9974=DIRECTION('',(-0.145537806,0.989352691,0.));
#9975=VECTOR('',#9974,2.51913232);
#9976=LINE('',#9973,#9975);
#9977=EDGE_CURVE('',#9941,#9972,#9976,.T.);
#9978=ORIENTED_EDGE('',*,*,#9977,.T.);
#9979=CARTESIAN_POINT('',(93.128740208,-119.003979031,24.94));
#9980=VERTEX_POINT('',#9979);
#9981=CARTESIAN_POINT('',(93.128740208,-119.003979031,24.94));
#9982=DIRECTION('',(0.,0.,-1.));
#9983=VECTOR('',#9982,25.);
#9984=LINE('',#9981,#9983);
#9985=EDGE_CURVE('',#9980,#9972,#9984,.T.);
#9986=ORIENTED_EDGE('',*,*,#9985,.F.);
#9987=CARTESIAN_POINT('',(93.495369198,-121.496289371,24.94));
#9988=DIRECTION('',(-0.145537806,0.989352691,0.));
#9989=VECTOR('',#9988,2.51913232);
#9990=LINE('',#9987,#9989);
#9991=EDGE_CURVE('',#9949,#9980,#9990,.T.);
#9992=ORIENTED_EDGE('',*,*,#9991,.F.);
#9993=ORIENTED_EDGE('',*,*,#9954,.T.);
#9994=EDGE_LOOP('',(#9978,#9986,#9992,#9993));
#9995=FACE_BOUND('',#9994,.T.);
#9996=ADVANCED_FACE('',(#9995),#9970,.F.);
#9997=CARTESIAN_POINT('',(92.985032863,-117.745370561,12.06));
#9998=DIRECTION('',(-0.993544567,-0.113442469,0.));
#9999=DIRECTION('',(0.113442469,-0.993544567,0.));
#10000=AXIS2_PLACEMENT_3D('',#9997,#9998,#9999);
#10001=PLANE('',#10000);
#10002=CARTESIAN_POINT('',(92.841325518,-116.486762091,-0.06));
#10003=VERTEX_POINT('',#10002);
#10004=CARTESIAN_POINT('',(93.128740208,-119.003979031,-0.06));
#10005=DIRECTION('',(-0.113442469,0.993544567,0.));
#10006=VECTOR('',#10005,2.533572246);
#10007=LINE('',#10004,#10006);
#10008=EDGE_CURVE('',#9972,#10003,#10007,.T.);
#10009=ORIENTED_EDGE('',*,*,#10008,.T.);
#10010=CARTESIAN_POINT('',(92.841325518,-116.486762091,24.94));
#10011=VERTEX_POINT('',#10010);
#10012=CARTESIAN_POINT('',(92.841325518,-116.486762091,24.94));
#10013=DIRECTION('',(0.,0.,-1.));
#10014=VECTOR('',#10013,25.);
#10015=LINE('',#10012,#10014);
#10016=EDGE_CURVE('',#10011,#10003,#10015,.T.);
#10017=ORIENTED_EDGE('',*,*,#10016,.F.);
#10018=CARTESIAN_POINT('',(93.128740208,-119.003979031,24.94));
#10019=DIRECTION('',(-0.113442469,0.993544567,0.));
#10020=VECTOR('',#10019,2.533572246);
#10021=LINE('',#10018,#10020);
#10022=EDGE_CURVE('',#9980,#10011,#10021,.T.);
#10023=ORIENTED_EDGE('',*,*,#10022,.F.);
#10024=ORIENTED_EDGE('',*,*,#9985,.T.);
#10025=EDGE_LOOP('',(#10009,#10017,#10023,#10024));
#10026=FACE_BOUND('',#10025,.T.);
#10027=ADVANCED_FACE('',(#10026),#10001,.F.);
#10028=CARTESIAN_POINT('',(92.737873238,-115.216349751,12.06));
#10029=DIRECTION('',(-0.99670081,-0.081163389,0.));
#10030=DIRECTION('',(0.081163389,-0.99670081,0.));
#10031=AXIS2_PLACEMENT_3D('',#10028,#10029,#10030);
#10032=PLANE('',#10031);
#10033=CARTESIAN_POINT('',(92.634420958,-113.945937411,-0.06));
#10034=VERTEX_POINT('',#10033);
#10035=CARTESIAN_POINT('',(92.841325518,-116.486762091,-0.06));
#10036=DIRECTION('',(-0.081163389,0.99670081,0.));
#10037=VECTOR('',#10036,2.549235091);
#10038=LINE('',#10035,#10037);
#10039=EDGE_CURVE('',#10003,#10034,#10038,.T.);
#10040=ORIENTED_EDGE('',*,*,#10039,.T.);
#10041=CARTESIAN_POINT('',(92.634420958,-113.945937411,24.94));
#10042=VERTEX_POINT('',#10041);
#10043=CARTESIAN_POINT('',(92.634420958,-113.945937411,24.94));
#10044=DIRECTION('',(0.,0.,-1.));
#10045=VECTOR('',#10044,25.);
#10046=LINE('',#10043,#10045);
#10047=EDGE_CURVE('',#10042,#10034,#10046,.T.);
#10048=ORIENTED_EDGE('',*,*,#10047,.F.);
#10049=CARTESIAN_POINT('',(92.841325518,-116.486762091,24.94));
#10050=DIRECTION('',(-0.081163389,0.99670081,0.));
#10051=VECTOR('',#10050,2.549235091);
#10052=LINE('',#10049,#10051);
#10053=EDGE_CURVE('',#10011,#10042,#10052,.T.);
#10054=ORIENTED_EDGE('',*,*,#10053,.F.);
#10055=ORIENTED_EDGE('',*,*,#10016,.T.);
#10056=EDGE_LOOP('',(#10040,#10048,#10054,#10055));
#10057=FACE_BOUND('',#10056,.T.);
#10058=ADVANCED_FACE('',(#10057),#10032,.F.);
#10059=CARTESIAN_POINT('',(92.571873678,-112.664369621,12.06));
#10060=DIRECTION('',(-0.998811146,-0.048747262,0.));
#10061=DIRECTION('',(0.048747262,-0.998811146,0.));
#10062=AXIS2_PLACEMENT_3D('',#10059,#10060,#10061);
#10063=PLANE('',#10062);
#10064=CARTESIAN_POINT('',(92.509326398,-111.382801831,-0.06));
#10065=VERTEX_POINT('',#10064);
#10066=CARTESIAN_POINT('',(92.634420958,-113.945937411,-0.06));
#10067=DIRECTION('',(-0.048747262,0.998811146,0.));
#10068=VECTOR('',#10067,2.566186402);
#10069=LINE('',#10066,#10068);
#10070=EDGE_CURVE('',#10034,#10065,#10069,.T.);
#10071=ORIENTED_EDGE('',*,*,#10070,.T.);
#10072=CARTESIAN_POINT('',(92.509326398,-111.382801831,24.94));
#10073=VERTEX_POINT('',#10072);
#10074=CARTESIAN_POINT('',(92.509326398,-111.382801831,24.94));
#10075=DIRECTION('',(0.,0.,-1.));
#10076=VECTOR('',#10075,25.);
#10077=LINE('',#10074,#10076);
#10078=EDGE_CURVE('',#10073,#10065,#10077,.T.);
#10079=ORIENTED_EDGE('',*,*,#10078,.F.);
#10080=CARTESIAN_POINT('',(92.634420958,-113.945937411,24.94));
#10081=DIRECTION('',(-0.048747262,0.998811146,0.));
#10082=VECTOR('',#10081,2.566186402);
#10083=LINE('',#10080,#10082);
#10084=EDGE_CURVE('',#10042,#10073,#10083,.T.);
#10085=ORIENTED_EDGE('',*,*,#10084,.F.);
#10086=ORIENTED_EDGE('',*,*,#10047,.T.);
#10087=EDGE_LOOP('',(#10071,#10079,#10085,#10086));
#10088=FACE_BOUND('',#10087,.T.);
#10089=ADVANCED_FACE('',(#10088),#10063,.F.);
#10090=CARTESIAN_POINT('',(92.488333043,-110.090728526,12.06));
#10091=DIRECTION('',(-0.999868031,-0.016245661,0.));
#10092=DIRECTION('',(0.016245661,-0.999868031,0.));
#10093=AXIS2_PLACEMENT_3D('',#10090,#10091,#10092);
#10094=PLANE('',#10093);
#10095=CARTESIAN_POINT('',(92.467339688,-108.798655221,-0.06));
#10096=VERTEX_POINT('',#10095);
#10097=CARTESIAN_POINT('',(92.509326398,-111.382801831,-0.06));
#10098=DIRECTION('',(-0.016245661,0.999868031,0.));
#10099=VECTOR('',#10098,2.584487683);
#10100=LINE('',#10097,#10099);
#10101=EDGE_CURVE('',#10065,#10096,#10100,.T.);
#10102=ORIENTED_EDGE('',*,*,#10101,.T.);
#10103=CARTESIAN_POINT('',(92.467339688,-108.798655221,24.94));
#10104=VERTEX_POINT('',#10103);
#10105=CARTESIAN_POINT('',(92.467339688,-108.798655221,24.94));
#10106=DIRECTION('',(0.,0.,-1.));
#10107=VECTOR('',#10106,25.);
#10108=LINE('',#10105,#10107);
#10109=EDGE_CURVE('',#10104,#10096,#10108,.T.);
#10110=ORIENTED_EDGE('',*,*,#10109,.F.);
#10111=CARTESIAN_POINT('',(92.509326398,-111.382801831,24.94));
#10112=DIRECTION('',(-0.016245661,0.999868031,0.));
#10113=VECTOR('',#10112,2.584487683);
#10114=LINE('',#10111,#10113);
#10115=EDGE_CURVE('',#10073,#10104,#10114,.T.);
#10116=ORIENTED_EDGE('',*,*,#10115,.F.);
#10117=ORIENTED_EDGE('',*,*,#10078,.T.);
#10118=EDGE_LOOP('',(#10102,#10110,#10116,#10117));
#10119=FACE_BOUND('',#10118,.T.);
#10120=ADVANCED_FACE('',(#10119),#10094,.F.);
#10121=CARTESIAN_POINT('',(92.467680563,-108.670776596,12.06));
#10122=DIRECTION('',(-0.999996447,0.002665604,0.));
#10123=DIRECTION('',(-0.002665604,-0.999996447,0.));
#10124=AXIS2_PLACEMENT_3D('',#10121,#10122,#10123);
#10125=PLANE('',#10124);
#10126=CARTESIAN_POINT('',(92.468021438,-108.542897971,-0.06));
#10127=VERTEX_POINT('',#10126);
#10128=CARTESIAN_POINT('',(92.467339688,-108.798655221,-0.06));
#10129=DIRECTION('',(0.002665604,0.999996447,0.));
#10130=VECTOR('',#10129,0.255758159);
#10131=LINE('',#10128,#10130);
#10132=EDGE_CURVE('',#10096,#10127,#10131,.T.);
#10133=ORIENTED_EDGE('',*,*,#10132,.T.);
#10134=CARTESIAN_POINT('',(92.468021438,-108.542897971,24.94));
#10135=VERTEX_POINT('',#10134);
#10136=CARTESIAN_POINT('',(92.468021438,-108.542897971,24.94));
#10137=DIRECTION('',(0.,0.,-1.));
#10138=VECTOR('',#10137,25.);
#10139=LINE('',#10136,#10138);
#10140=EDGE_CURVE('',#10135,#10127,#10139,.T.);
#10141=ORIENTED_EDGE('',*,*,#10140,.F.);
#10142=CARTESIAN_POINT('',(92.467339688,-108.798655221,24.94));
#10143=DIRECTION('',(0.002665604,0.999996447,0.));
#10144=VECTOR('',#10143,0.255758159);
#10145=LINE('',#10142,#10144);
#10146=EDGE_CURVE('',#10104,#10135,#10145,.T.);
#10147=ORIENTED_EDGE('',*,*,#10146,.F.);
#10148=ORIENTED_EDGE('',*,*,#10109,.T.);
#10149=EDGE_LOOP('',(#10133,#10141,#10147,#10148));
#10150=FACE_BOUND('',#10149,.T.);
#10151=ADVANCED_FACE('',(#10150),#10125,.F.);
#10152=CARTESIAN_POINT('',(91.177429803,-108.918528081,12.06));
#10153=DIRECTION('',(0.279456619,-0.960158319,0.));
#10154=DIRECTION('',(0.960158319,0.279456619,0.));
#10155=AXIS2_PLACEMENT_3D('',#10152,#10153,#10154);
#10156=PLANE('',#10155);
#10157=CARTESIAN_POINT('',(89.886838168,-109.294158191,-0.06));
#10158=VERTEX_POINT('',#10157);
#10159=CARTESIAN_POINT('',(92.468021438,-108.542897971,-0.06));
#10160=DIRECTION('',(-0.960158319,-0.279456619,0.));
#10161=VECTOR('',#10160,2.688289231);
#10162=LINE('',#10159,#10161);
#10163=EDGE_CURVE('',#10127,#10158,#10162,.T.);
#10164=ORIENTED_EDGE('',*,*,#10163,.T.);
#10165=CARTESIAN_POINT('',(89.886838168,-109.294158191,24.94));
#10166=VERTEX_POINT('',#10165);
#10167=CARTESIAN_POINT('',(89.886838168,-109.294158191,24.94));
#10168=DIRECTION('',(0.,0.,-1.));
#10169=VECTOR('',#10168,25.);
#10170=LINE('',#10167,#10169);
#10171=EDGE_CURVE('',#10166,#10158,#10170,.T.);
#10172=ORIENTED_EDGE('',*,*,#10171,.F.);
#10173=CARTESIAN_POINT('',(92.468021438,-108.542897971,24.94));
#10174=DIRECTION('',(-0.960158319,-0.279456619,0.));
#10175=VECTOR('',#10174,2.688289231);
#10176=LINE('',#10173,#10175);
#10177=EDGE_CURVE('',#10135,#10166,#10176,.T.);
#10178=ORIENTED_EDGE('',*,*,#10177,.F.);
#10179=ORIENTED_EDGE('',*,*,#10140,.T.);
#10180=EDGE_LOOP('',(#10164,#10172,#10178,#10179));
#10181=FACE_BOUND('',#10180,.T.);
#10182=ADVANCED_FACE('',(#10181),#10156,.F.);
#10183=CARTESIAN_POINT('',(88.691727388,-109.612087506,12.06));
#10184=DIRECTION('',(0.25708365,-0.966389154,0.));
#10185=DIRECTION('',(0.966389154,0.25708365,0.));
#10186=AXIS2_PLACEMENT_3D('',#10183,#10184,#10185);
#10187=PLANE('',#10186);
#10188=CARTESIAN_POINT('',(87.496616608,-109.930016821,-0.06));
#10189=VERTEX_POINT('',#10188);
#10190=CARTESIAN_POINT('',(89.886838168,-109.294158191,-0.06));
#10191=DIRECTION('',(-0.966389154,-0.25708365,0.));
#10192=VECTOR('',#10191,2.473353049);
#10193=LINE('',#10190,#10192);
#10194=EDGE_CURVE('',#10158,#10189,#10193,.T.);
#10195=ORIENTED_EDGE('',*,*,#10194,.T.);
#10196=CARTESIAN_POINT('',(87.496616608,-109.930016821,24.94));
#10197=VERTEX_POINT('',#10196);
#10198=CARTESIAN_POINT('',(87.496616608,-109.930016821,24.94));
#10199=DIRECTION('',(0.,0.,-1.));
#10200=VECTOR('',#10199,25.);
#10201=LINE('',#10198,#10200);
#10202=EDGE_CURVE('',#10197,#10189,#10201,.T.);
#10203=ORIENTED_EDGE('',*,*,#10202,.F.);
#10204=CARTESIAN_POINT('',(89.886838168,-109.294158191,24.94));
#10205=DIRECTION('',(-0.966389154,-0.25708365,0.));
#10206=VECTOR('',#10205,2.473353049);
#10207=LINE('',#10204,#10206);
#10208=EDGE_CURVE('',#10166,#10197,#10207,.T.);
#10209=ORIENTED_EDGE('',*,*,#10208,.F.);
#10210=ORIENTED_EDGE('',*,*,#10171,.T.);
#10211=EDGE_LOOP('',(#10195,#10203,#10209,#10210));
#10212=FACE_BOUND('',#10211,.T.);
#10213=ADVANCED_FACE('',(#10212),#10187,.F.);
#10214=CARTESIAN_POINT('',(86.934781383,-110.059590226,12.06));
#10215=DIRECTION('',(0.224726326,-0.97442192,0.));
#10216=DIRECTION('',(0.97442192,0.224726326,0.));
#10217=AXIS2_PLACEMENT_3D('',#10214,#10215,#10216);
#10218=PLANE('',#10217);
#10219=CARTESIAN_POINT('',(86.372946158,-110.189163631,-0.06));
#10220=VERTEX_POINT('',#10219);
#10221=CARTESIAN_POINT('',(87.496616608,-109.930016821,-0.06));
#10222=DIRECTION('',(-0.97442192,-0.224726326,0.));
#10223=VECTOR('',#10222,1.153166228);
#10224=LINE('',#10221,#10223);
#10225=EDGE_CURVE('',#10189,#10220,#10224,.T.);
#10226=ORIENTED_EDGE('',*,*,#10225,.T.);
#10227=CARTESIAN_POINT('',(86.372946158,-110.189163631,24.94));
#10228=VERTEX_POINT('',#10227);
#10229=CARTESIAN_POINT('',(86.372946158,-110.189163631,24.94));
#10230=DIRECTION('',(0.,0.,-1.));
#10231=VECTOR('',#10230,25.);
#10232=LINE('',#10229,#10231);
#10233=EDGE_CURVE('',#10228,#10220,#10232,.T.);
#10234=ORIENTED_EDGE('',*,*,#10233,.F.);
#10235=CARTESIAN_POINT('',(87.496616608,-109.930016821,24.94));
#10236=DIRECTION('',(-0.97442192,-0.224726326,0.));
#10237=VECTOR('',#10236,1.153166228);
#10238=LINE('',#10235,#10237);
#10239=EDGE_CURVE('',#10197,#10228,#10238,.T.);
#10240=ORIENTED_EDGE('',*,*,#10239,.F.);
#10241=ORIENTED_EDGE('',*,*,#10202,.T.);
#10242=EDGE_LOOP('',(#10226,#10234,#10240,#10241));
#10243=FACE_BOUND('',#10242,.T.);
#10244=ADVANCED_FACE('',(#10243),#10218,.F.);
#10245=CARTESIAN_POINT('',(85.834879768,-110.295008096,12.06));
#10246=DIRECTION('',(0.193013678,-0.981196066,0.));
#10247=DIRECTION('',(0.981196066,0.193013678,0.));
#10248=AXIS2_PLACEMENT_3D('',#10245,#10246,#10247);
#10249=PLANE('',#10248);
#10250=CARTESIAN_POINT('',(85.296813378,-110.400852561,24.935116474));
#10251=VERTEX_POINT('',#10250);
#10252=CARTESIAN_POINT('',(85.296813378,-110.400852561,-0.06));
#10253=VERTEX_POINT('',#10252);
#10254=CARTESIAN_POINT('',(85.296813378,-110.400852561,24.935116474));
#10255=DIRECTION('',(0.,0.,-1.));
#10256=VECTOR('',#10255,24.995116474);
#10257=LINE('',#10254,#10256);
#10258=EDGE_CURVE('',#10251,#10253,#10257,.T.);
#10259=ORIENTED_EDGE('',*,*,#10258,.F.);
#10260=CARTESIAN_POINT('',(85.865206049,-110.289042533,24.94));
#10261=VERTEX_POINT('',#10260);
#10262=CARTESIAN_POINT('',(85.865206049,-110.289042533,-8.14));
#10263=DIRECTION('',(-0.193013678,0.981196066,-0.));
#10264=DIRECTION('',(0.981196066,0.193013678,0.));
#10265=AXIS2_PLACEMENT_3D('',#10262,#10263,#10264);
#10266=ELLIPSE('',#10265,33.713954978,33.08);
#10267=EDGE_CURVE('',#10251,#10261,#10266,.T.);
#10268=ORIENTED_EDGE('',*,*,#10267,.T.);
#10269=CARTESIAN_POINT('',(86.372946158,-110.189163631,24.94));
#10270=DIRECTION('',(-0.981196066,-0.193013678,0.));
#10271=VECTOR('',#10270,0.517470591);
#10272=LINE('',#10269,#10271);
#10273=EDGE_CURVE('',#10228,#10261,#10272,.T.);
#10274=ORIENTED_EDGE('',*,*,#10273,.F.);
#10275=ORIENTED_EDGE('',*,*,#10233,.T.);
#10276=CARTESIAN_POINT('',(86.372946158,-110.189163631,-0.06));
#10277=DIRECTION('',(-0.981196066,-0.193013678,0.));
#10278=VECTOR('',#10277,1.096756109);
#10279=LINE('',#10276,#10278);
#10280=EDGE_CURVE('',#10220,#10253,#10279,.T.);
#10281=ORIENTED_EDGE('',*,*,#10280,.T.);
#10282=EDGE_LOOP('',(#10259,#10268,#10274,#10275,#10281));
#10283=FACE_BOUND('',#10282,.T.);
#10284=ADVANCED_FACE('',(#10283),#10249,.F.);
#10285=CARTESIAN_POINT('',(84.782480978,-110.479865871,12.06));
#10286=DIRECTION('',(0.151841759,-0.988404816,0.));
#10287=DIRECTION('',(0.988404816,0.151841759,0.));
#10288=AXIS2_PLACEMENT_3D('',#10285,#10286,#10287);
#10289=PLANE('',#10288);
#10290=CARTESIAN_POINT('',(84.268148578,-110.558879181,24.901425627));
#10291=VERTEX_POINT('',#10290);
#10292=CARTESIAN_POINT('',(84.268148578,-110.558879181,-0.06));
#10293=VERTEX_POINT('',#10292);
#10294=CARTESIAN_POINT('',(84.268148578,-110.558879181,24.901425627));
#10295=DIRECTION('',(0.,0.,-1.));
#10296=VECTOR('',#10295,24.961425627);
#10297=LINE('',#10294,#10296);
#10298=EDGE_CURVE('',#10291,#10293,#10297,.T.);
#10299=ORIENTED_EDGE('',*,*,#10298,.F.);
#10300=CARTESIAN_POINT('',(85.865206049,-110.313534347,-8.14));
#10301=DIRECTION('',(-0.151841759,0.988404816,-0.));
#10302=DIRECTION('',(0.988404816,0.151841759,0.));
#10303=AXIS2_PLACEMENT_3D('',#10300,#10301,#10302);
#10304=ELLIPSE('',#10303,33.468068411,33.08);
#10305=EDGE_CURVE('',#10291,#10251,#10304,.T.);
#10306=ORIENTED_EDGE('',*,*,#10305,.T.);
#10307=ORIENTED_EDGE('',*,*,#10258,.T.);
#10308=CARTESIAN_POINT('',(85.296813378,-110.400852561,-0.06));
#10309=DIRECTION('',(-0.988404816,-0.151841759,0.));
#10310=VECTOR('',#10309,1.040732282);
#10311=LINE('',#10308,#10310);
#10312=EDGE_CURVE('',#10253,#10293,#10311,.T.);
#10313=ORIENTED_EDGE('',*,*,#10312,.T.);
#10314=EDGE_LOOP('',(#10299,#10306,#10307,#10313));
#10315=FACE_BOUND('',#10314,.T.);
#10316=ADVANCED_FACE('',(#10315),#10289,.F.);
#10317=CARTESIAN_POINT('',(83.777516838,-110.607960636,12.06));
#10318=DIRECTION('',(0.099540427,-0.995033519,0.));
#10319=DIRECTION('',(0.995033519,0.099540427,0.));
#10320=AXIS2_PLACEMENT_3D('',#10317,#10318,#10319);
#10321=PLANE('',#10320);
#10322=CARTESIAN_POINT('',(83.286885098,-110.657042091,24.839367202));
#10323=VERTEX_POINT('',#10322);
#10324=CARTESIAN_POINT('',(83.286885098,-110.657042091,-0.06));
#10325=VERTEX_POINT('',#10324);
#10326=CARTESIAN_POINT('',(83.286885098,-110.657042091,24.839367202));
#10327=DIRECTION('',(0.,0.,-1.));
#10328=VECTOR('',#10327,24.899367202);
#10329=LINE('',#10326,#10328);
#10330=EDGE_CURVE('',#10323,#10325,#10329,.T.);
#10331=ORIENTED_EDGE('',*,*,#10330,.F.);
#10332=CARTESIAN_POINT('',(85.865206049,-110.399113927,-8.14));
#10333=DIRECTION('',(-0.099540427,0.995033519,-0.));
#10334=DIRECTION('',(0.995033519,0.099540427,0.));
#10335=AXIS2_PLACEMENT_3D('',#10332,#10333,#10334);
#10336=ELLIPSE('',#10335,33.245111222,33.08);
#10337=EDGE_CURVE('',#10323,#10291,#10336,.T.);
#10338=ORIENTED_EDGE('',*,*,#10337,.T.);
#10339=ORIENTED_EDGE('',*,*,#10298,.T.);
#10340=CARTESIAN_POINT('',(84.268148578,-110.558879181,-0.06));
#10341=DIRECTION('',(-0.995033519,-0.099540427,0.));
#10342=VECTOR('',#10341,0.986161231);
#10343=LINE('',#10340,#10342);
#10344=EDGE_CURVE('',#10293,#10325,#10343,.T.);
#10345=ORIENTED_EDGE('',*,*,#10344,.T.);
#10346=EDGE_LOOP('',(#10331,#10338,#10339,#10345));
#10347=FACE_BOUND('',#10346,.T.);
#10348=ADVANCED_FACE('',(#10347),#10321,.F.);
#10349=CARTESIAN_POINT('',(82.819919678,-110.673089981,12.06));
#10350=DIRECTION('',(0.034346059,-0.99941,0.));
#10351=DIRECTION('',(0.99941,0.034346059,0.));
#10352=AXIS2_PLACEMENT_3D('',#10349,#10350,#10351);
#10353=PLANE('',#10352);
#10354=CARTESIAN_POINT('',(82.352954258,-110.689137871,24.753015784));
#10355=VERTEX_POINT('',#10354);
#10356=CARTESIAN_POINT('',(82.352954258,-110.689137871,-0.06));
#10357=VERTEX_POINT('',#10356);
#10358=CARTESIAN_POINT('',(82.352954258,-110.689137871,24.753015784));
#10359=DIRECTION('',(0.,0.,-1.));
#10360=VECTOR('',#10359,24.813015784);
#10361=LINE('',#10358,#10360);
#10362=EDGE_CURVE('',#10355,#10357,#10361,.T.);
#10363=ORIENTED_EDGE('',*,*,#10362,.F.);
#10364=CARTESIAN_POINT('',(85.865206049,-110.56843465,-8.14));
#10365=DIRECTION('',(-0.034346059,0.99941,-0.));
#10366=DIRECTION('',(0.99941,0.034346059,0.));
#10367=AXIS2_PLACEMENT_3D('',#10364,#10365,#10366);
#10368=ELLIPSE('',#10367,33.099528719,33.08);
#10369=EDGE_CURVE('',#10355,#10323,#10368,.T.);
#10370=ORIENTED_EDGE('',*,*,#10369,.T.);
#10371=ORIENTED_EDGE('',*,*,#10330,.T.);
#10372=CARTESIAN_POINT('',(83.286885098,-110.657042091,-0.06));
#10373=DIRECTION('',(-0.99941,-0.034346059,0.));
#10374=VECTOR('',#10373,0.934482184);
#10375=LINE('',#10372,#10374);
#10376=EDGE_CURVE('',#10325,#10357,#10375,.T.);
#10377=ORIENTED_EDGE('',*,*,#10376,.T.);
#10378=EDGE_LOOP('',(#10363,#10370,#10371,#10377));
#10379=FACE_BOUND('',#10378,.T.);
#10380=ADVANCED_FACE('',(#10379),#10353,.F.);
#10381=CARTESIAN_POINT('',(81.909621828,-110.669050486,12.06));
#10382=DIRECTION('',(-0.045263544,-0.998975081,0.));
#10383=DIRECTION('',(0.998975081,-0.045263544,0.));
#10384=AXIS2_PLACEMENT_3D('',#10381,#10382,#10383);
#10385=PLANE('',#10384);
#10386=CARTESIAN_POINT('',(81.466289398,-110.648963101,24.646215584));
#10387=VERTEX_POINT('',#10386);
#10388=CARTESIAN_POINT('',(81.466289398,-110.648963101,-0.06));
#10389=VERTEX_POINT('',#10388);
#10390=CARTESIAN_POINT('',(81.466289398,-110.648963101,24.646215584));
#10391=DIRECTION('',(0.,0.,-1.));
#10392=VECTOR('',#10391,24.706215584);
#10393=LINE('',#10390,#10392);
#10394=EDGE_CURVE('',#10387,#10389,#10393,.T.);
#10395=ORIENTED_EDGE('',*,*,#10394,.F.);
#10396=CARTESIAN_POINT('',(85.865206049,-110.848277941,-8.14));
#10397=DIRECTION('',(0.045263544,0.998975081,-0.));
#10398=DIRECTION('',(-0.998975081,0.045263544,0.));
#10399=AXIS2_PLACEMENT_3D('',#10396,#10397,#10398);
#10400=ELLIPSE('',#10399,33.11393912,33.08);
#10401=EDGE_CURVE('',#10387,#10355,#10400,.T.);
#10402=ORIENTED_EDGE('',*,*,#10401,.T.);
#10403=ORIENTED_EDGE('',*,*,#10362,.T.);
#10404=CARTESIAN_POINT('',(82.352954258,-110.689137871,-0.06));
#10405=DIRECTION('',(-0.998975081,0.045263544,0.));
#10406=VECTOR('',#10405,0.887574552);
#10407=LINE('',#10404,#10406);
#10408=EDGE_CURVE('',#10357,#10389,#10407,.T.);
#10409=ORIENTED_EDGE('',*,*,#10408,.T.);
#10410=EDGE_LOOP('',(#10395,#10402,#10403,#10409));
#10411=FACE_BOUND('',#10410,.T.);
#10412=ADVANCED_FACE('',(#10411),#10385,.F.);
#10413=CARTESIAN_POINT('',(81.046555618,-110.589639741,12.06));
#10414=DIRECTION('',(-0.13994484,-0.990159301,0.));
#10415=DIRECTION('',(0.990159301,-0.13994484,0.));
#10416=AXIS2_PLACEMENT_3D('',#10413,#10414,#10415);
#10417=PLANE('',#10416);
#10418=CARTESIAN_POINT('',(80.626821838,-110.530316381,24.522604471));
#10419=VERTEX_POINT('',#10418);
#10420=CARTESIAN_POINT('',(80.626821838,-110.530316381,-0.06));
#10421=VERTEX_POINT('',#10420);
#10422=CARTESIAN_POINT('',(80.626821838,-110.530316381,24.522604471));
#10423=DIRECTION('',(0.,0.,-1.));
#10424=VECTOR('',#10423,24.582604471);
#10425=LINE('',#10422,#10424);
#10426=EDGE_CURVE('',#10419,#10421,#10425,.T.);
#10427=ORIENTED_EDGE('',*,*,#10426,.F.);
#10428=CARTESIAN_POINT('',(85.865206049,-111.270686985,-8.14));
#10429=DIRECTION('',(0.13994484,0.990159301,-0.));
#10430=DIRECTION('',(-0.990159301,0.13994484,0.));
#10431=AXIS2_PLACEMENT_3D('',#10428,#10429,#10430);
#10432=ELLIPSE('',#10431,33.408765599,33.08);
#10433=EDGE_CURVE('',#10419,#10387,#10432,.T.);
#10434=ORIENTED_EDGE('',*,*,#10433,.T.);
#10435=ORIENTED_EDGE('',*,*,#10394,.T.);
#10436=CARTESIAN_POINT('',(81.466289398,-110.648963101,-0.06));
#10437=DIRECTION('',(-0.990159301,0.13994484,0.));
#10438=VECTOR('',#10437,0.847810609);
#10439=LINE('',#10436,#10438);
#10440=EDGE_CURVE('',#10389,#10421,#10439,.T.);
#10441=ORIENTED_EDGE('',*,*,#10440,.T.);
#10442=EDGE_LOOP('',(#10427,#10434,#10435,#10441));
#10443=FACE_BOUND('',#10442,.T.);
#10444=ADVANCED_FACE('',(#10443),#10417,.F.);
#10445=CARTESIAN_POINT('',(80.230652368,-110.428655336,12.06));
#10446=DIRECTION('',(-0.248556879,-0.968617302,0.));
#10447=DIRECTION('',(0.968617302,-0.248556879,0.));
#10448=AXIS2_PLACEMENT_3D('',#10445,#10446,#10447);
#10449=PLANE('',#10448);
#10450=CARTESIAN_POINT('',(79.834482898,-110.326994291,24.385632634));
#10451=VERTEX_POINT('',#10450);
#10452=CARTESIAN_POINT('',(79.834482898,-110.326994291,-0.06));
#10453=VERTEX_POINT('',#10452);
#10454=CARTESIAN_POINT('',(79.834482898,-110.326994291,24.385632634));
#10455=DIRECTION('',(0.,0.,-1.));
#10456=VECTOR('',#10455,24.445632634);
#10457=LINE('',#10454,#10456);
#10458=EDGE_CURVE('',#10451,#10453,#10457,.T.);
#10459=ORIENTED_EDGE('',*,*,#10458,.F.);
#10460=CARTESIAN_POINT('',(85.865206049,-111.874538118,-8.14));
#10461=DIRECTION('',(0.248556879,0.968617302,-0.));
#10462=DIRECTION('',(-0.968617302,0.248556879,0.));
#10463=AXIS2_PLACEMENT_3D('',#10460,#10461,#10462);
#10464=ELLIPSE('',#10463,34.151774835,33.08);
#10465=EDGE_CURVE('',#10451,#10419,#10464,.T.);
#10466=ORIENTED_EDGE('',*,*,#10465,.T.);
#10467=ORIENTED_EDGE('',*,*,#10426,.T.);
#10468=CARTESIAN_POINT('',(80.626821838,-110.530316381,-0.06));
#10469=DIRECTION('',(-0.968617302,0.248556879,0.));
#10470=VECTOR('',#10469,0.818010311);
#10471=LINE('',#10468,#10470);
#10472=EDGE_CURVE('',#10421,#10453,#10471,.T.);
#10473=ORIENTED_EDGE('',*,*,#10472,.T.);
#10474=EDGE_LOOP('',(#10459,#10466,#10467,#10473));
#10475=FACE_BOUND('',#10474,.T.);
#10476=ADVANCED_FACE('',(#10475),#10449,.F.);
#10477=CARTESIAN_POINT('',(79.645224553,-110.259318231,12.06));
#10478=DIRECTION('',(-0.336706108,-0.94160979,0.));
#10479=DIRECTION('',(0.94160979,-0.336706108,0.));
#10480=AXIS2_PLACEMENT_3D('',#10477,#10478,#10479);
#10481=PLANE('',#10480);
#10482=CARTESIAN_POINT('',(79.455966208,-110.191642171,24.313166943));
#10483=VERTEX_POINT('',#10482);
#10484=CARTESIAN_POINT('',(79.455966208,-110.191642171,-0.06));
#10485=VERTEX_POINT('',#10484);
#10486=CARTESIAN_POINT('',(79.455966208,-110.191642171,24.313166943));
#10487=DIRECTION('',(0.,0.,-1.));
#10488=VECTOR('',#10487,24.373166943);
#10489=LINE('',#10486,#10488);
#10490=EDGE_CURVE('',#10483,#10485,#10489,.T.);
#10491=ORIENTED_EDGE('',*,*,#10490,.F.);
#10492=CARTESIAN_POINT('',(85.865206049,-112.483494084,-8.14));
#10493=DIRECTION('',(0.336706108,0.94160979,-0.));
#10494=DIRECTION('',(-0.94160979,0.336706108,0.));
#10495=AXIS2_PLACEMENT_3D('',#10492,#10493,#10494);
#10496=ELLIPSE('',#10495,35.131325461,33.08);
#10497=EDGE_CURVE('',#10483,#10451,#10496,.T.);
#10498=ORIENTED_EDGE('',*,*,#10497,.T.);
#10499=ORIENTED_EDGE('',*,*,#10458,.T.);
#10500=CARTESIAN_POINT('',(79.834482898,-110.326994291,-0.06));
#10501=DIRECTION('',(-0.94160979,0.336706108,0.));
#10502=VECTOR('',#10501,0.401988907);
#10503=LINE('',#10500,#10502);
#10504=EDGE_CURVE('',#10453,#10485,#10503,.T.);
#10505=ORIENTED_EDGE('',*,*,#10504,.T.);
#10506=EDGE_LOOP('',(#10491,#10498,#10499,#10505));
#10507=FACE_BOUND('',#10506,.T.);
#10508=ADVANCED_FACE('',(#10507),#10481,.F.);
#10509=CARTESIAN_POINT('',(79.272586063,-110.112218296,12.06));
#10510=DIRECTION('',(-0.397435315,-0.917630193,0.));
#10511=DIRECTION('',(0.917630193,-0.397435315,0.));
#10512=AXIS2_PLACEMENT_3D('',#10509,#10510,#10511);
#10513=PLANE('',#10512);
#10514=CARTESIAN_POINT('',(79.089205918,-110.032794421,24.238576593));
#10515=VERTEX_POINT('',#10514);
#10516=CARTESIAN_POINT('',(79.089205918,-110.032794421,-0.06));
#10517=VERTEX_POINT('',#10516);
#10518=CARTESIAN_POINT('',(79.089205918,-110.032794421,24.238576593));
#10519=DIRECTION('',(0.,0.,-1.));
#10520=VECTOR('',#10519,24.298576593);
#10521=LINE('',#10518,#10520);
#10522=EDGE_CURVE('',#10515,#10517,#10521,.T.);
#10523=ORIENTED_EDGE('',*,*,#10522,.F.);
#10524=CARTESIAN_POINT('',(85.865206049,-112.967551548,-8.14));
#10525=DIRECTION('',(0.397435315,0.917630193,-0.));
#10526=DIRECTION('',(-0.917630193,0.397435315,0.));
#10527=AXIS2_PLACEMENT_3D('',#10524,#10525,#10526);
#10528=ELLIPSE('',#10527,36.049380532,33.08);
#10529=EDGE_CURVE('',#10515,#10483,#10528,.T.);
#10530=ORIENTED_EDGE('',*,*,#10529,.T.);
#10531=ORIENTED_EDGE('',*,*,#10490,.T.);
#10532=CARTESIAN_POINT('',(79.455966208,-110.191642171,-0.06));
#10533=DIRECTION('',(-0.917630193,0.397435315,0.));
#10534=VECTOR('',#10533,0.399682021);
#10535=LINE('',#10532,#10534);
#10536=EDGE_CURVE('',#10485,#10517,#10535,.T.);
#10537=ORIENTED_EDGE('',*,*,#10536,.T.);
#10538=EDGE_LOOP('',(#10523,#10530,#10531,#10537));
#10539=FACE_BOUND('',#10538,.T.);
#10540=ADVANCED_FACE('',(#10539),#10513,.F.);
#10541=CARTESIAN_POINT('',(78.911700438,-109.941235396,12.06));
#10542=DIRECTION('',(-0.458418709,-0.888736343,0.));
#10543=DIRECTION('',(0.888736343,-0.458418709,0.));
#10544=AXIS2_PLACEMENT_3D('',#10541,#10542,#10543);
#10545=PLANE('',#10544);
#10546=CARTESIAN_POINT('',(78.734194958,-109.849676371,24.162245755));
#10547=VERTEX_POINT('',#10546);
#10548=CARTESIAN_POINT('',(78.734194958,-109.849676371,-0.06));
#10549=VERTEX_POINT('',#10548);
#10550=CARTESIAN_POINT('',(78.734194958,-109.849676371,24.162245755));
#10551=DIRECTION('',(0.,0.,-1.));
#10552=VECTOR('',#10551,24.222245755);
#10553=LINE('',#10550,#10552);
#10554=EDGE_CURVE('',#10547,#10549,#10553,.T.);
#10555=ORIENTED_EDGE('',*,*,#10554,.F.);
#10556=CARTESIAN_POINT('',(85.865206049,-113.527920123,-8.14));
#10557=DIRECTION('',(0.458418709,0.888736343,-0.));
#10558=DIRECTION('',(-0.888736343,0.458418709,0.));
#10559=AXIS2_PLACEMENT_3D('',#10556,#10557,#10558);
#10560=ELLIPSE('',#10559,37.221387725,33.08);
#10561=EDGE_CURVE('',#10547,#10515,#10560,.T.);
#10562=ORIENTED_EDGE('',*,*,#10561,.T.);
#10563=ORIENTED_EDGE('',*,*,#10522,.T.);
#10564=CARTESIAN_POINT('',(79.089205918,-110.032794421,-0.06));
#10565=DIRECTION('',(-0.888736343,0.458418709,0.));
#10566=VECTOR('',#10565,0.399455882);
#10567=LINE('',#10564,#10566);
#10568=EDGE_CURVE('',#10517,#10549,#10567,.T.);
#10569=ORIENTED_EDGE('',*,*,#10568,.T.);
#10570=EDGE_LOOP('',(#10555,#10562,#10563,#10569));
#10571=FACE_BOUND('',#10570,.T.);
#10572=ADVANCED_FACE('',(#10571),#10545,.F.);
#10573=CARTESIAN_POINT('',(78.562559093,-109.745594861,12.06));
#10574=DIRECTION('',(-0.518519487,-0.855065811,0.));
#10575=DIRECTION('',(0.855065811,-0.518519487,0.));
#10576=AXIS2_PLACEMENT_3D('',#10573,#10574,#10575);
#10577=PLANE('',#10576);
#10578=CARTESIAN_POINT('',(78.390923228,-109.641513351,24.084548039));
#10579=VERTEX_POINT('',#10578);
#10580=CARTESIAN_POINT('',(78.390923228,-109.641513351,-0.06));
#10581=VERTEX_POINT('',#10580);
#10582=CARTESIAN_POINT('',(78.390923228,-109.641513351,24.084548039));
#10583=DIRECTION('',(0.,0.,-1.));
#10584=VECTOR('',#10583,24.144548039);
#10585=LINE('',#10582,#10584);
#10586=EDGE_CURVE('',#10579,#10581,#10585,.T.);
#10587=ORIENTED_EDGE('',*,*,#10586,.F.);
#10588=CARTESIAN_POINT('',(85.865206049,-114.17398471,-8.14));
#10589=DIRECTION('',(0.518519487,0.855065811,-0.));
#10590=DIRECTION('',(-0.855065811,0.518519487,0.));
#10591=AXIS2_PLACEMENT_3D('',#10588,#10589,#10590);
#10592=ELLIPSE('',#10591,38.687080662,33.08);
#10593=EDGE_CURVE('',#10579,#10547,#10592,.T.);
#10594=ORIENTED_EDGE('',*,*,#10593,.T.);
#10595=ORIENTED_EDGE('',*,*,#10554,.T.);
#10596=CARTESIAN_POINT('',(78.734194958,-109.849676371,-0.06));
#10597=DIRECTION('',(-0.855065811,0.518519487,0.));
#10598=VECTOR('',#10597,0.401456503);
#10599=LINE('',#10596,#10598);
#10600=EDGE_CURVE('',#10549,#10581,#10599,.T.);
#10601=ORIENTED_EDGE('',*,*,#10600,.T.);
#10602=EDGE_LOOP('',(#10587,#10594,#10595,#10601));
#10603=FACE_BOUND('',#10602,.T.);
#10604=ADVANCED_FACE('',(#10603),#10577,.F.);
#10605=CARTESIAN_POINT('',(78.225152938,-109.524521516,12.06));
#10606=DIRECTION('',(-0.576609222,-0.817020076,0.));
#10607=DIRECTION('',(0.817020076,-0.576609222,0.));
#10608=AXIS2_PLACEMENT_3D('',#10605,#10606,#10607);
#10609=PLANE('',#10608);
#10610=CARTESIAN_POINT('',(78.059382648,-109.407529681,24.005847648));
#10611=VERTEX_POINT('',#10610);
#10612=CARTESIAN_POINT('',(78.059382648,-109.407529681,-0.06));
#10613=VERTEX_POINT('',#10612);
#10614=CARTESIAN_POINT('',(78.059382648,-109.407529681,24.005847648));
#10615=DIRECTION('',(0.,0.,-1.));
#10616=VECTOR('',#10615,24.065847648);
#10617=LINE('',#10614,#10616);
#10618=EDGE_CURVE('',#10611,#10613,#10617,.T.);
#10619=ORIENTED_EDGE('',*,*,#10618,.F.);
#10620=CARTESIAN_POINT('',(85.865206049,-114.916463782,-8.14));
#10621=DIRECTION('',(0.576609222,0.817020076,-0.));
#10622=DIRECTION('',(-0.817020076,0.576609222,0.));
#10623=AXIS2_PLACEMENT_3D('',#10620,#10621,#10622);
#10624=ELLIPSE('',#10623,40.48860115,33.08);
#10625=EDGE_CURVE('',#10611,#10579,#10624,.T.);
#10626=ORIENTED_EDGE('',*,*,#10625,.T.);
#10627=ORIENTED_EDGE('',*,*,#10586,.T.);
#10628=CARTESIAN_POINT('',(78.390923228,-109.641513351,-0.06));
#10629=DIRECTION('',(-0.817020076,0.576609222,0.));
#10630=VECTOR('',#10629,0.405792452);
#10631=LINE('',#10628,#10630);
#10632=EDGE_CURVE('',#10581,#10613,#10631,.T.);
#10633=ORIENTED_EDGE('',*,*,#10632,.T.);
#10634=EDGE_LOOP('',(#10619,#10626,#10627,#10633));
#10635=FACE_BOUND('',#10634,.T.);
#10636=ADVANCED_FACE('',(#10635),#10609,.F.);
#10637=CARTESIAN_POINT('',(77.899474398,-109.277239176,12.06));
#10638=DIRECTION('',(-0.631658074,-0.775247108,0.));
#10639=DIRECTION('',(0.775247108,-0.631658074,0.));
#10640=AXIS2_PLACEMENT_3D('',#10637,#10638,#10639);
#10641=PLANE('',#10640);
#10642=CARTESIAN_POINT('',(77.739566148,-109.146948671,23.926499282));
#10643=VERTEX_POINT('',#10642);
#10644=CARTESIAN_POINT('',(77.739566148,-109.146948671,-0.06));
#10645=VERTEX_POINT('',#10644);
#10646=CARTESIAN_POINT('',(77.739566148,-109.146948671,23.926499282));
#10647=DIRECTION('',(0.,0.,-1.));
#10648=VECTOR('',#10647,23.986499282);
#10649=LINE('',#10646,#10648);
#10650=EDGE_CURVE('',#10643,#10645,#10649,.T.);
#10651=ORIENTED_EDGE('',*,*,#10650,.F.);
#10652=CARTESIAN_POINT('',(85.865206049,-115.767580979,-8.14));
#10653=DIRECTION('',(0.631658074,0.775247108,-0.));
#10654=DIRECTION('',(-0.775247108,0.631658074,0.));
#10655=AXIS2_PLACEMENT_3D('',#10652,#10653,#10654);
#10656=ELLIPSE('',#10655,42.670265613,33.08);
#10657=EDGE_CURVE('',#10643,#10611,#10656,.T.);
#10658=ORIENTED_EDGE('',*,*,#10657,.T.);
#10659=ORIENTED_EDGE('',*,*,#10618,.T.);
#10660=CARTESIAN_POINT('',(78.059382648,-109.407529681,-0.06));
#10661=DIRECTION('',(-0.775247108,0.631658074,0.));
#10662=VECTOR('',#10661,0.412534915);
#10663=LINE('',#10660,#10662);
#10664=EDGE_CURVE('',#10613,#10645,#10663,.T.);
#10665=ORIENTED_EDGE('',*,*,#10664,.T.);
#10666=EDGE_LOOP('',(#10651,#10658,#10659,#10665));
#10667=FACE_BOUND('',#10666,.T.);
#10668=ADVANCED_FACE('',(#10667),#10641,.F.);
#10669=CARTESIAN_POINT('',(77.585514888,-109.002972666,12.06));
#10670=DIRECTION('',(-0.682811911,-0.730594207,0.));
#10671=DIRECTION('',(0.730594207,-0.682811911,0.));
#10672=AXIS2_PLACEMENT_3D('',#10669,#10670,#10671);
#10673=PLANE('',#10672);
#10674=CARTESIAN_POINT('',(77.431463628,-108.858996661,23.846847121));
#10675=VERTEX_POINT('',#10674);
#10676=CARTESIAN_POINT('',(77.431463628,-108.858996661,-0.06));
#10677=VERTEX_POINT('',#10676);
#10678=CARTESIAN_POINT('',(77.431463628,-108.858996661,23.846847121));
#10679=DIRECTION('',(0.,0.,-1.));
#10680=VECTOR('',#10679,23.906847121);
#10681=LINE('',#10678,#10680);
#10682=EDGE_CURVE('',#10675,#10677,#10681,.T.);
#10683=ORIENTED_EDGE('',*,*,#10682,.F.);
#10684=CARTESIAN_POINT('',(85.865206049,-116.741155762,-8.14));
#10685=DIRECTION('',(0.682811911,0.730594207,-0.));
#10686=DIRECTION('',(-0.730594207,0.682811911,0.));
#10687=AXIS2_PLACEMENT_3D('',#10684,#10685,#10686);
#10688=ELLIPSE('',#10687,45.278212853,33.08);
#10689=EDGE_CURVE('',#10675,#10643,#10688,.T.);
#10690=ORIENTED_EDGE('',*,*,#10689,.T.);
#10691=ORIENTED_EDGE('',*,*,#10650,.T.);
#10692=CARTESIAN_POINT('',(77.739566148,-109.146948671,-0.06));
#10693=DIRECTION('',(-0.730594207,0.682811911,0.));
#10694=VECTOR('',#10693,0.421714978);
#10695=LINE('',#10692,#10694);
#10696=EDGE_CURVE('',#10645,#10677,#10695,.T.);
#10697=ORIENTED_EDGE('',*,*,#10696,.T.);
#10698=EDGE_LOOP('',(#10683,#10690,#10691,#10697));
#10699=FACE_BOUND('',#10698,.T.);
#10700=ADVANCED_FACE('',(#10699),#10673,.F.);
#10701=CARTESIAN_POINT('',(77.283265318,-108.700947316,12.06));
#10702=DIRECTION('',(-0.729474909,-0.684007571,0.));
#10703=DIRECTION('',(0.684007571,-0.729474909,0.));
#10704=AXIS2_PLACEMENT_3D('',#10701,#10702,#10703);
#10705=PLANE('',#10704);
#10706=CARTESIAN_POINT('',(77.135067008,-108.542897971,23.76722602));
#10707=VERTEX_POINT('',#10706);
#10708=CARTESIAN_POINT('',(77.135067008,-108.542897971,-0.06));
#10709=VERTEX_POINT('',#10708);
#10710=CARTESIAN_POINT('',(77.135067008,-108.542897971,23.76722602));
#10711=DIRECTION('',(0.,0.,-1.));
#10712=VECTOR('',#10711,23.82722602);
#10713=LINE('',#10710,#10712);
#10714=EDGE_CURVE('',#10707,#10709,#10713,.T.);
#10715=ORIENTED_EDGE('',*,*,#10714,.F.);
#10716=CARTESIAN_POINT('',(85.865206049,-117.853346635,-8.14));
#10717=DIRECTION('',(0.729474909,0.684007571,-0.));
#10718=DIRECTION('',(-0.684007571,0.729474909,0.));
#10719=AXIS2_PLACEMENT_3D('',#10716,#10717,#10718);
#10720=ELLIPSE('',#10719,48.362037764,33.08);
#10721=EDGE_CURVE('',#10707,#10675,#10720,.T.);
#10722=ORIENTED_EDGE('',*,*,#10721,.T.);
#10723=ORIENTED_EDGE('',*,*,#10682,.T.);
#10724=CARTESIAN_POINT('',(77.431463628,-108.858996661,-0.06));
#10725=DIRECTION('',(-0.684007571,0.729474909,0.));
#10726=VECTOR('',#10725,0.433323595);
#10727=LINE('',#10724,#10726);
#10728=EDGE_CURVE('',#10677,#10709,#10727,.T.);
#10729=ORIENTED_EDGE('',*,*,#10728,.T.);
#10730=EDGE_LOOP('',(#10715,#10722,#10723,#10729));
#10731=FACE_BOUND('',#10730,.T.);
#10732=ADVANCED_FACE('',(#10731),#10705,.F.);
#10733=CARTESIAN_POINT('',(77.003299883,-108.356888796,12.06));
#10734=DIRECTION('',(-0.816002493,-0.578048381,0.));
#10735=DIRECTION('',(0.578048381,-0.816002493,0.));
#10736=AXIS2_PLACEMENT_3D('',#10733,#10734,#10735);
#10737=PLANE('',#10736);
#10738=CARTESIAN_POINT('',(76.871532758,-108.170879621,23.693947929));
#10739=VERTEX_POINT('',#10738);
#10740=CARTESIAN_POINT('',(76.871532758,-108.170879621,-0.06));
#10741=VERTEX_POINT('',#10740);
#10742=CARTESIAN_POINT('',(76.871532758,-108.170879621,23.693947929));
#10743=DIRECTION('',(0.,0.,-1.));
#10744=VECTOR('',#10743,23.753947929);
#10745=LINE('',#10742,#10744);
#10746=EDGE_CURVE('',#10739,#10741,#10745,.T.);
#10747=ORIENTED_EDGE('',*,*,#10746,.F.);
#10748=CARTESIAN_POINT('',(85.865206049,-120.866806236,-8.14));
#10749=DIRECTION('',(0.816002493,0.578048381,-0.));
#10750=DIRECTION('',(-0.578048381,0.816002493,0.));
#10751=AXIS2_PLACEMENT_3D('',#10748,#10749,#10750);
#10752=ELLIPSE('',#10751,57.227043738,33.08);
#10753=EDGE_CURVE('',#10739,#10707,#10752,.T.);
#10754=ORIENTED_EDGE('',*,*,#10753,.T.);
#10755=ORIENTED_EDGE('',*,*,#10714,.T.);
#10756=CARTESIAN_POINT('',(77.135067008,-108.542897971,-0.06));
#10757=DIRECTION('',(-0.578048381,0.816002493,0.));
#10758=VECTOR('',#10757,0.455903448);
#10759=LINE('',#10756,#10758);
#10760=EDGE_CURVE('',#10709,#10741,#10759,.T.);
#10761=ORIENTED_EDGE('',*,*,#10760,.T.);
#10762=EDGE_LOOP('',(#10747,#10754,#10755,#10761));
#10763=FACE_BOUND('',#10762,.T.);
#10764=ADVANCED_FACE('',(#10763),#10737,.F.);
#10765=CARTESIAN_POINT('',(76.766716473,-107.944223501,12.06));
#10766=DIRECTION('',(-0.907645609,-0.419737357,0.));
#10767=DIRECTION('',(0.419737357,-0.907645609,0.));
#10768=AXIS2_PLACEMENT_3D('',#10765,#10766,#10767);
#10769=PLANE('',#10768);
#10770=CARTESIAN_POINT('',(76.661900188,-107.717567381,23.633976163));
#10771=VERTEX_POINT('',#10770);
#10772=CARTESIAN_POINT('',(76.661900188,-107.717567381,-0.06));
#10773=VERTEX_POINT('',#10772);
#10774=CARTESIAN_POINT('',(76.661900188,-107.717567381,23.633976163));
#10775=DIRECTION('',(0.,0.,-1.));
#10776=VECTOR('',#10775,23.693976163);
#10777=LINE('',#10774,#10776);
#10778=EDGE_CURVE('',#10771,#10773,#10777,.T.);
#10779=ORIENTED_EDGE('',*,*,#10778,.F.);
#10780=CARTESIAN_POINT('',(85.865206049,-127.618917613,-8.14));
#10781=DIRECTION('',(0.907645609,0.419737357,-0.));
#10782=DIRECTION('',(-0.419737357,0.907645609,0.));
#10783=AXIS2_PLACEMENT_3D('',#10780,#10781,#10782);
#10784=ELLIPSE('',#10783,78.811188552,33.08);
#10785=EDGE_CURVE('',#10771,#10739,#10784,.T.);
#10786=ORIENTED_EDGE('',*,*,#10785,.T.);
#10787=ORIENTED_EDGE('',*,*,#10746,.T.);
#10788=CARTESIAN_POINT('',(76.871532758,-108.170879621,-0.06));
#10789=DIRECTION('',(-0.419737357,0.907645609,0.));
#10790=VECTOR('',#10789,0.499437485);
#10791=LINE('',#10788,#10790);
#10792=EDGE_CURVE('',#10741,#10773,#10791,.T.);
#10793=ORIENTED_EDGE('',*,*,#10792,.T.);
#10794=EDGE_LOOP('',(#10779,#10786,#10787,#10793));
#10795=FACE_BOUND('',#10794,.T.);
#10796=ADVANCED_FACE('',(#10795),#10769,.F.);
#10797=CARTESIAN_POINT('',(76.583940813,-107.451674781,12.06));
#10798=DIRECTION('',(-0.959603859,-0.281354641,0.));
#10799=DIRECTION('',(0.281354641,-0.959603859,0.));
#10800=AXIS2_PLACEMENT_3D('',#10797,#10798,#10799);
#10801=PLANE('',#10800);
#10802=CARTESIAN_POINT('',(76.505981438,-107.185782181,23.588399182));
#10803=VERTEX_POINT('',#10802);
#10804=CARTESIAN_POINT('',(76.505981438,-107.185782181,-0.06));
#10805=VERTEX_POINT('',#10804);
#10806=CARTESIAN_POINT('',(76.505981438,-107.185782181,23.588399182));
#10807=DIRECTION('',(0.,0.,-1.));
#10808=VECTOR('',#10807,23.648399182);
#10809=LINE('',#10806,#10808);
#10810=EDGE_CURVE('',#10803,#10805,#10809,.T.);
#10811=ORIENTED_EDGE('',*,*,#10810,.F.);
#10812=CARTESIAN_POINT('',(85.865206049,-139.106876546,-8.14));
#10813=DIRECTION('',(0.959603859,0.281354641,-0.));
#10814=DIRECTION('',(-0.281354641,0.959603859,0.));
#10815=AXIS2_PLACEMENT_3D('',#10812,#10813,#10814);
#10816=ELLIPSE('',#10815,117.574033449,33.08);
#10817=EDGE_CURVE('',#10803,#10771,#10816,.T.);
#10818=ORIENTED_EDGE('',*,*,#10817,.T.);
#10819=ORIENTED_EDGE('',*,*,#10778,.T.);
#10820=CARTESIAN_POINT('',(76.661900188,-107.717567381,-0.06));
#10821=DIRECTION('',(-0.281354641,0.959603859,0.));
#10822=VECTOR('',#10821,0.554171594);
#10823=LINE('',#10820,#10822);
#10824=EDGE_CURVE('',#10773,#10805,#10823,.T.);
#10825=ORIENTED_EDGE('',*,*,#10824,.T.);
#10826=EDGE_LOOP('',(#10811,#10818,#10819,#10825));
#10827=FACE_BOUND('',#10826,.T.);
#10828=ADVANCED_FACE('',(#10827),#10801,.F.);
#10829=CARTESIAN_POINT('',(76.454786053,-106.882061041,12.06));
#10830=DIRECTION('',(-0.986089415,-0.166215718,0.));
#10831=DIRECTION('',(0.166215718,-0.986089415,0.));
#10832=AXIS2_PLACEMENT_3D('',#10829,#10830,#10831);
#10833=PLANE('',#10832);
#10834=CARTESIAN_POINT('',(76.403590668,-106.578339901,23.558016253));
#10835=VERTEX_POINT('',#10834);
#10836=CARTESIAN_POINT('',(76.403590668,-106.578339901,-0.06));
#10837=VERTEX_POINT('',#10836);
#10838=CARTESIAN_POINT('',(76.403590668,-106.578339901,23.558016253));
#10839=DIRECTION('',(0.,0.,-1.));
#10840=VECTOR('',#10839,23.618016253);
#10841=LINE('',#10838,#10840);
#10842=EDGE_CURVE('',#10835,#10837,#10841,.T.);
#10843=ORIENTED_EDGE('',*,*,#10842,.F.);
#10844=CARTESIAN_POINT('',(85.865206049,-162.710208232,-8.14));
#10845=DIRECTION('',(0.986089415,0.166215718,-0.));
#10846=DIRECTION('',(-0.166215718,0.986089415,0.));
#10847=AXIS2_PLACEMENT_3D('',#10844,#10845,#10846);
#10848=ELLIPSE('',#10847,199.018483073,33.08);
#10849=EDGE_CURVE('',#10835,#10803,#10848,.T.);
#10850=ORIENTED_EDGE('',*,*,#10849,.T.);
#10851=ORIENTED_EDGE('',*,*,#10810,.T.);
#10852=CARTESIAN_POINT('',(76.505981438,-107.185782181,-0.06));
#10853=DIRECTION('',(-0.166215718,0.986089415,0.));
#10854=VECTOR('',#10853,0.616011358);
#10855=LINE('',#10852,#10854);
#10856=EDGE_CURVE('',#10805,#10837,#10855,.T.);
#10857=ORIENTED_EDGE('',*,*,#10856,.T.);
#10858=EDGE_LOOP('',(#10843,#10850,#10851,#10857));
#10859=FACE_BOUND('',#10858,.T.);
#10860=ADVANCED_FACE('',(#10859),#10833,.F.);
#10861=CARTESIAN_POINT('',(76.379066353,-106.238200686,12.06));
#10862=DIRECTION('',(-0.997410827,-0.071914135,0.));
#10863=DIRECTION('',(0.071914135,-0.997410827,0.));
#10864=AXIS2_PLACEMENT_3D('',#10861,#10862,#10863);
#10865=PLANE('',#10864);
#10866=CARTESIAN_POINT('',(76.354542038,-105.898061471,23.543334264));
#10867=VERTEX_POINT('',#10866);
#10868=CARTESIAN_POINT('',(76.354542038,-105.898061471,-0.06));
#10869=VERTEX_POINT('',#10868);
#10870=CARTESIAN_POINT('',(76.354542038,-105.898061471,23.543334264));
#10871=DIRECTION('',(0.,0.,-1.));
#10872=VECTOR('',#10871,23.603334264);
#10873=LINE('',#10870,#10872);
#10874=EDGE_CURVE('',#10867,#10869,#10873,.T.);
#10875=ORIENTED_EDGE('',*,*,#10874,.F.);
#10876=CARTESIAN_POINT('',(85.865206049,-237.805916637,-8.14));
#10877=DIRECTION('',(0.997410827,0.071914135,-0.));
#10878=DIRECTION('',(-0.071914135,0.997410827,0.));
#10879=AXIS2_PLACEMENT_3D('',#10876,#10877,#10878);
#10880=ELLIPSE('',#10879,459.993020462,33.08);
#10881=EDGE_CURVE('',#10867,#10835,#10880,.T.);
#10882=ORIENTED_EDGE('',*,*,#10881,.T.);
#10883=ORIENTED_EDGE('',*,*,#10842,.T.);
#10884=CARTESIAN_POINT('',(76.403590668,-106.578339901,-0.06));
#10885=DIRECTION('',(-0.071914135,0.997410827,0.));
#10886=VECTOR('',#10885,0.682044361);
#10887=LINE('',#10884,#10886);
#10888=EDGE_CURVE('',#10837,#10869,#10887,.T.);
#10889=ORIENTED_EDGE('',*,*,#10888,.T.);
#10890=EDGE_LOOP('',(#10875,#10882,#10883,#10889));
#10891=FACE_BOUND('',#10890,.T.);
#10892=ADVANCED_FACE('',(#10891),#10865,.F.);
#10893=CARTESIAN_POINT('',(76.356594863,-105.522912626,12.06));
#10894=DIRECTION('',(-0.999985029,0.005471946,0.));
#10895=DIRECTION('',(-0.005471946,-0.999985029,0.));
#10896=AXIS2_PLACEMENT_3D('',#10893,#10894,#10895);
#10897=PLANE('',#10896);
#10898=CARTESIAN_POINT('',(76.358647688,-105.147763781,23.544566403));
#10899=VERTEX_POINT('',#10898);
#10900=CARTESIAN_POINT('',(76.358647688,-105.147763781,-0.06));
#10901=VERTEX_POINT('',#10900);
#10902=CARTESIAN_POINT('',(76.358647688,-105.147763781,23.544566403));
#10903=DIRECTION('',(0.,0.,-1.));
#10904=VECTOR('',#10903,23.604566403);
#10905=LINE('',#10902,#10904);
#10906=EDGE_CURVE('',#10899,#10901,#10905,.T.);
#10907=ORIENTED_EDGE('',*,*,#10906,.F.);
#10908=CARTESIAN_POINT('',(85.865206049,1632.152975112,-8.14));
#10909=DIRECTION('',(0.999985029,-0.005471946,-0.));
#10910=DIRECTION('',(0.005471946,0.999985029,0.));
#10911=AXIS2_PLACEMENT_3D('',#10908,#10909,#10910);
#10912=ELLIPSE('',#10911,6045.381163497,33.08);
#10913=EDGE_CURVE('',#10899,#10867,#10912,.T.);
#10914=ORIENTED_EDGE('',*,*,#10913,.T.);
#10915=ORIENTED_EDGE('',*,*,#10874,.T.);
#10916=CARTESIAN_POINT('',(76.354542038,-105.898061471,-0.06));
#10917=DIRECTION('',(0.005471946,0.999985029,0.));
#10918=VECTOR('',#10917,0.750308923);
#10919=LINE('',#10916,#10918);
#10920=EDGE_CURVE('',#10869,#10901,#10919,.T.);
#10921=ORIENTED_EDGE('',*,*,#10920,.T.);
#10922=EDGE_LOOP('',(#10907,#10914,#10915,#10921));
#10923=FACE_BOUND('',#10922,.T.);
#10924=ADVANCED_FACE('',(#10923),#10897,.F.);
#10925=CARTESIAN_POINT('',(76.387184733,-104.739015266,12.06));
#10926=DIRECTION('',(-0.99757176,0.069646125,0.));
#10927=DIRECTION('',(-0.069646125,-0.99757176,0.));
#10928=AXIS2_PLACEMENT_3D('',#10925,#10926,#10927);
#10929=PLANE('',#10928);
#10930=CARTESIAN_POINT('',(76.415721778,-104.330266751,23.561634769));
#10931=VERTEX_POINT('',#10930);
#10932=CARTESIAN_POINT('',(76.415721778,-104.330266751,-0.06));
#10933=VERTEX_POINT('',#10932);
#10934=CARTESIAN_POINT('',(76.415721778,-104.330266751,23.561634769));
#10935=DIRECTION('',(0.,0.,-1.));
#10936=VECTOR('',#10935,23.621634769);
#10937=LINE('',#10934,#10936);
#10938=EDGE_CURVE('',#10931,#10933,#10937,.T.);
#10939=ORIENTED_EDGE('',*,*,#10938,.F.);
#10940=CARTESIAN_POINT('',(85.865206049,31.018808935,-8.14));
#10941=DIRECTION('',(0.99757176,-0.069646125,-0.));
#10942=DIRECTION('',(0.069646125,0.99757176,0.));
#10943=AXIS2_PLACEMENT_3D('',#10940,#10941,#10942);
#10944=ELLIPSE('',#10943,474.972583793,33.08);
#10945=EDGE_CURVE('',#10931,#10899,#10944,.T.);
#10946=ORIENTED_EDGE('',*,*,#10945,.T.);
#10947=ORIENTED_EDGE('',*,*,#10906,.T.);
#10948=CARTESIAN_POINT('',(76.358647688,-105.147763781,-0.06));
#10949=DIRECTION('',(0.069646125,0.99757176,0.));
#10950=VECTOR('',#10949,0.819486941);
#10951=LINE('',#10948,#10950);
#10952=EDGE_CURVE('',#10901,#10933,#10951,.T.);
#10953=ORIENTED_EDGE('',*,*,#10952,.T.);
#10954=EDGE_LOOP('',(#10939,#10946,#10947,#10953));
#10955=FACE_BOUND('',#10954,.T.);
#10956=ADVANCED_FACE('',(#10955),#10929,.F.);
#10957=CARTESIAN_POINT('',(76.470649618,-103.889328021,12.06));
#10958=DIRECTION('',(-0.992330277,0.123614813,0.));
#10959=DIRECTION('',(-0.123614813,-0.992330277,0.));
#10960=AXIS2_PLACEMENT_3D('',#10957,#10958,#10959);
#10961=PLANE('',#10960);
#10962=CARTESIAN_POINT('',(76.525577458,-103.448389291,23.594173028));
#10963=VERTEX_POINT('',#10962);
#10964=CARTESIAN_POINT('',(76.525577458,-103.448389291,-0.06));
#10965=VERTEX_POINT('',#10964);
#10966=CARTESIAN_POINT('',(76.525577458,-103.448389291,23.594173028));
#10967=DIRECTION('',(0.,0.,-1.));
#10968=VECTOR('',#10967,23.654173028);
#10969=LINE('',#10966,#10968);
#10970=EDGE_CURVE('',#10963,#10965,#10969,.T.);
#10971=ORIENTED_EDGE('',*,*,#10970,.F.);
#10972=CARTESIAN_POINT('',(85.865206049,-28.473586533,-8.14));
#10973=DIRECTION('',(0.992330277,-0.123614813,-0.));
#10974=DIRECTION('',(0.123614813,0.992330277,0.));
#10975=AXIS2_PLACEMENT_3D('',#10972,#10973,#10974);
#10976=ELLIPSE('',#10975,267.60546888,33.08);
#10977=EDGE_CURVE('',#10963,#10931,#10976,.T.);
#10978=ORIENTED_EDGE('',*,*,#10977,.T.);
#10979=ORIENTED_EDGE('',*,*,#10938,.T.);
#10980=CARTESIAN_POINT('',(76.415721778,-104.330266751,-0.06));
#10981=DIRECTION('',(0.123614813,0.992330277,0.));
#10982=VECTOR('',#10981,0.888693493);
#10983=LINE('',#10980,#10982);
#10984=EDGE_CURVE('',#10933,#10965,#10983,.T.);
#10985=ORIENTED_EDGE('',*,*,#10984,.T.);
#10986=EDGE_LOOP('',(#10971,#10978,#10979,#10985));
#10987=FACE_BOUND('',#10986,.T.);
#10988=ADVANCED_FACE('',(#10987),#10961,.F.);
#10989=CARTESIAN_POINT('',(76.714232328,-102.475576986,12.06));
#10990=DIRECTION('',(-0.981710387,0.190380451,0.));
#10991=DIRECTION('',(-0.190380451,-0.981710387,0.));
#10992=AXIS2_PLACEMENT_3D('',#10989,#10990,#10991);
#10993=PLANE('',#10992);
#10994=CARTESIAN_POINT('',(76.902887198,-101.502764681,23.702789463));
#10995=VERTEX_POINT('',#10994);
#10996=CARTESIAN_POINT('',(76.902887198,-101.502764681,-0.06));
#10997=VERTEX_POINT('',#10996);
#10998=CARTESIAN_POINT('',(76.902887198,-101.502764681,23.702789463));
#10999=DIRECTION('',(0.,0.,-1.));
#11000=VECTOR('',#10999,23.762789463);
#11001=LINE('',#10998,#11000);
#11002=EDGE_CURVE('',#10995,#10997,#11001,.T.);
#11003=ORIENTED_EDGE('',*,*,#11002,.F.);
#11004=CARTESIAN_POINT('',(85.865206049,-55.287927713,-8.14));
#11005=DIRECTION('',(0.981710387,-0.190380451,-0.));
#11006=DIRECTION('',(0.190380451,0.981710387,0.));
#11007=AXIS2_PLACEMENT_3D('',#11004,#11005,#11006);
#11008=ELLIPSE('',#11007,173.757335981,33.08);
#11009=EDGE_CURVE('',#10995,#10963,#11008,.T.);
#11010=ORIENTED_EDGE('',*,*,#11009,.T.);
#11011=ORIENTED_EDGE('',*,*,#10970,.T.);
#11012=CARTESIAN_POINT('',(76.525577458,-103.448389291,-0.06));
#11013=DIRECTION('',(0.190380451,0.981710387,0.));
#11014=VECTOR('',#11013,1.981872287);
#11015=LINE('',#11012,#11014);
#11016=EDGE_CURVE('',#10965,#10997,#11015,.T.);
#11017=ORIENTED_EDGE('',*,*,#11016,.T.);
#11018=EDGE_LOOP('',(#11003,#11010,#11011,#11017));
#11019=FACE_BOUND('',#11018,.T.);
#11020=ADVANCED_FACE('',(#11019),#10993,.F.);
#11021=CARTESIAN_POINT('',(77.195986673,-100.418102956,12.06));
#11022=DIRECTION('',(-0.965375126,0.26086561,0.));
#11023=DIRECTION('',(-0.26086561,-0.965375126,0.));
#11024=AXIS2_PLACEMENT_3D('',#11021,#11022,#11023);
#11025=PLANE('',#11024);
#11026=CARTESIAN_POINT('',(77.489086148,-99.333441231,23.861984554));
#11027=VERTEX_POINT('',#11026);
#11028=CARTESIAN_POINT('',(77.489086148,-99.333441231,-0.06));
#11029=VERTEX_POINT('',#11028);
#11030=CARTESIAN_POINT('',(77.489086148,-99.333441231,23.861984554));
#11031=DIRECTION('',(0.,0.,-1.));
#11032=VECTOR('',#11031,23.921984554);
#11033=LINE('',#11030,#11032);
#11034=EDGE_CURVE('',#11027,#11029,#11033,.T.);
#11035=ORIENTED_EDGE('',*,*,#11034,.F.);
#11036=CARTESIAN_POINT('',(85.865206049,-68.336263016,-8.14));
#11037=DIRECTION('',(0.965375126,-0.26086561,-0.));
#11038=DIRECTION('',(0.26086561,0.965375126,0.));
#11039=AXIS2_PLACEMENT_3D('',#11036,#11037,#11038);
#11040=ELLIPSE('',#11039,126.80858929,33.08);
#11041=EDGE_CURVE('',#11027,#10995,#11040,.T.);
#11042=ORIENTED_EDGE('',*,*,#11041,.T.);
#11043=ORIENTED_EDGE('',*,*,#11002,.T.);
#11044=CARTESIAN_POINT('',(76.902887198,-101.502764681,-0.06));
#11045=DIRECTION('',(0.26086561,0.965375126,0.));
#11046=VECTOR('',#11045,2.247130045);
#11047=LINE('',#11044,#11046);
#11048=EDGE_CURVE('',#10997,#11029,#11047,.T.);
#11049=ORIENTED_EDGE('',*,*,#11048,.T.);
#11050=EDGE_LOOP('',(#11035,#11042,#11043,#11049));
#11051=FACE_BOUND('',#11050,.T.);
#11052=ADVANCED_FACE('',(#11051),#11025,.F.);
#11053=CARTESIAN_POINT('',(77.885884343,-98.148204211,12.06));
#11054=DIRECTION('',(-0.94826985,0.317465417,0.));
#11055=DIRECTION('',(-0.317465417,-0.94826985,0.));
#11056=AXIS2_PLACEMENT_3D('',#11053,#11054,#11055);
#11057=PLANE('',#11056);
#11058=CARTESIAN_POINT('',(78.282682538,-96.962967191,24.059250569));
#11059=VERTEX_POINT('',#11058);
#11060=CARTESIAN_POINT('',(78.282682538,-96.962967191,-0.06));
#11061=VERTEX_POINT('',#11060);
#11062=CARTESIAN_POINT('',(78.282682538,-96.962967191,24.059250569));
#11063=DIRECTION('',(0.,0.,-1.));
#11064=VECTOR('',#11063,24.119250569);
#11065=LINE('',#11062,#11064);
#11066=EDGE_CURVE('',#11059,#11061,#11065,.T.);
#11067=ORIENTED_EDGE('',*,*,#11066,.F.);
#11068=CARTESIAN_POINT('',(85.865206049,-74.313953954,-8.14));
#11069=DIRECTION('',(0.94826985,-0.317465417,-0.));
#11070=DIRECTION('',(0.317465417,0.94826985,0.));
#11071=AXIS2_PLACEMENT_3D('',#11068,#11069,#11070);
#11072=ELLIPSE('',#11071,104.200326128,33.08);
#11073=EDGE_CURVE('',#11059,#11027,#11072,.T.);
#11074=ORIENTED_EDGE('',*,*,#11073,.T.);
#11075=ORIENTED_EDGE('',*,*,#11034,.T.);
#11076=CARTESIAN_POINT('',(77.489086148,-99.333441231,-0.06));
#11077=DIRECTION('',(0.317465417,0.94826985,0.));
#11078=VECTOR('',#11077,2.499788472);
#11079=LINE('',#11076,#11078);
#11080=EDGE_CURVE('',#11029,#11061,#11079,.T.);
#11081=ORIENTED_EDGE('',*,*,#11080,.T.);
#11082=EDGE_LOOP('',(#11067,#11074,#11075,#11081));
#11083=FACE_BOUND('',#11082,.T.);
#11084=ADVANCED_FACE('',(#11083),#11057,.F.);
#11085=CARTESIAN_POINT('',(78.782432053,-95.688429506,12.06));
#11086=DIRECTION('',(-0.930990374,0.365043728,0.));
#11087=DIRECTION('',(-0.365043728,-0.930990374,0.));
#11088=AXIS2_PLACEMENT_3D('',#11085,#11086,#11087);
#11089=PLANE('',#11088);
#11090=CARTESIAN_POINT('',(79.282181568,-94.413891821,24.278361906));
#11091=VERTEX_POINT('',#11090);
#11092=CARTESIAN_POINT('',(79.282181568,-94.413891821,-0.06));
#11093=VERTEX_POINT('',#11092);
#11094=CARTESIAN_POINT('',(79.282181568,-94.413891821,24.278361906));
#11095=DIRECTION('',(0.,0.,-1.));
#11096=VECTOR('',#11095,24.338361906);
#11097=LINE('',#11094,#11096);
#11098=EDGE_CURVE('',#11091,#11093,#11097,.T.);
#11099=ORIENTED_EDGE('',*,*,#11098,.F.);
#11100=CARTESIAN_POINT('',(85.865206049,-77.624855451,-8.14));
#11101=DIRECTION('',(0.930990374,-0.365043728,-0.));
#11102=DIRECTION('',(0.365043728,0.930990374,0.));
#11103=AXIS2_PLACEMENT_3D('',#11100,#11101,#11102);
#11104=ELLIPSE('',#11103,90.619280563,33.08);
#11105=EDGE_CURVE('',#11091,#11059,#11104,.T.);
#11106=ORIENTED_EDGE('',*,*,#11105,.T.);
#11107=ORIENTED_EDGE('',*,*,#11066,.T.);
#11108=CARTESIAN_POINT('',(78.282682538,-96.962967191,-0.06));
#11109=DIRECTION('',(0.365043728,0.930990374,0.));
#11110=VECTOR('',#11109,2.738025484);
#11111=LINE('',#11108,#11110);
#11112=EDGE_CURVE('',#11061,#11093,#11111,.T.);
#11113=ORIENTED_EDGE('',*,*,#11112,.T.);
#11114=EDGE_LOOP('',(#11099,#11106,#11107,#11113));
#11115=FACE_BOUND('',#11114,.T.);
#11116=ADVANCED_FACE('',(#11115),#11089,.F.);
#11117=CARTESIAN_POINT('',(79.884137023,-93.061329111,12.06));
#11118=DIRECTION('',(-0.913606753,0.406598943,0.));
#11119=DIRECTION('',(-0.406598943,-0.913606753,0.));
#11120=AXIS2_PLACEMENT_3D('',#11117,#11118,#11119);
#11121=PLANE('',#11120);
#11122=CARTESIAN_POINT('',(80.486092478,-91.708766401,24.499723301));
#11123=VERTEX_POINT('',#11122);
#11124=CARTESIAN_POINT('',(80.486092478,-91.708766401,-0.06));
#11125=VERTEX_POINT('',#11124);
#11126=CARTESIAN_POINT('',(80.486092478,-91.708766401,24.499723301));
#11127=DIRECTION('',(0.,0.,-1.));
#11128=VECTOR('',#11127,24.559723301);
#11129=LINE('',#11126,#11128);
#11130=EDGE_CURVE('',#11123,#11125,#11129,.T.);
#11131=ORIENTED_EDGE('',*,*,#11130,.F.);
#11132=CARTESIAN_POINT('',(85.865206049,-79.622176987,-8.14));
#11133=DIRECTION('',(0.913606753,-0.406598943,-0.));
#11134=DIRECTION('',(0.406598943,0.913606753,0.));
#11135=AXIS2_PLACEMENT_3D('',#11132,#11133,#11134);
#11136=ELLIPSE('',#11135,81.35781103,33.08);
#11137=EDGE_CURVE('',#11123,#11091,#11136,.T.);
#11138=ORIENTED_EDGE('',*,*,#11137,.T.);
#11139=ORIENTED_EDGE('',*,*,#11098,.T.);
#11140=CARTESIAN_POINT('',(79.282181568,-94.413891821,-0.06));
#11141=DIRECTION('',(0.406598943,0.913606753,0.));
#11142=VECTOR('',#11141,2.960929756);
#11143=LINE('',#11140,#11142);
#11144=EDGE_CURVE('',#11093,#11125,#11143,.T.);
#11145=ORIENTED_EDGE('',*,*,#11144,.T.);
#11146=EDGE_LOOP('',(#11131,#11138,#11139,#11145));
#11147=FACE_BOUND('',#11146,.T.);
#11148=ADVANCED_FACE('',(#11147),#11121,.F.);
#11149=CARTESIAN_POINT('',(81.189507483,-90.289452791,12.06));
#11150=DIRECTION('',(-0.895997789,0.444058512,0.));
#11151=DIRECTION('',(-0.444058512,-0.895997789,0.));
#11152=AXIS2_PLACEMENT_3D('',#11149,#11150,#11151);
#11153=PLANE('',#11152);
#11154=CARTESIAN_POINT('',(81.892922488,-88.870139181,24.700635854));
#11155=VERTEX_POINT('',#11154);
#11156=CARTESIAN_POINT('',(81.892922488,-88.870139181,-0.06));
#11157=VERTEX_POINT('',#11156);
#11158=CARTESIAN_POINT('',(81.892922488,-88.870139181,24.700635854));
#11159=DIRECTION('',(0.,0.,-1.));
#11160=VECTOR('',#11159,24.760635854);
#11161=LINE('',#11158,#11160);
#11162=EDGE_CURVE('',#11155,#11157,#11161,.T.);
#11163=ORIENTED_EDGE('',*,*,#11162,.F.);
#11164=CARTESIAN_POINT('',(85.865206049,-80.855075411,-8.14));
#11165=DIRECTION('',(0.895997789,-0.444058512,-0.));
#11166=DIRECTION('',(0.444058512,0.895997789,0.));
#11167=AXIS2_PLACEMENT_3D('',#11164,#11165,#11166);
#11168=ELLIPSE('',#11167,74.494687358,33.08);
#11169=EDGE_CURVE('',#11155,#11123,#11168,.T.);
#11170=ORIENTED_EDGE('',*,*,#11169,.T.);
#11171=ORIENTED_EDGE('',*,*,#11130,.T.);
#11172=CARTESIAN_POINT('',(80.486092478,-91.708766401,-0.06));
#11173=DIRECTION('',(0.444058512,0.895997789,0.));
#11174=VECTOR('',#11173,3.168118554);
#11175=LINE('',#11172,#11174);
#11176=EDGE_CURVE('',#11125,#11157,#11175,.T.);
#11177=ORIENTED_EDGE('',*,*,#11176,.T.);
#11178=EDGE_LOOP('',(#11163,#11170,#11171,#11177));
#11179=FACE_BOUND('',#11178,.T.);
#11180=ADVANCED_FACE('',(#11179),#11153,.F.);
#11181=CARTESIAN_POINT('',(82.697051158,-87.395349301,12.06));
#11182=DIRECTION('',(-0.877971184,0.478713483,0.));
#11183=DIRECTION('',(-0.478713483,-0.877971184,0.));
#11184=AXIS2_PLACEMENT_3D('',#11181,#11182,#11183);
#11185=PLANE('',#11184);
#11186=CARTESIAN_POINT('',(83.501179828,-85.920559421,24.855420592));
#11187=VERTEX_POINT('',#11186);
#11188=CARTESIAN_POINT('',(83.501179828,-85.920559421,-0.06));
#11189=VERTEX_POINT('',#11188);
#11190=CARTESIAN_POINT('',(83.501179828,-85.920559421,24.855420592));
#11191=DIRECTION('',(0.,0.,-1.));
#11192=VECTOR('',#11191,24.915420592);
#11193=LINE('',#11190,#11192);
#11194=EDGE_CURVE('',#11187,#11189,#11193,.T.);
#11195=ORIENTED_EDGE('',*,*,#11194,.F.);
#11196=CARTESIAN_POINT('',(85.865206049,-81.584882709,-8.14));
#11197=DIRECTION('',(0.877971184,-0.478713483,-0.));
#11198=DIRECTION('',(0.478713483,0.877971184,0.));
#11199=AXIS2_PLACEMENT_3D('',#11196,#11197,#11198);
#11200=ELLIPSE('',#11199,69.10187647,33.08);
#11201=EDGE_CURVE('',#11187,#11155,#11200,.T.);
#11202=ORIENTED_EDGE('',*,*,#11201,.T.);
#11203=ORIENTED_EDGE('',*,*,#11162,.T.);
#11204=CARTESIAN_POINT('',(81.892922488,-88.870139181,-0.06));
#11205=DIRECTION('',(0.478713483,0.877971184,0.));
#11206=VECTOR('',#11205,3.359540509);
#11207=LINE('',#11204,#11206);
#11208=EDGE_CURVE('',#11157,#11189,#11207,.T.);
#11209=ORIENTED_EDGE('',*,*,#11208,.T.);
#11210=EDGE_LOOP('',(#11195,#11202,#11203,#11209));
#11211=FACE_BOUND('',#11210,.T.);
#11212=ADVANCED_FACE('',(#11211),#11185,.F.);
#11213=CARTESIAN_POINT('',(84.405275773,-84.401568406,12.06));
#11214=DIRECTION('',(-0.859309138,0.511456552,0.));
#11215=DIRECTION('',(-0.511456552,-0.859309138,0.));
#11216=AXIS2_PLACEMENT_3D('',#11213,#11214,#11215);
#11217=PLANE('',#11216);
#11218=CARTESIAN_POINT('',(85.309371718,-82.882577391,24.935329903));
#11219=VERTEX_POINT('',#11218);
#11220=CARTESIAN_POINT('',(85.309371718,-82.882577391,-0.06));
#11221=VERTEX_POINT('',#11220);
#11222=CARTESIAN_POINT('',(85.309371718,-82.882577391,24.935329903));
#11223=DIRECTION('',(0.,0.,-1.));
#11224=VECTOR('',#11223,24.995329903);
#11225=LINE('',#11222,#11224);
#11226=EDGE_CURVE('',#11219,#11221,#11225,.T.);
#11227=ORIENTED_EDGE('',*,*,#11226,.F.);
#11228=CARTESIAN_POINT('',(85.865206049,-81.948708192,-8.14));
#11229=DIRECTION('',(0.859309138,-0.511456552,-0.));
#11230=DIRECTION('',(0.511456552,0.859309138,0.));
#11231=AXIS2_PLACEMENT_3D('',#11228,#11229,#11230);
#11232=ELLIPSE('',#11231,64.678025639,33.08);
#11233=EDGE_CURVE('',#11219,#11187,#11232,.T.);
#11234=ORIENTED_EDGE('',*,*,#11233,.T.);
#11235=ORIENTED_EDGE('',*,*,#11194,.T.);
#11236=CARTESIAN_POINT('',(83.501179828,-85.920559421,-0.06));
#11237=DIRECTION('',(0.511456552,0.859309138,0.));
#11238=VECTOR('',#11237,3.53537731);
#11239=LINE('',#11236,#11238);
#11240=EDGE_CURVE('',#11189,#11221,#11239,.T.);
#11241=ORIENTED_EDGE('',*,*,#11240,.T.);
#11242=EDGE_LOOP('',(#11227,#11234,#11235,#11241));
#11243=FACE_BOUND('',#11242,.T.);
#11244=ADVANCED_FACE('',(#11243),#11217,.F.);
#11245=CARTESIAN_POINT('',(86.312689053,-81.330660376,12.06));
#11246=DIRECTION('',(-0.839783398,0.542921582,0.));
#11247=DIRECTION('',(-0.542921582,-0.839783398,0.));
#11248=AXIS2_PLACEMENT_3D('',#11245,#11246,#11247);
#11249=PLANE('',#11248);
#11250=ORIENTED_EDGE('',*,*,#1700,.F.);
#11251=CARTESIAN_POINT('',(85.865206049,-82.022820735,-8.14));
#11252=DIRECTION('',(0.839783398,-0.542921582,-0.));
#11253=DIRECTION('',(0.542921582,0.839783398,0.));
#11254=AXIS2_PLACEMENT_3D('',#11251,#11252,#11253);
#11255=ELLIPSE('',#11254,60.929609532,33.08);
#11256=EDGE_CURVE('',#1687,#11219,#11255,.T.);
#11257=ORIENTED_EDGE('',*,*,#11256,.T.);
#11258=ORIENTED_EDGE('',*,*,#11226,.T.);
#11259=CARTESIAN_POINT('',(87.316006388,-79.778743361,-0.06));
#11260=VERTEX_POINT('',#11259);
#11261=CARTESIAN_POINT('',(85.309371718,-82.882577391,-0.06));
#11262=DIRECTION('',(0.542921582,0.839783398,0.));
#11263=VECTOR('',#11262,3.695993559);
#11264=LINE('',#11261,#11263);
#11265=EDGE_CURVE('',#11221,#11260,#11264,.T.);
#11266=ORIENTED_EDGE('',*,*,#11265,.T.);
#11267=CARTESIAN_POINT('',(87.316006388,-79.778743361,24.94));
#11268=DIRECTION('',(0.,0.,-1.));
#11269=VECTOR('',#11268,25.);
#11270=LINE('',#11267,#11269);
#11271=EDGE_CURVE('',#1695,#11260,#11270,.T.);
#11272=ORIENTED_EDGE('',*,*,#11271,.F.);
#11273=EDGE_LOOP('',(#11250,#11257,#11258,#11266,#11272));
#11274=FACE_BOUND('',#11273,.T.);
#11275=ADVANCED_FACE('',(#11274),#11249,.F.);
#11276=CARTESIAN_POINT('',(88.417798723,-78.205174471,12.06));
#11277=DIRECTION('',(-0.819159985,0.573565096,0.));
#11278=DIRECTION('',(-0.573565096,-0.819159985,0.));
#11279=AXIS2_PLACEMENT_3D('',#11276,#11277,#11278);
#11280=PLANE('',#11279);
#11281=CARTESIAN_POINT('',(89.519591058,-76.631605581,-0.06));
#11282=VERTEX_POINT('',#11281);
#11283=CARTESIAN_POINT('',(87.316006388,-79.778743361,-0.06));
#11284=DIRECTION('',(0.573565096,0.819159985,0.));
#11285=VECTOR('',#11284,3.841908589);
#11286=LINE('',#11283,#11285);
#11287=EDGE_CURVE('',#11260,#11282,#11286,.T.);
#11288=ORIENTED_EDGE('',*,*,#11287,.T.);
#11289=CARTESIAN_POINT('',(89.519591058,-76.631605581,24.94));
#11290=DIRECTION('',(0.,0.,-1.));
#11291=VECTOR('',#11290,25.);
#11292=LINE('',#11289,#11291);
#11293=EDGE_CURVE('',#1703,#11282,#11292,.T.);
#11294=ORIENTED_EDGE('',*,*,#11293,.F.);
#11295=ORIENTED_EDGE('',*,*,#1708,.F.);
#11296=ORIENTED_EDGE('',*,*,#11271,.T.);
#11297=EDGE_LOOP('',(#11288,#11294,#11295,#11296));
#11298=FACE_BOUND('',#11297,.T.);
#11299=ADVANCED_FACE('',(#11298),#11280,.F.);
#11300=CARTESIAN_POINT('',(90.719112508,-75.047659446,12.06));
#11301=DIRECTION('',(-0.79719818,0.6037177,0.));
#11302=DIRECTION('',(-0.6037177,-0.79719818,0.));
#11303=AXIS2_PLACEMENT_3D('',#11300,#11301,#11302);
#11304=PLANE('',#11303);
#11305=CARTESIAN_POINT('',(91.918633958,-73.463713311,-0.06));
#11306=VERTEX_POINT('',#11305);
#11307=CARTESIAN_POINT('',(89.519591058,-76.631605581,-0.06));
#11308=DIRECTION('',(0.6037177,0.79719818,0.));
#11309=VECTOR('',#11308,3.973782615);
#11310=LINE('',#11307,#11309);
#11311=EDGE_CURVE('',#11282,#11306,#11310,.T.);
#11312=ORIENTED_EDGE('',*,*,#11311,.T.);
#11313=CARTESIAN_POINT('',(91.918633958,-73.463713311,24.94));
#11314=DIRECTION('',(0.,0.,-1.));
#11315=VECTOR('',#11314,25.);
#11316=LINE('',#11313,#11315);
#11317=EDGE_CURVE('',#1711,#11306,#11316,.T.);
#11318=ORIENTED_EDGE('',*,*,#11317,.F.);
#11319=ORIENTED_EDGE('',*,*,#1716,.F.);
#11320=ORIENTED_EDGE('',*,*,#11293,.T.);
#11321=EDGE_LOOP('',(#11312,#11318,#11319,#11320));
#11322=FACE_BOUND('',#11321,.T.);
#11323=ADVANCED_FACE('',(#11322),#11304,.F.);
#11324=CARTESIAN_POINT('',(93.215138133,-71.880665066,12.06));
#11325=DIRECTION('',(-0.773649937,0.633613269,0.));
#11326=DIRECTION('',(-0.633613269,-0.773649937,0.));
#11327=AXIS2_PLACEMENT_3D('',#11324,#11325,#11326);
#11328=PLANE('',#11327);
#11329=CARTESIAN_POINT('',(94.511642308,-70.297616821,-0.06));
#11330=VERTEX_POINT('',#11329);
#11331=CARTESIAN_POINT('',(91.918633958,-73.463713311,-0.06));
#11332=DIRECTION('',(0.633613269,0.773649937,0.));
#11333=VECTOR('',#11332,4.092414848);
#11334=LINE('',#11331,#11333);
#11335=EDGE_CURVE('',#11306,#11330,#11334,.T.);
#11336=ORIENTED_EDGE('',*,*,#11335,.T.);
#11337=CARTESIAN_POINT('',(94.511642308,-70.297616821,24.94));
#11338=DIRECTION('',(0.,0.,-1.));
#11339=VECTOR('',#11338,25.);
#11340=LINE('',#11337,#11339);
#11341=EDGE_CURVE('',#1719,#11330,#11340,.T.);
#11342=ORIENTED_EDGE('',*,*,#11341,.F.);
#11343=ORIENTED_EDGE('',*,*,#1724,.F.);
#11344=ORIENTED_EDGE('',*,*,#11317,.T.);
#11345=EDGE_LOOP('',(#11336,#11342,#11343,#11344));
#11346=FACE_BOUND('',#11345,.T.);
#11347=ADVANCED_FACE('',(#11346),#11328,.F.);
#11348=CARTESIAN_POINT('',(95.999025878,-68.624247811,12.06));
#11349=DIRECTION('',(-0.747421639,0.664349978,0.));
#11350=DIRECTION('',(-0.664349978,-0.747421639,0.));
#11351=AXIS2_PLACEMENT_3D('',#11348,#11349,#11350);
#11352=PLANE('',#11351);
#11353=CARTESIAN_POINT('',(97.486409448,-66.950878801,-0.06));
#11354=VERTEX_POINT('',#11353);
#11355=CARTESIAN_POINT('',(94.511642308,-70.297616821,-0.06));
#11356=DIRECTION('',(0.664349978,0.747421639,0.));
#11357=VECTOR('',#11356,4.477710901);
#11358=LINE('',#11355,#11357);
#11359=EDGE_CURVE('',#11330,#11354,#11358,.T.);
#11360=ORIENTED_EDGE('',*,*,#11359,.T.);
#11361=CARTESIAN_POINT('',(97.486409448,-66.950878801,24.94));
#11362=DIRECTION('',(0.,0.,-1.));
#11363=VECTOR('',#11362,25.);
#11364=LINE('',#11361,#11363);
#11365=EDGE_CURVE('',#1727,#11354,#11364,.T.);
#11366=ORIENTED_EDGE('',*,*,#11365,.F.);
#11367=ORIENTED_EDGE('',*,*,#1732,.F.);
#11368=ORIENTED_EDGE('',*,*,#11341,.T.);
#11369=EDGE_LOOP('',(#11360,#11366,#11367,#11368));
#11370=FACE_BOUND('',#11369,.T.);
#11371=ADVANCED_FACE('',(#11370),#11352,.F.);
#11372=CARTESIAN_POINT('',(96.805844178,-66.360182826,12.06));
#11373=DIRECTION('',(-0.655483419,-0.755209565,0.));
#11374=DIRECTION('',(0.755209565,-0.655483419,0.));
#11375=AXIS2_PLACEMENT_3D('',#11372,#11373,#11374);
#11376=PLANE('',#11375);
#11377=CARTESIAN_POINT('',(96.125278908,-65.769486851,-0.06));
#11378=VERTEX_POINT('',#11377);
#11379=CARTESIAN_POINT('',(97.486409448,-66.950878801,-0.06));
#11380=DIRECTION('',(-0.755209565,0.655483419,0.));
#11381=VECTOR('',#11380,1.802321638);
#11382=LINE('',#11379,#11381);
#11383=EDGE_CURVE('',#11354,#11378,#11382,.T.);
#11384=ORIENTED_EDGE('',*,*,#11383,.T.);
#11385=CARTESIAN_POINT('',(96.125278908,-65.769486851,24.94));
#11386=DIRECTION('',(0.,0.,-1.));
#11387=VECTOR('',#11386,25.);
#11388=LINE('',#11385,#11387);
#11389=EDGE_CURVE('',#1735,#11378,#11388,.T.);
#11390=ORIENTED_EDGE('',*,*,#11389,.F.);
#11391=ORIENTED_EDGE('',*,*,#1740,.F.);
#11392=ORIENTED_EDGE('',*,*,#11365,.T.);
#11393=EDGE_LOOP('',(#11384,#11390,#11391,#11392));
#11394=FACE_BOUND('',#11393,.T.);
#11395=ADVANCED_FACE('',(#11394),#11376,.F.);
#11396=CARTESIAN_POINT('',(96.038949663,-65.690639181,12.06));
#11397=DIRECTION('',(-0.674387441,-0.738377667,0.));
#11398=DIRECTION('',(0.738377667,-0.674387441,0.));
#11399=AXIS2_PLACEMENT_3D('',#11396,#11397,#11398);
#11400=PLANE('',#11399);
#11401=CARTESIAN_POINT('',(95.952620418,-65.611791511,-0.06));
#11402=VERTEX_POINT('',#11401);
#11403=CARTESIAN_POINT('',(96.125278908,-65.769486851,-0.06));
#11404=DIRECTION('',(-0.738377667,0.674387441,0.));
#11405=VECTOR('',#11404,0.23383493);
#11406=LINE('',#11403,#11405);
#11407=EDGE_CURVE('',#11378,#11402,#11406,.T.);
#11408=ORIENTED_EDGE('',*,*,#11407,.T.);
#11409=CARTESIAN_POINT('',(95.952620418,-65.611791511,24.94));
#11410=DIRECTION('',(0.,0.,-1.));
#11411=VECTOR('',#11410,25.);
#11412=LINE('',#11409,#11411);
#11413=EDGE_CURVE('',#1743,#11402,#11412,.T.);
#11414=ORIENTED_EDGE('',*,*,#11413,.F.);
#11415=ORIENTED_EDGE('',*,*,#1748,.F.);
#11416=ORIENTED_EDGE('',*,*,#11389,.T.);
#11417=EDGE_LOOP('',(#11408,#11414,#11415,#11416));
#11418=FACE_BOUND('',#11417,.T.);
#11419=ADVANCED_FACE('',(#11418),#11400,.F.);
#11420=CARTESIAN_POINT('',(95.871261383,-65.529557311,12.06));
#11421=DIRECTION('',(-0.710879376,-0.70331395,0.));
#11422=DIRECTION('',(0.70331395,-0.710879376,0.));
#11423=AXIS2_PLACEMENT_3D('',#11420,#11421,#11422);
#11424=PLANE('',#11423);
#11425=CARTESIAN_POINT('',(95.789902348,-65.447323111,-0.06));
#11426=VERTEX_POINT('',#11425);
#11427=CARTESIAN_POINT('',(95.952620418,-65.611791511,-0.06));
#11428=DIRECTION('',(-0.70331395,0.710879376,0.));
#11429=VECTOR('',#11428,0.231359082);
#11430=LINE('',#11427,#11429);
#11431=EDGE_CURVE('',#11402,#11426,#11430,.T.);
#11432=ORIENTED_EDGE('',*,*,#11431,.T.);
#11433=CARTESIAN_POINT('',(95.789902348,-65.447323111,24.94));
#11434=DIRECTION('',(0.,0.,-1.));
#11435=VECTOR('',#11434,25.);
#11436=LINE('',#11433,#11435);
#11437=EDGE_CURVE('',#1751,#11426,#11436,.T.);
#11438=ORIENTED_EDGE('',*,*,#11437,.F.);
#11439=ORIENTED_EDGE('',*,*,#1756,.F.);
#11440=ORIENTED_EDGE('',*,*,#11413,.T.);
#11441=EDGE_LOOP('',(#11432,#11438,#11439,#11440));
#11442=FACE_BOUND('',#11441,.T.);
#11443=ADVANCED_FACE('',(#11442),#11424,.F.);
#11444=CARTESIAN_POINT('',(95.713528168,-65.361902866,12.06));
#11445=DIRECTION('',(-0.745477446,-0.666530852,0.));
#11446=DIRECTION('',(0.666530852,-0.745477446,0.));
#11447=AXIS2_PLACEMENT_3D('',#11444,#11445,#11446);
#11448=PLANE('',#11447);
#11449=CARTESIAN_POINT('',(95.637153988,-65.276482621,-0.06));
#11450=VERTEX_POINT('',#11449);
#11451=CARTESIAN_POINT('',(95.789902348,-65.447323111,-0.06));
#11452=DIRECTION('',(-0.666530852,0.745477446,0.));
#11453=VECTOR('',#11452,0.229169227);
#11454=LINE('',#11451,#11453);
#11455=EDGE_CURVE('',#11426,#11450,#11454,.T.);
#11456=ORIENTED_EDGE('',*,*,#11455,.T.);
#11457=CARTESIAN_POINT('',(95.637153988,-65.276482621,24.94));
#11458=DIRECTION('',(0.,0.,-1.));
#11459=VECTOR('',#11458,25.);
#11460=LINE('',#11457,#11459);
#11461=EDGE_CURVE('',#1759,#11450,#11460,.T.);
#11462=ORIENTED_EDGE('',*,*,#11461,.F.);
#11463=ORIENTED_EDGE('',*,*,#1764,.F.);
#11464=ORIENTED_EDGE('',*,*,#11437,.T.);
#11465=EDGE_LOOP('',(#11456,#11462,#11463,#11464));
#11466=FACE_BOUND('',#11465,.T.);
#11467=ADVANCED_FACE('',(#11466),#11448,.F.);
#11468=CARTESIAN_POINT('',(95.565778803,-65.188078836,12.06));
#11469=DIRECTION('',(-0.778061075,-0.628188637,0.));
#11470=DIRECTION('',(0.628188637,-0.778061075,0.));
#11471=AXIS2_PLACEMENT_3D('',#11468,#11469,#11470);
#11472=PLANE('',#11471);
#11473=CARTESIAN_POINT('',(95.494403618,-65.099675051,-0.06));
#11474=VERTEX_POINT('',#11473);
#11475=CARTESIAN_POINT('',(95.637153988,-65.276482621,-0.06));
#11476=DIRECTION('',(-0.628188637,0.778061075,0.));
#11477=VECTOR('',#11476,0.227241248);
#11478=LINE('',#11475,#11477);
#11479=EDGE_CURVE('',#11450,#11474,#11478,.T.);
#11480=ORIENTED_EDGE('',*,*,#11479,.T.);
#11481=CARTESIAN_POINT('',(95.494403618,-65.099675051,24.94));
#11482=DIRECTION('',(0.,0.,-1.));
#11483=VECTOR('',#11482,25.);
#11484=LINE('',#11481,#11483);
#11485=EDGE_CURVE('',#1767,#11474,#11484,.T.);
#11486=ORIENTED_EDGE('',*,*,#11485,.F.);
#11487=ORIENTED_EDGE('',*,*,#1772,.F.);
#11488=ORIENTED_EDGE('',*,*,#11461,.T.);
#11489=EDGE_LOOP('',(#11480,#11486,#11487,#11488));
#11490=FACE_BOUND('',#11489,.T.);
#11491=ADVANCED_FACE('',(#11490),#11472,.F.);
#11492=CARTESIAN_POINT('',(95.428042073,-65.008488211,12.06));
#11493=DIRECTION('',(-0.808551122,-0.588425936,0.));
#11494=DIRECTION('',(0.588425936,-0.808551122,0.));
#11495=AXIS2_PLACEMENT_3D('',#11492,#11493,#11494);
#11496=PLANE('',#11495);
#11497=CARTESIAN_POINT('',(95.361680528,-64.917301371,-0.06));
#11498=VERTEX_POINT('',#11497);
#11499=CARTESIAN_POINT('',(95.494403618,-65.099675051,-0.06));
#11500=DIRECTION('',(-0.588425936,0.808551122,0.));
#11501=VECTOR('',#11500,0.225556152);
#11502=LINE('',#11499,#11501);
#11503=EDGE_CURVE('',#11474,#11498,#11502,.T.);
#11504=ORIENTED_EDGE('',*,*,#11503,.T.);
#11505=CARTESIAN_POINT('',(95.361680528,-64.917301371,24.94));
#11506=DIRECTION('',(0.,0.,-1.));
#11507=VECTOR('',#11506,25.);
#11508=LINE('',#11505,#11507);
#11509=EDGE_CURVE('',#1775,#11498,#11508,.T.);
#11510=ORIENTED_EDGE('',*,*,#11509,.F.);
#11511=ORIENTED_EDGE('',*,*,#1780,.F.);
#11512=ORIENTED_EDGE('',*,*,#11485,.T.);
#11513=EDGE_LOOP('',(#11504,#11510,#11511,#11512));
#11514=FACE_BOUND('',#11513,.T.);
#11515=ADVANCED_FACE('',(#11514),#11496,.F.);
#11516=CARTESIAN_POINT('',(95.300346763,-64.823532971,12.06));
#11517=DIRECTION('',(-0.836872893,-0.547397261,0.));
#11518=DIRECTION('',(0.547397261,-0.836872893,0.));
#11519=AXIS2_PLACEMENT_3D('',#11516,#11517,#11518);
#11520=PLANE('',#11519);
#11521=CARTESIAN_POINT('',(95.239012998,-64.729764571,-0.06));
#11522=VERTEX_POINT('',#11521);
#11523=CARTESIAN_POINT('',(95.361680528,-64.917301371,-0.06));
#11524=DIRECTION('',(-0.547397261,0.836872893,0.));
#11525=VECTOR('',#11524,0.224092334);
#11526=LINE('',#11523,#11525);
#11527=EDGE_CURVE('',#11498,#11522,#11526,.T.);
#11528=ORIENTED_EDGE('',*,*,#11527,.T.);
#11529=CARTESIAN_POINT('',(95.239012998,-64.729764571,24.94));
#11530=DIRECTION('',(0.,0.,-1.));
#11531=VECTOR('',#11530,25.);
#11532=LINE('',#11529,#11531);
#11533=EDGE_CURVE('',#1783,#11522,#11532,.T.);
#11534=ORIENTED_EDGE('',*,*,#11533,.F.);
#11535=ORIENTED_EDGE('',*,*,#1788,.F.);
#11536=ORIENTED_EDGE('',*,*,#11509,.T.);
#11537=EDGE_LOOP('',(#11528,#11534,#11535,#11536));
#11538=FACE_BOUND('',#11537,.T.);
#11539=ADVANCED_FACE('',(#11538),#11520,.F.);
#11540=CARTESIAN_POINT('',(95.182720648,-64.633616611,12.06));
#11541=DIRECTION('',(-0.86297292,-0.505250175,0.));
#11542=DIRECTION('',(0.505250175,-0.86297292,0.));
#11543=AXIS2_PLACEMENT_3D('',#11540,#11541,#11542);
#11544=PLANE('',#11543);
#11545=CARTESIAN_POINT('',(95.126428298,-64.537468651,-0.06));
#11546=VERTEX_POINT('',#11545);
#11547=CARTESIAN_POINT('',(95.239012998,-64.729764571,-0.06));
#11548=DIRECTION('',(-0.505250175,0.86297292,0.));
#11549=VECTOR('',#11548,0.222829611);
#11550=LINE('',#11547,#11549);
#11551=EDGE_CURVE('',#11522,#11546,#11550,.T.);
#11552=ORIENTED_EDGE('',*,*,#11551,.T.);
#11553=CARTESIAN_POINT('',(95.126428298,-64.537468651,24.94));
#11554=DIRECTION('',(0.,0.,-1.));
#11555=VECTOR('',#11554,25.);
#11556=LINE('',#11553,#11555);
#11557=EDGE_CURVE('',#1791,#11546,#11556,.T.);
#11558=ORIENTED_EDGE('',*,*,#11557,.F.);
#11559=ORIENTED_EDGE('',*,*,#1796,.F.);
#11560=ORIENTED_EDGE('',*,*,#11533,.T.);
#11561=EDGE_LOOP('',(#11552,#11558,#11559,#11560));
#11562=FACE_BOUND('',#11561,.T.);
#11563=ADVANCED_FACE('',(#11562),#11544,.F.);
#11564=CARTESIAN_POINT('',(95.075192513,-64.439141616,12.06));
#11565=DIRECTION('',(-0.88682617,-0.462103174,0.));
#11566=DIRECTION('',(0.462103174,-0.88682617,0.));
#11567=AXIS2_PLACEMENT_3D('',#11564,#11565,#11566);
#11568=PLANE('',#11567);
#11569=CARTESIAN_POINT('',(95.023956728,-64.340814581,-0.06));
#11570=VERTEX_POINT('',#11569);
#11571=CARTESIAN_POINT('',(95.126428298,-64.537468651,-0.06));
#11572=DIRECTION('',(-0.462103174,0.88682617,0.));
#11573=VECTOR('',#11572,0.221750414);
#11574=LINE('',#11571,#11573);
#11575=EDGE_CURVE('',#11546,#11570,#11574,.T.);
#11576=ORIENTED_EDGE('',*,*,#11575,.T.);
#11577=CARTESIAN_POINT('',(95.023956728,-64.340814581,24.94));
#11578=DIRECTION('',(0.,0.,-1.));
#11579=VECTOR('',#11578,25.);
#11580=LINE('',#11577,#11579);
#11581=EDGE_CURVE('',#1799,#11570,#11580,.T.);
#11582=ORIENTED_EDGE('',*,*,#11581,.F.);
#11583=ORIENTED_EDGE('',*,*,#1804,.F.);
#11584=ORIENTED_EDGE('',*,*,#11557,.T.);
#11585=EDGE_LOOP('',(#11576,#11582,#11583,#11584));
#11586=FACE_BOUND('',#11585,.T.);
#11587=ADVANCED_FACE('',(#11586),#11568,.F.);
#11588=CARTESIAN_POINT('',(94.977790638,-64.240510976,12.06));
#11589=DIRECTION('',(-0.908399548,-0.418103171,0.));
#11590=DIRECTION('',(0.418103171,-0.908399548,0.));
#11591=AXIS2_PLACEMENT_3D('',#11588,#11589,#11590);
#11592=PLANE('',#11591);
#11593=CARTESIAN_POINT('',(94.931624548,-64.140207371,-0.06));
#11594=VERTEX_POINT('',#11593);
#11595=CARTESIAN_POINT('',(95.023956728,-64.340814581,-0.06));
#11596=DIRECTION('',(-0.418103171,0.908399548,0.));
#11597=VECTOR('',#11596,0.220835876);
#11598=LINE('',#11595,#11597);
#11599=EDGE_CURVE('',#11570,#11594,#11598,.T.);
#11600=ORIENTED_EDGE('',*,*,#11599,.T.);
#11601=CARTESIAN_POINT('',(94.931624548,-64.140207371,24.94));
#11602=DIRECTION('',(0.,0.,-1.));
#11603=VECTOR('',#11602,25.);
#11604=LINE('',#11601,#11603);
#11605=EDGE_CURVE('',#1807,#11594,#11604,.T.);
#11606=ORIENTED_EDGE('',*,*,#11605,.F.);
#11607=ORIENTED_EDGE('',*,*,#1812,.F.);
#11608=ORIENTED_EDGE('',*,*,#11581,.T.);
#11609=EDGE_LOOP('',(#11600,#11606,#11607,#11608));
#11610=FACE_BOUND('',#11609,.T.);
#11611=ADVANCED_FACE('',(#11610),#11592,.F.);
#11612=CARTESIAN_POINT('',(94.890543303,-64.038127176,12.06));
#11613=DIRECTION('',(-0.92769381,-0.373341927,0.));
#11614=DIRECTION('',(0.373341927,-0.92769381,0.));
#11615=AXIS2_PLACEMENT_3D('',#11612,#11613,#11614);
#11616=PLANE('',#11615);
#11617=CARTESIAN_POINT('',(94.849462058,-63.936046981,-0.06));
#11618=VERTEX_POINT('',#11617);
#11619=CARTESIAN_POINT('',(94.931624548,-64.140207371,-0.06));
#11620=DIRECTION('',(-0.373341927,0.92769381,0.));
#11621=VECTOR('',#11620,0.220073032);
#11622=LINE('',#11619,#11621);
#11623=EDGE_CURVE('',#11594,#11618,#11622,.T.);
#11624=ORIENTED_EDGE('',*,*,#11623,.T.);
#11625=CARTESIAN_POINT('',(94.849462058,-63.936046981,24.94));
#11626=DIRECTION('',(0.,0.,-1.));
#11627=VECTOR('',#11626,25.);
#11628=LINE('',#11625,#11627);
#11629=EDGE_CURVE('',#1815,#11618,#11628,.T.);
#11630=ORIENTED_EDGE('',*,*,#11629,.F.);
#11631=ORIENTED_EDGE('',*,*,#1820,.F.);
#11632=ORIENTED_EDGE('',*,*,#11605,.T.);
#11633=EDGE_LOOP('',(#11624,#11630,#11631,#11632));
#11634=FACE_BOUND('',#11633,.T.);
#11635=ADVANCED_FACE('',(#11634),#11616,.F.);
#11636=CARTESIAN_POINT('',(94.813479798,-63.832392701,12.06));
#11637=DIRECTION('',(-0.94469854,-0.327940038,0.));
#11638=DIRECTION('',(0.327940038,-0.94469854,0.));
#11639=AXIS2_PLACEMENT_3D('',#11636,#11637,#11638);
#11640=PLANE('',#11639);
#11641=CARTESIAN_POINT('',(94.777497538,-63.728738421,-0.06));
#11642=VERTEX_POINT('',#11641);
#11643=CARTESIAN_POINT('',(94.849462058,-63.936046981,-0.06));
#11644=DIRECTION('',(-0.327940038,0.94469854,0.));
#11645=VECTOR('',#11644,0.219444141);
#11646=LINE('',#11643,#11645);
#11647=EDGE_CURVE('',#11618,#11642,#11646,.T.);
#11648=ORIENTED_EDGE('',*,*,#11647,.T.);
#11649=CARTESIAN_POINT('',(94.777497538,-63.728738421,24.94));
#11650=DIRECTION('',(0.,0.,-1.));
#11651=VECTOR('',#11650,25.);
#11652=LINE('',#11649,#11651);
#11653=EDGE_CURVE('',#1823,#11642,#11652,.T.);
#11654=ORIENTED_EDGE('',*,*,#11653,.F.);
#11655=ORIENTED_EDGE('',*,*,#1828,.F.);
#11656=ORIENTED_EDGE('',*,*,#11629,.T.);
#11657=EDGE_LOOP('',(#11648,#11654,#11655,#11656));
#11658=FACE_BOUND('',#11657,.T.);
#11659=ADVANCED_FACE('',(#11658),#11640,.F.);
#11660=CARTESIAN_POINT('',(94.746628403,-63.623710541,12.06));
#11661=DIRECTION('',(-0.959418447,-0.281986246,0.));
#11662=DIRECTION('',(0.281986246,-0.959418447,0.));
#11663=AXIS2_PLACEMENT_3D('',#11660,#11661,#11662);
#11664=PLANE('',#11663);
#11665=CARTESIAN_POINT('',(94.715759268,-63.518682661,-0.06));
#11666=VERTEX_POINT('',#11665);
#11667=CARTESIAN_POINT('',(94.777497538,-63.728738421,-0.06));
#11668=DIRECTION('',(-0.281986246,0.959418447,0.));
#11669=VECTOR('',#11668,0.218940714);
#11670=LINE('',#11667,#11669);
#11671=EDGE_CURVE('',#11642,#11666,#11670,.T.);
#11672=ORIENTED_EDGE('',*,*,#11671,.T.);
#11673=CARTESIAN_POINT('',(94.715759268,-63.518682661,24.94));
#11674=DIRECTION('',(0.,0.,-1.));
#11675=VECTOR('',#11674,25.);
#11676=LINE('',#11673,#11675);
#11677=EDGE_CURVE('',#1831,#11666,#11676,.T.);
#11678=ORIENTED_EDGE('',*,*,#11677,.F.);
#11679=ORIENTED_EDGE('',*,*,#1836,.F.);
#11680=ORIENTED_EDGE('',*,*,#11653,.T.);
#11681=EDGE_LOOP('',(#11672,#11678,#11679,#11680));
#11682=FACE_BOUND('',#11681,.T.);
#11683=ADVANCED_FACE('',(#11682),#11664,.F.);
#11684=CARTESIAN_POINT('',(94.690017398,-63.412483181,12.06));
#11685=DIRECTION('',(-0.971857352,-0.235570133,0.));
#11686=DIRECTION('',(0.235570133,-0.971857352,0.));
#11687=AXIS2_PLACEMENT_3D('',#11684,#11685,#11686);
#11688=PLANE('',#11687);
#11689=CARTESIAN_POINT('',(94.664275528,-63.306283701,-0.06));
#11690=VERTEX_POINT('',#11689);
#11691=CARTESIAN_POINT('',(94.715759268,-63.518682661,-0.06));
#11692=DIRECTION('',(-0.235570133,0.971857352,0.));
#11693=VECTOR('',#11692,0.218549522);
#11694=LINE('',#11691,#11693);
#11695=EDGE_CURVE('',#11666,#11690,#11694,.T.);
#11696=ORIENTED_EDGE('',*,*,#11695,.T.);
#11697=CARTESIAN_POINT('',(94.664275528,-63.306283701,24.94));
#11698=DIRECTION('',(0.,0.,-1.));
#11699=VECTOR('',#11698,25.);
#11700=LINE('',#11697,#11699);
#11701=EDGE_CURVE('',#1839,#11690,#11700,.T.);
#11702=ORIENTED_EDGE('',*,*,#11701,.F.);
#11703=ORIENTED_EDGE('',*,*,#1844,.F.);
#11704=ORIENTED_EDGE('',*,*,#11677,.T.);
#11705=EDGE_LOOP('',(#11696,#11702,#11703,#11704));
#11706=FACE_BOUND('',#11705,.T.);
#11707=ADVANCED_FACE('',(#11706),#11688,.F.);
#11708=CARTESIAN_POINT('',(94.643675063,-63.199114116,12.06));
#11709=DIRECTION('',(-0.982021858,-0.188767241,0.));
#11710=DIRECTION('',(0.188767241,-0.982021858,0.));
#11711=AXIS2_PLACEMENT_3D('',#11708,#11709,#11710);
#11712=PLANE('',#11711);
#11713=CARTESIAN_POINT('',(94.623074598,-63.091944531,-0.06));
#11714=VERTEX_POINT('',#11713);
#11715=CARTESIAN_POINT('',(94.664275528,-63.306283701,-0.06));
#11716=DIRECTION('',(-0.188767241,0.982021858,0.));
#11717=VECTOR('',#11716,0.218263136);
#11718=LINE('',#11715,#11717);
#11719=EDGE_CURVE('',#11690,#11714,#11718,.T.);
#11720=ORIENTED_EDGE('',*,*,#11719,.T.);
#11721=CARTESIAN_POINT('',(94.623074598,-63.091944531,24.94));
#11722=DIRECTION('',(0.,0.,-1.));
#11723=VECTOR('',#11722,25.);
#11724=LINE('',#11721,#11723);
#11725=EDGE_CURVE('',#1847,#11714,#11724,.T.);
#11726=ORIENTED_EDGE('',*,*,#11725,.F.);
#11727=ORIENTED_EDGE('',*,*,#1852,.F.);
#11728=ORIENTED_EDGE('',*,*,#11701,.T.);
#11729=EDGE_LOOP('',(#11720,#11726,#11727,#11728));
#11730=FACE_BOUND('',#11729,.T.);
#11731=ADVANCED_FACE('',(#11730),#11712,.F.);
#11732=CARTESIAN_POINT('',(94.607629678,-62.984005326,12.06));
#11733=DIRECTION('',(-0.989917326,-0.141646345,0.));
#11734=DIRECTION('',(0.141646345,-0.989917326,0.));
#11735=AXIS2_PLACEMENT_3D('',#11732,#11733,#11734);
#11736=PLANE('',#11735);
#11737=CARTESIAN_POINT('',(94.592184758,-62.876066121,-0.06));
#11738=VERTEX_POINT('',#11737);
#11739=CARTESIAN_POINT('',(94.623074598,-63.091944531,-0.06));
#11740=DIRECTION('',(-0.141646345,0.989917326,0.));
#11741=VECTOR('',#11740,0.218077211);
#11742=LINE('',#11739,#11741);
#11743=EDGE_CURVE('',#11714,#11738,#11742,.T.);
#11744=ORIENTED_EDGE('',*,*,#11743,.T.);
#11745=CARTESIAN_POINT('',(94.592184758,-62.876066121,24.94));
#11746=DIRECTION('',(0.,0.,-1.));
#11747=VECTOR('',#11746,25.);
#11748=LINE('',#11745,#11747);
#11749=EDGE_CURVE('',#1855,#11738,#11748,.T.);
#11750=ORIENTED_EDGE('',*,*,#11749,.F.);
#11751=ORIENTED_EDGE('',*,*,#1860,.F.);
#11752=ORIENTED_EDGE('',*,*,#11725,.T.);
#11753=EDGE_LOOP('',(#11744,#11750,#11751,#11752));
#11754=FACE_BOUND('',#11753,.T.);
#11755=ADVANCED_FACE('',(#11754),#11736,.F.);
#11756=CARTESIAN_POINT('',(94.581910533,-62.767559296,12.06));
#11757=DIRECTION('',(-0.995547072,-0.094265726,0.));
#11758=DIRECTION('',(0.094265726,-0.995547072,0.));
#11759=AXIS2_PLACEMENT_3D('',#11756,#11757,#11758);
#11760=PLANE('',#11759);
#11761=CARTESIAN_POINT('',(94.571636308,-62.659052471,-0.06));
#11762=VERTEX_POINT('',#11761);
#11763=CARTESIAN_POINT('',(94.592184758,-62.876066121,-0.06));
#11764=DIRECTION('',(-0.094265726,0.995547072,0.));
#11765=VECTOR('',#11764,0.217984318);
#11766=LINE('',#11763,#11765);
#11767=EDGE_CURVE('',#11738,#11762,#11766,.T.);
#11768=ORIENTED_EDGE('',*,*,#11767,.T.);
#11769=CARTESIAN_POINT('',(94.571636308,-62.659052471,24.94));
#11770=DIRECTION('',(0.,0.,-1.));
#11771=VECTOR('',#11770,25.);
#11772=LINE('',#11769,#11771);
#11773=EDGE_CURVE('',#1863,#11762,#11772,.T.);
#11774=ORIENTED_EDGE('',*,*,#11773,.F.);
#11775=ORIENTED_EDGE('',*,*,#1868,.F.);
#11776=ORIENTED_EDGE('',*,*,#11749,.T.);
#11777=EDGE_LOOP('',(#11768,#11774,#11775,#11776));
#11778=FACE_BOUND('',#11777,.T.);
#11779=ADVANCED_FACE('',(#11778),#11760,.F.);
#11780=CARTESIAN_POINT('',(94.566545908,-62.550179521,12.06));
#11781=DIRECTION('',(-0.998908754,-0.046704394,0.));
#11782=DIRECTION('',(0.046704394,-0.998908754,0.));
#11783=AXIS2_PLACEMENT_3D('',#11780,#11781,#11782);
#11784=PLANE('',#11783);
#11785=CARTESIAN_POINT('',(94.561455508,-62.441306571,-0.06));
#11786=VERTEX_POINT('',#11785);
#11787=CARTESIAN_POINT('',(94.571636308,-62.659052471,-0.06));
#11788=DIRECTION('',(-0.046704394,0.998908754,0.));
#11789=VECTOR('',#11788,0.217983774);
#11790=LINE('',#11787,#11789);
#11791=EDGE_CURVE('',#11762,#11786,#11790,.T.);
#11792=ORIENTED_EDGE('',*,*,#11791,.T.);
#11793=CARTESIAN_POINT('',(94.561455508,-62.441306571,24.94));
#11794=DIRECTION('',(0.,0.,-1.));
#11795=VECTOR('',#11794,25.);
#11796=LINE('',#11793,#11795);
#11797=EDGE_CURVE('',#1871,#11786,#11796,.T.);
#11798=ORIENTED_EDGE('',*,*,#11797,.F.);
#11799=ORIENTED_EDGE('',*,*,#1876,.F.);
#11800=ORIENTED_EDGE('',*,*,#11773,.T.);
#11801=EDGE_LOOP('',(#11792,#11798,#11799,#11800));
#11802=FACE_BOUND('',#11801,.T.);
#11803=ADVANCED_FACE('',(#11802),#11784,.F.);
#11804=CARTESIAN_POINT('',(94.561563578,-62.332268991,12.06));
#11805=DIRECTION('',(-0.999999509,0.000991126,0.));
#11806=DIRECTION('',(-0.000991126,-0.999999509,0.));
#11807=AXIS2_PLACEMENT_3D('',#11804,#11805,#11806);
#11808=PLANE('',#11807);
#11809=CARTESIAN_POINT('',(94.561671648,-62.223231411,-0.06));
#11810=VERTEX_POINT('',#11809);
#11811=CARTESIAN_POINT('',(94.561455508,-62.441306571,-0.06));
#11812=DIRECTION('',(0.000991126,0.999999509,0.));
#11813=VECTOR('',#11812,0.218075267);
#11814=LINE('',#11811,#11813);
#11815=EDGE_CURVE('',#11786,#11810,#11814,.T.);
#11816=ORIENTED_EDGE('',*,*,#11815,.T.);
#11817=CARTESIAN_POINT('',(94.561671648,-62.223231411,24.94));
#11818=DIRECTION('',(0.,0.,-1.));
#11819=VECTOR('',#11818,25.);
#11820=LINE('',#11817,#11819);
#11821=EDGE_CURVE('',#1879,#11810,#11820,.T.);
#11822=ORIENTED_EDGE('',*,*,#11821,.F.);
#11823=ORIENTED_EDGE('',*,*,#1884,.F.);
#11824=ORIENTED_EDGE('',*,*,#11797,.T.);
#11825=EDGE_LOOP('',(#11816,#11822,#11823,#11824));
#11826=FACE_BOUND('',#11825,.T.);
#11827=ADVANCED_FACE('',(#11826),#11808,.F.);
#11828=CARTESIAN_POINT('',(94.566992833,-62.114229686,12.06));
#11829=DIRECTION('',(-0.998810554,0.048759373,0.));
#11830=DIRECTION('',(-0.048759373,-0.998810554,0.));
#11831=AXIS2_PLACEMENT_3D('',#11828,#11829,#11830);
#11832=PLANE('',#11831);
#11833=CARTESIAN_POINT('',(94.572314018,-62.005227961,-0.06));
#11834=VERTEX_POINT('',#11833);
#11835=CARTESIAN_POINT('',(94.561671648,-62.223231411,-0.06));
#11836=DIRECTION('',(0.048759373,0.998810554,0.));
#11837=VECTOR('',#11836,0.218263062);
#11838=LINE('',#11835,#11837);
#11839=EDGE_CURVE('',#11810,#11834,#11838,.T.);
#11840=ORIENTED_EDGE('',*,*,#11839,.T.);
#11841=CARTESIAN_POINT('',(94.572314018,-62.005227961,24.94));
#11842=DIRECTION('',(0.,0.,-1.));
#11843=VECTOR('',#11842,25.);
#11844=LINE('',#11841,#11843);
#11845=EDGE_CURVE('',#1887,#11834,#11844,.T.);
#11846=ORIENTED_EDGE('',*,*,#11845,.F.);
#11847=ORIENTED_EDGE('',*,*,#1892,.F.);
#11848=ORIENTED_EDGE('',*,*,#11821,.T.);
#11849=EDGE_LOOP('',(#11840,#11846,#11847,#11848));
#11850=FACE_BOUND('',#11849,.T.);
#11851=ADVANCED_FACE('',(#11850),#11832,.F.);
#11852=CARTESIAN_POINT('',(94.582861953,-61.896464091,12.06));
#11853=DIRECTION('',(-0.99533034,0.096527273,0.));
#11854=DIRECTION('',(-0.096527273,-0.99533034,0.));
#11855=AXIS2_PLACEMENT_3D('',#11852,#11853,#11854);
#11856=PLANE('',#11855);
#11857=CARTESIAN_POINT('',(94.593409888,-61.787700221,-0.06));
#11858=VERTEX_POINT('',#11857);
#11859=CARTESIAN_POINT('',(94.572314018,-62.005227961,-0.06));
#11860=DIRECTION('',(0.096527273,0.99533034,0.));
#11861=VECTOR('',#11860,0.218548286);
#11862=LINE('',#11859,#11861);
#11863=EDGE_CURVE('',#11834,#11858,#11862,.T.);
#11864=ORIENTED_EDGE('',*,*,#11863,.T.);
#11865=CARTESIAN_POINT('',(94.593409888,-61.787700221,24.94));
#11866=DIRECTION('',(0.,0.,-1.));
#11867=VECTOR('',#11866,25.);
#11868=LINE('',#11865,#11867);
#11869=EDGE_CURVE('',#1895,#11858,#11868,.T.);
#11870=ORIENTED_EDGE('',*,*,#11869,.F.);
#11871=ORIENTED_EDGE('',*,*,#1900,.F.);
#11872=ORIENTED_EDGE('',*,*,#11845,.T.);
#11873=EDGE_LOOP('',(#11864,#11870,#11871,#11872));
#11874=FACE_BOUND('',#11873,.T.);
#11875=ADVANCED_FACE('',(#11874),#11856,.F.);
#11876=CARTESIAN_POINT('',(94.609199218,-61.679375196,12.06));
#11877=DIRECTION('',(-0.989543505,0.144234713,0.));
#11878=DIRECTION('',(-0.144234713,-0.989543505,0.));
#11879=AXIS2_PLACEMENT_3D('',#11876,#11877,#11878);
#11880=PLANE('',#11879);
#11881=CARTESIAN_POINT('',(94.624988548,-61.571050171,-0.06));
#11882=VERTEX_POINT('',#11881);
#11883=CARTESIAN_POINT('',(94.593409888,-61.787700221,-0.06));
#11884=DIRECTION('',(0.144234713,0.989543505,0.));
#11885=VECTOR('',#11884,0.218939389);
#11886=LINE('',#11883,#11885);
#11887=EDGE_CURVE('',#11858,#11882,#11886,.T.);
#11888=ORIENTED_EDGE('',*,*,#11887,.T.);
#11889=CARTESIAN_POINT('',(94.624988548,-61.571050171,24.94));
#11890=DIRECTION('',(0.,0.,-1.));
#11891=VECTOR('',#11890,25.);
#11892=LINE('',#11889,#11891);
#11893=EDGE_CURVE('',#1903,#11882,#11892,.T.);
#11894=ORIENTED_EDGE('',*,*,#11893,.F.);
#11895=ORIENTED_EDGE('',*,*,#1908,.F.);
#11896=ORIENTED_EDGE('',*,*,#11869,.T.);
#11897=EDGE_LOOP('',(#11888,#11894,#11895,#11896));
#11898=FACE_BOUND('',#11897,.T.);
#11899=ADVANCED_FACE('',(#11898),#11880,.F.);
#11900=CARTESIAN_POINT('',(94.646033413,-61.463365991,12.06));
#11901=DIRECTION('',(-0.981433471,0.191802871,0.));
#11902=DIRECTION('',(-0.191802871,-0.981433471,0.));
#11903=AXIS2_PLACEMENT_3D('',#11900,#11901,#11902);
#11904=PLANE('',#11903);
#11905=CARTESIAN_POINT('',(94.667078278,-61.355681811,-0.06));
#11906=VERTEX_POINT('',#11905);
#11907=CARTESIAN_POINT('',(94.624988548,-61.571050171,-0.06));
#11908=DIRECTION('',(0.191802871,0.981433471,0.));
#11909=VECTOR('',#11908,0.219442648);
#11910=LINE('',#11907,#11909);
#11911=EDGE_CURVE('',#11882,#11906,#11910,.T.);
#11912=ORIENTED_EDGE('',*,*,#11911,.T.);
#11913=CARTESIAN_POINT('',(94.667078278,-61.355681811,24.94));
#11914=DIRECTION('',(0.,0.,-1.));
#11915=VECTOR('',#11914,25.);
#11916=LINE('',#11913,#11915);
#11917=EDGE_CURVE('',#1911,#11906,#11916,.T.);
#11918=ORIENTED_EDGE('',*,*,#11917,.F.);
#11919=ORIENTED_EDGE('',*,*,#1916,.F.);
#11920=ORIENTED_EDGE('',*,*,#11893,.T.);
#11921=EDGE_LOOP('',(#11912,#11918,#11919,#11920));
#11922=FACE_BOUND('',#11921,.T.);
#11923=ADVANCED_FACE('',(#11922),#11904,.F.);
#11924=CARTESIAN_POINT('',(94.693393323,-61.248839466,12.06));
#11925=DIRECTION('',(-0.970982407,0.239150926,0.));
#11926=DIRECTION('',(-0.239150926,-0.970982407,0.));
#11927=AXIS2_PLACEMENT_3D('',#11924,#11925,#11926);
#11928=PLANE('',#11927);
#11929=CARTESIAN_POINT('',(94.719708368,-61.141997121,-0.06));
#11930=VERTEX_POINT('',#11929);
#11931=CARTESIAN_POINT('',(94.667078278,-61.355681811,-0.06));
#11932=DIRECTION('',(0.239150926,0.970982407,0.));
#11933=VECTOR('',#11932,0.220070609);
#11934=LINE('',#11931,#11933);
#11935=EDGE_CURVE('',#11906,#11930,#11934,.T.);
#11936=ORIENTED_EDGE('',*,*,#11935,.T.);
#11937=CARTESIAN_POINT('',(94.719708368,-61.141997121,24.94));
#11938=DIRECTION('',(0.,0.,-1.));
#11939=VECTOR('',#11938,25.);
#11940=LINE('',#11937,#11939);
#11941=EDGE_CURVE('',#1919,#11930,#11940,.T.);
#11942=ORIENTED_EDGE('',*,*,#11941,.F.);
#11943=ORIENTED_EDGE('',*,*,#1924,.F.);
#11944=ORIENTED_EDGE('',*,*,#11917,.T.);
#11945=EDGE_LOOP('',(#11936,#11942,#11943,#11944));
#11946=FACE_BOUND('',#11945,.T.);
#11947=ADVANCED_FACE('',(#11946),#11928,.F.);
#11948=CARTESIAN_POINT('',(94.751306723,-61.036198106,12.06));
#11949=DIRECTION('',(-0.958177898,0.286173226,0.));
#11950=DIRECTION('',(-0.286173226,-0.958177898,0.));
#11951=AXIS2_PLACEMENT_3D('',#11948,#11949,#11950);
#11952=PLANE('',#11951);
#11953=CARTESIAN_POINT('',(94.782905078,-60.930399091,-0.06));
#11954=VERTEX_POINT('',#11953);
#11955=CARTESIAN_POINT('',(94.719708368,-61.141997121,-0.06));
#11956=DIRECTION('',(0.286173226,0.958177898,0.));
#11957=VECTOR('',#11956,0.220833762);
#11958=LINE('',#11955,#11957);
#11959=EDGE_CURVE('',#11930,#11954,#11958,.T.);
#11960=ORIENTED_EDGE('',*,*,#11959,.T.);
#11961=CARTESIAN_POINT('',(94.782905078,-60.930399091,24.94));
#11962=DIRECTION('',(0.,0.,-1.));
#11963=VECTOR('',#11962,25.);
#11964=LINE('',#11961,#11963);
#11965=EDGE_CURVE('',#1927,#11954,#11964,.T.);
#11966=ORIENTED_EDGE('',*,*,#11965,.F.);
#11967=ORIENTED_EDGE('',*,*,#1932,.F.);
#11968=ORIENTED_EDGE('',*,*,#11941,.T.);
#11969=EDGE_LOOP('',(#11960,#11966,#11967,#11968));
#11970=FACE_BOUND('',#11969,.T.);
#11971=ADVANCED_FACE('',(#11970),#11952,.F.);
#11972=CARTESIAN_POINT('',(94.819801893,-60.825844396,12.06));
#11973=DIRECTION('',(-0.943004039,0.332781283,0.));
#11974=DIRECTION('',(-0.332781283,-0.943004039,0.));
#11975=AXIS2_PLACEMENT_3D('',#11972,#11973,#11974);
#11976=PLANE('',#11975);
#11977=CARTESIAN_POINT('',(94.856698708,-60.721289701,-0.06));
#11978=VERTEX_POINT('',#11977);
#11979=CARTESIAN_POINT('',(94.782905078,-60.930399091,-0.06));
#11980=DIRECTION('',(0.332781283,0.943004039,0.));
#11981=VECTOR('',#11980,0.221748138);
#11982=LINE('',#11979,#11981);
#11983=EDGE_CURVE('',#11954,#11978,#11982,.T.);
#11984=ORIENTED_EDGE('',*,*,#11983,.T.);
#11985=CARTESIAN_POINT('',(94.856698708,-60.721289701,24.94));
#11986=DIRECTION('',(0.,0.,-1.));
#11987=VECTOR('',#11986,25.);
#11988=LINE('',#11985,#11987);
#11989=EDGE_CURVE('',#1935,#11978,#11988,.T.);
#11990=ORIENTED_EDGE('',*,*,#11989,.F.);
#11991=ORIENTED_EDGE('',*,*,#1940,.F.);
#11992=ORIENTED_EDGE('',*,*,#11965,.T.);
#11993=EDGE_LOOP('',(#11984,#11990,#11991,#11992));
#11994=FACE_BOUND('',#11993,.T.);
#11995=ADVANCED_FACE('',(#11994),#11976,.F.);
#11996=CARTESIAN_POINT('',(94.898908123,-60.618180821,12.06));
#11997=DIRECTION('',(-0.925457256,0.378852039,0.));
#11998=DIRECTION('',(-0.378852039,-0.925457256,0.));
#11999=AXIS2_PLACEMENT_3D('',#11996,#11997,#11998);
#12000=PLANE('',#11999);
#12001=CARTESIAN_POINT('',(94.941117538,-60.515071941,-0.06));
#12002=VERTEX_POINT('',#12001);
#12003=CARTESIAN_POINT('',(94.856698708,-60.721289701,-0.06));
#12004=DIRECTION('',(0.378852039,0.925457256,0.));
#12005=VECTOR('',#12004,0.222827968);
#12006=LINE('',#12003,#12005);
#12007=EDGE_CURVE('',#11978,#12002,#12006,.T.);
#12008=ORIENTED_EDGE('',*,*,#12007,.T.);
#12009=CARTESIAN_POINT('',(94.941117538,-60.515071941,24.94));
#12010=DIRECTION('',(0.,0.,-1.));
#12011=VECTOR('',#12010,25.);
#12012=LINE('',#12009,#12011);
#12013=EDGE_CURVE('',#1943,#12002,#12012,.T.);
#12014=ORIENTED_EDGE('',*,*,#12013,.F.);
#12015=ORIENTED_EDGE('',*,*,#1948,.F.);
#12016=ORIENTED_EDGE('',*,*,#11989,.T.);
#12017=EDGE_LOOP('',(#12008,#12014,#12015,#12016));
#12018=FACE_BOUND('',#12017,.T.);
#12019=ADVANCED_FACE('',(#12018),#12000,.F.);
#12020=CARTESIAN_POINT('',(94.988653693,-60.413610371,12.06));
#12021=DIRECTION('',(-0.905541086,0.424258578,0.));
#12022=DIRECTION('',(-0.424258578,-0.905541086,0.));
#12023=AXIS2_PLACEMENT_3D('',#12020,#12021,#12022);
#12024=PLANE('',#12023);
#12025=CARTESIAN_POINT('',(95.036189848,-60.312148801,-0.06));
#12026=VERTEX_POINT('',#12025);
#12027=CARTESIAN_POINT('',(94.941117538,-60.515071941,-0.06));
#12028=DIRECTION('',(0.424258578,0.905541086,0.));
#12029=VECTOR('',#12028,0.224090484);
#12030=LINE('',#12027,#12029);
#12031=EDGE_CURVE('',#12002,#12026,#12030,.T.);
#12032=ORIENTED_EDGE('',*,*,#12031,.T.);
#12033=CARTESIAN_POINT('',(95.036189848,-60.312148801,24.94));
#12034=DIRECTION('',(0.,0.,-1.));
#12035=VECTOR('',#12034,25.);
#12036=LINE('',#12033,#12035);
#12037=EDGE_CURVE('',#1951,#12026,#12036,.T.);
#12038=ORIENTED_EDGE('',*,*,#12037,.F.);
#12039=ORIENTED_EDGE('',*,*,#1956,.F.);
#12040=ORIENTED_EDGE('',*,*,#12013,.T.);
#12041=EDGE_LOOP('',(#12032,#12038,#12039,#12040));
#12042=FACE_BOUND('',#12041,.T.);
#12043=ADVANCED_FACE('',(#12042),#12024,.F.);
#12044=CARTESIAN_POINT('',(95.089067388,-60.212536036,12.06));
#12045=DIRECTION('',(-0.883269021,0.468866545,0.));
#12046=DIRECTION('',(-0.468866545,-0.883269021,0.));
#12047=AXIS2_PLACEMENT_3D('',#12044,#12045,#12046);
#12048=PLANE('',#12047);
#12049=CARTESIAN_POINT('',(95.141944928,-60.112923271,-0.06));
#12050=VERTEX_POINT('',#12049);
#12051=CARTESIAN_POINT('',(95.036189848,-60.312148801,-0.06));
#12052=DIRECTION('',(0.468866545,0.883269021,0.));
#12053=VECTOR('',#12052,0.225554758);
#12054=LINE('',#12051,#12053);
#12055=EDGE_CURVE('',#12026,#12050,#12054,.T.);
#12056=ORIENTED_EDGE('',*,*,#12055,.T.);
#12057=CARTESIAN_POINT('',(95.141944928,-60.112923271,24.94));
#12058=DIRECTION('',(0.,0.,-1.));
#12059=VECTOR('',#12058,25.);
#12060=LINE('',#12057,#12059);
#12061=EDGE_CURVE('',#1959,#12050,#12060,.T.);
#12062=ORIENTED_EDGE('',*,*,#12061,.F.);
#12063=ORIENTED_EDGE('',*,*,#1964,.F.);
#12064=ORIENTED_EDGE('',*,*,#12037,.T.);
#12065=EDGE_LOOP('',(#12056,#12062,#12063,#12064));
#12066=FACE_BOUND('',#12065,.T.);
#12067=ADVANCED_FACE('',(#12066),#12048,.F.);
#12068=CARTESIAN_POINT('',(95.200176983,-60.015360806,12.06));
#12069=DIRECTION('',(-0.858676587,0.512517824,0.));
#12070=DIRECTION('',(-0.512517824,-0.858676587,0.));
#12071=AXIS2_PLACEMENT_3D('',#12068,#12069,#12070);
#12072=PLANE('',#12071);
#12073=CARTESIAN_POINT('',(95.258409038,-59.917798341,-0.06));
#12074=VERTEX_POINT('',#12073);
#12075=CARTESIAN_POINT('',(95.141944928,-60.112923271,-0.06));
#12076=DIRECTION('',(0.512517824,0.858676587,0.));
#12077=VECTOR('',#12076,0.227239141);
#12078=LINE('',#12075,#12077);
#12079=EDGE_CURVE('',#12050,#12074,#12078,.T.);
#12080=ORIENTED_EDGE('',*,*,#12079,.T.);
#12081=CARTESIAN_POINT('',(95.258409038,-59.917798341,24.94));
#12082=DIRECTION('',(0.,0.,-1.));
#12083=VECTOR('',#12082,25.);
#12084=LINE('',#12081,#12083);
#12085=EDGE_CURVE('',#1967,#12074,#12084,.T.);
#12086=ORIENTED_EDGE('',*,*,#12085,.F.);
#12087=ORIENTED_EDGE('',*,*,#1972,.F.);
#12088=ORIENTED_EDGE('',*,*,#12061,.T.);
#12089=EDGE_LOOP('',(#12080,#12086,#12087,#12088));
#12090=FACE_BOUND('',#12089,.T.);
#12091=ADVANCED_FACE('',(#12090),#12072,.F.);
#12092=CARTESIAN_POINT('',(95.322010758,-59.822487166,12.06));
#12093=DIRECTION('',(-0.831804762,0.555068318,0.));
#12094=DIRECTION('',(-0.555068318,-0.831804762,0.));
#12095=AXIS2_PLACEMENT_3D('',#12092,#12093,#12094);
#12096=PLANE('',#12095);
#12097=CARTESIAN_POINT('',(95.385612478,-59.727175991,-0.06));
#12098=VERTEX_POINT('',#12097);
#12099=CARTESIAN_POINT('',(95.258409038,-59.917798341,-0.06));
#12100=DIRECTION('',(0.555068318,0.831804762,0.));
#12101=VECTOR('',#12100,0.229167178);
#12102=LINE('',#12099,#12101);
#12103=EDGE_CURVE('',#12074,#12098,#12102,.T.);
#12104=ORIENTED_EDGE('',*,*,#12103,.T.);
#12105=CARTESIAN_POINT('',(95.385612478,-59.727175991,24.94));
#12106=DIRECTION('',(0.,0.,-1.));
#12107=VECTOR('',#12106,25.);
#12108=LINE('',#12105,#12107);
#12109=EDGE_CURVE('',#1975,#12098,#12108,.T.);
#12110=ORIENTED_EDGE('',*,*,#12109,.F.);
#12111=ORIENTED_EDGE('',*,*,#1980,.F.);
#12112=ORIENTED_EDGE('',*,*,#12085,.T.);
#12113=EDGE_LOOP('',(#12104,#12110,#12111,#12112));
#12114=FACE_BOUND('',#12113,.T.);
#12115=ADVANCED_FACE('',(#12114),#12096,.F.);
#12116=CARTESIAN_POINT('',(95.454598508,-59.634317096,12.06));
#12117=DIRECTION('',(-0.802722592,0.596352614,0.));
#12118=DIRECTION('',(-0.596352614,-0.802722592,0.));
#12119=AXIS2_PLACEMENT_3D('',#12116,#12117,#12118);
#12120=PLANE('',#12119);
#12121=CARTESIAN_POINT('',(95.523584538,-59.541458201,-0.06));
#12122=VERTEX_POINT('',#12121);
#12123=CARTESIAN_POINT('',(95.385612478,-59.727175991,-0.06));
#12124=DIRECTION('',(0.596352614,0.802722592,0.));
#12125=VECTOR('',#12124,0.231359864);
#12126=LINE('',#12123,#12125);
#12127=EDGE_CURVE('',#12098,#12122,#12126,.T.);
#12128=ORIENTED_EDGE('',*,*,#12127,.T.);
#12129=CARTESIAN_POINT('',(95.523584538,-59.541458201,24.94));
#12130=DIRECTION('',(0.,0.,-1.));
#12131=VECTOR('',#12130,25.);
#12132=LINE('',#12129,#12131);
#12133=EDGE_CURVE('',#1983,#12122,#12132,.T.);
#12134=ORIENTED_EDGE('',*,*,#12133,.F.);
#12135=ORIENTED_EDGE('',*,*,#1988,.F.);
#12136=ORIENTED_EDGE('',*,*,#12109,.T.);
#12137=EDGE_LOOP('',(#12128,#12134,#12135,#12136));
#12138=FACE_BOUND('',#12137,.T.);
#12139=ADVANCED_FACE('',(#12138),#12120,.F.);
#12140=CARTESIAN_POINT('',(95.597968008,-59.451254091,12.06));
#12141=DIRECTION('',(-0.771519876,0.636205219,0.));
#12142=DIRECTION('',(-0.636205219,-0.771519876,0.));
#12143=AXIS2_PLACEMENT_3D('',#12140,#12141,#12142);
#12144=PLANE('',#12143);
#12145=CARTESIAN_POINT('',(95.672351478,-59.361049981,-0.06));
#12146=VERTEX_POINT('',#12145);
#12147=CARTESIAN_POINT('',(95.523584538,-59.541458201,-0.06));
#12148=DIRECTION('',(0.636205219,0.771519876,0.));
#12149=VECTOR('',#12148,0.233834831);
#12150=LINE('',#12147,#12149);
#12151=EDGE_CURVE('',#12122,#12146,#12150,.T.);
#12152=ORIENTED_EDGE('',*,*,#12151,.T.);
#12153=CARTESIAN_POINT('',(95.672351478,-59.361049981,24.94));
#12154=DIRECTION('',(0.,0.,-1.));
#12155=VECTOR('',#12154,25.);
#12156=LINE('',#12153,#12155);
#12157=EDGE_CURVE('',#1991,#12146,#12156,.T.);
#12158=ORIENTED_EDGE('',*,*,#12157,.F.);
#12159=ORIENTED_EDGE('',*,*,#1996,.F.);
#12160=ORIENTED_EDGE('',*,*,#12133,.T.);
#12161=EDGE_LOOP('',(#12152,#12158,#12159,#12160));
#12162=FACE_BOUND('',#12161,.T.);
#12163=ADVANCED_FACE('',(#12162),#12144,.F.);
#12164=CARTESIAN_POINT('',(96.056908473,-58.918005906,12.06));
#12165=DIRECTION('',(-0.755194955,0.655500252,0.));
#12166=DIRECTION('',(-0.655500252,-0.755194955,0.));
#12167=AXIS2_PLACEMENT_3D('',#12164,#12165,#12166);
#12168=PLANE('',#12167);
#12169=CARTESIAN_POINT('',(96.441465468,-58.474961831,-0.06));
#12170=VERTEX_POINT('',#12169);
#12171=CARTESIAN_POINT('',(95.672351478,-59.361049981,-0.06));
#12172=DIRECTION('',(0.655500252,0.755194955,0.));
#12173=VECTOR('',#12172,1.173323715);
#12174=LINE('',#12171,#12173);
#12175=EDGE_CURVE('',#12146,#12170,#12174,.T.);
#12176=ORIENTED_EDGE('',*,*,#12175,.T.);
#12177=CARTESIAN_POINT('',(96.441465468,-58.474961831,24.94));
#12178=DIRECTION('',(0.,0.,-1.));
#12179=VECTOR('',#12178,25.);
#12180=LINE('',#12177,#12179);
#12181=EDGE_CURVE('',#1999,#12170,#12180,.T.);
#12182=ORIENTED_EDGE('',*,*,#12181,.F.);
#12183=ORIENTED_EDGE('',*,*,#2004,.F.);
#12184=ORIENTED_EDGE('',*,*,#12157,.T.);
#12185=EDGE_LOOP('',(#12176,#12182,#12183,#12184));
#12186=FACE_BOUND('',#12185,.T.);
#12187=ADVANCED_FACE('',(#12186),#12168,.F.);
#12188=CARTESIAN_POINT('',(96.498657728,-58.411472221,12.06));
#12189=DIRECTION('',(-0.742993748,0.669298357,0.));
#12190=DIRECTION('',(-0.669298357,-0.742993748,0.));
#12191=AXIS2_PLACEMENT_3D('',#12188,#12189,#12190);
#12192=PLANE('',#12191);
#12193=CARTESIAN_POINT('',(96.555849988,-58.347982611,-0.06));
#12194=VERTEX_POINT('',#12193);
#12195=CARTESIAN_POINT('',(96.441465468,-58.474961831,-0.06));
#12196=DIRECTION('',(0.669298357,0.742993748,0.));
#12197=VECTOR('',#12196,0.170902138);
#12198=LINE('',#12195,#12197);
#12199=EDGE_CURVE('',#12170,#12194,#12198,.T.);
#12200=ORIENTED_EDGE('',*,*,#12199,.T.);
#12201=CARTESIAN_POINT('',(96.555849988,-58.347982611,24.94));
#12202=DIRECTION('',(0.,0.,-1.));
#12203=VECTOR('',#12202,25.);
#12204=LINE('',#12201,#12203);
#12205=EDGE_CURVE('',#2007,#12194,#12204,.T.);
#12206=ORIENTED_EDGE('',*,*,#12205,.F.);
#12207=ORIENTED_EDGE('',*,*,#2012,.F.);
#12208=ORIENTED_EDGE('',*,*,#12181,.T.);
#12209=EDGE_LOOP('',(#12200,#12206,#12207,#12208));
#12210=FACE_BOUND('',#12209,.T.);
#12211=ADVANCED_FACE('',(#12210),#12192,.F.);
#12212=CARTESIAN_POINT('',(96.614873378,-58.287139201,12.06));
#12213=DIRECTION('',(-0.717760536,0.696290035,0.));
#12214=DIRECTION('',(-0.696290035,-0.717760536,0.));
#12215=AXIS2_PLACEMENT_3D('',#12212,#12213,#12214);
#12216=PLANE('',#12215);
#12217=CARTESIAN_POINT('',(96.673896768,-58.226295791,-0.06));
#12218=VERTEX_POINT('',#12217);
#12219=CARTESIAN_POINT('',(96.555849988,-58.347982611,-0.06));
#12220=DIRECTION('',(0.696290035,0.717760536,0.));
#12221=VECTOR('',#12220,0.169536794);
#12222=LINE('',#12219,#12221);
#12223=EDGE_CURVE('',#12194,#12218,#12222,.T.);
#12224=ORIENTED_EDGE('',*,*,#12223,.T.);
#12225=CARTESIAN_POINT('',(96.673896768,-58.226295791,24.94));
#12226=DIRECTION('',(0.,0.,-1.));
#12227=VECTOR('',#12226,25.);
#12228=LINE('',#12225,#12227);
#12229=EDGE_CURVE('',#2015,#12218,#12228,.T.);
#12230=ORIENTED_EDGE('',*,*,#12229,.F.);
#12231=ORIENTED_EDGE('',*,*,#2020,.F.);
#12232=ORIENTED_EDGE('',*,*,#12205,.T.);
#12233=EDGE_LOOP('',(#12224,#12230,#12231,#12232));
#12234=FACE_BOUND('',#12233,.T.);
#12235=ADVANCED_FACE('',(#12234),#12216,.F.);
#12236=CARTESIAN_POINT('',(96.734674023,-58.168104136,12.06));
#12237=DIRECTION('',(-0.69157563,0.722304055,0.));
#12238=DIRECTION('',(-0.722304055,-0.69157563,0.));
#12239=AXIS2_PLACEMENT_3D('',#12236,#12237,#12238);
#12240=PLANE('',#12239);
#12241=CARTESIAN_POINT('',(96.795451278,-58.109912481,-0.06));
#12242=VERTEX_POINT('',#12241);
#12243=CARTESIAN_POINT('',(96.673896768,-58.226295791,-0.06));
#12244=DIRECTION('',(0.722304055,0.69157563,0.));
#12245=VECTOR('',#12244,0.168287176);
#12246=LINE('',#12243,#12245);
#12247=EDGE_CURVE('',#12218,#12242,#12246,.T.);
#12248=ORIENTED_EDGE('',*,*,#12247,.T.);
#12249=CARTESIAN_POINT('',(96.795451278,-58.109912481,24.94));
#12250=DIRECTION('',(0.,0.,-1.));
#12251=VECTOR('',#12250,25.);
#12252=LINE('',#12249,#12251);
#12253=EDGE_CURVE('',#2023,#12242,#12252,.T.);
#12254=ORIENTED_EDGE('',*,*,#12253,.F.);
#12255=ORIENTED_EDGE('',*,*,#2028,.F.);
#12256=ORIENTED_EDGE('',*,*,#12229,.T.);
#12257=EDGE_LOOP('',(#12248,#12254,#12255,#12256));
#12258=FACE_BOUND('',#12257,.T.);
#12259=ADVANCED_FACE('',(#12258),#12240,.F.);
#12260=CARTESIAN_POINT('',(96.857903618,-58.054377126,12.06));
#12261=DIRECTION('',(-0.664511974,0.747277617,0.));
#12262=DIRECTION('',(-0.747277617,-0.664511974,0.));
#12263=AXIS2_PLACEMENT_3D('',#12260,#12261,#12262);
#12264=PLANE('',#12263);
#12265=CARTESIAN_POINT('',(96.920355958,-57.998841771,-0.06));
#12266=VERTEX_POINT('',#12265);
#12267=CARTESIAN_POINT('',(96.795451278,-58.109912481,-0.06));
#12268=DIRECTION('',(0.747277617,0.664511974,0.));
#12269=VECTOR('',#12268,0.167146288);
#12270=LINE('',#12267,#12269);
#12271=EDGE_CURVE('',#12242,#12266,#12270,.T.);
#12272=ORIENTED_EDGE('',*,*,#12271,.T.);
#12273=CARTESIAN_POINT('',(96.920355958,-57.998841771,24.94));
#12274=DIRECTION('',(0.,0.,-1.));
#12275=VECTOR('',#12274,25.);
#12276=LINE('',#12273,#12275);
#12277=EDGE_CURVE('',#2031,#12266,#12276,.T.);
#12278=ORIENTED_EDGE('',*,*,#12277,.F.);
#12279=ORIENTED_EDGE('',*,*,#2036,.F.);
#12280=ORIENTED_EDGE('',*,*,#12253,.T.);
#12281=EDGE_LOOP('',(#12272,#12278,#12279,#12280));
#12282=FACE_BOUND('',#12281,.T.);
#12283=ADVANCED_FACE('',(#12282),#12264,.F.);
#12284=CARTESIAN_POINT('',(97.049973803,-57.895764201,12.06));
#12285=DIRECTION('',(-0.622421732,0.782682048,0.));
#12286=DIRECTION('',(-0.782682048,-0.622421732,0.));
#12287=AXIS2_PLACEMENT_3D('',#12284,#12285,#12286);
#12288=PLANE('',#12287);
#12289=CARTESIAN_POINT('',(97.179591648,-57.792686631,-0.06));
#12290=VERTEX_POINT('',#12289);
#12291=CARTESIAN_POINT('',(96.920355958,-57.998841771,-0.06));
#12292=DIRECTION('',(0.782682048,0.622421732,0.));
#12293=VECTOR('',#12292,0.33121456);
#12294=LINE('',#12291,#12293);
#12295=EDGE_CURVE('',#12266,#12290,#12294,.T.);
#12296=ORIENTED_EDGE('',*,*,#12295,.T.);
#12297=CARTESIAN_POINT('',(97.179591648,-57.792686631,24.94));
#12298=DIRECTION('',(0.,0.,-1.));
#12299=VECTOR('',#12298,25.);
#12300=LINE('',#12297,#12299);
#12301=EDGE_CURVE('',#2039,#12290,#12300,.T.);
#12302=ORIENTED_EDGE('',*,*,#12301,.F.);
#12303=ORIENTED_EDGE('',*,*,#2044,.F.);
#12304=ORIENTED_EDGE('',*,*,#12277,.T.);
#12305=EDGE_LOOP('',(#12296,#12302,#12303,#12304));
#12306=FACE_BOUND('',#12305,.T.);
#12307=ADVANCED_FACE('',(#12306),#12288,.F.);
#12308=CARTESIAN_POINT('',(97.314972048,-57.700301931,12.06));
#12309=DIRECTION('',(-0.563669493,0.826000425,0.));
#12310=DIRECTION('',(-0.826000425,-0.563669493,0.));
#12311=AXIS2_PLACEMENT_3D('',#12308,#12309,#12310);
#12312=PLANE('',#12311);
#12313=CARTESIAN_POINT('',(97.450352448,-57.607917231,-0.06));
#12314=VERTEX_POINT('',#12313);
#12315=CARTESIAN_POINT('',(97.179591648,-57.792686631,-0.06));
#12316=DIRECTION('',(0.826000425,0.563669493,0.));
#12317=VECTOR('',#12316,0.32779741);
#12318=LINE('',#12315,#12317);
#12319=EDGE_CURVE('',#12290,#12314,#12318,.T.);
#12320=ORIENTED_EDGE('',*,*,#12319,.T.);
#12321=CARTESIAN_POINT('',(97.450352448,-57.607917231,24.94));
#12322=DIRECTION('',(0.,0.,-1.));
#12323=VECTOR('',#12322,25.);
#12324=LINE('',#12321,#12323);
#12325=EDGE_CURVE('',#2047,#12314,#12324,.T.);
#12326=ORIENTED_EDGE('',*,*,#12325,.F.);
#12327=ORIENTED_EDGE('',*,*,#2052,.F.);
#12328=ORIENTED_EDGE('',*,*,#12301,.T.);
#12329=EDGE_LOOP('',(#12320,#12326,#12327,#12328));
#12330=FACE_BOUND('',#12329,.T.);
#12331=ADVANCED_FACE('',(#12330),#12312,.F.);
#12332=CARTESIAN_POINT('',(97.590869203,-57.526268326,12.06));
#12333=DIRECTION('',(-0.502404839,0.86463251,0.));
#12334=DIRECTION('',(-0.86463251,-0.502404839,0.));
#12335=AXIS2_PLACEMENT_3D('',#12332,#12333,#12334);
#12336=PLANE('',#12335);
#12337=CARTESIAN_POINT('',(97.731385958,-57.444619421,-0.06));
#12338=VERTEX_POINT('',#12337);
#12339=CARTESIAN_POINT('',(97.450352448,-57.607917231,-0.06));
#12340=DIRECTION('',(0.86463251,0.502404839,0.));
#12341=VECTOR('',#12340,0.325032319);
#12342=LINE('',#12339,#12341);
#12343=EDGE_CURVE('',#12314,#12338,#12342,.T.);
#12344=ORIENTED_EDGE('',*,*,#12343,.T.);
#12345=CARTESIAN_POINT('',(97.731385958,-57.444619421,24.94));
#12346=DIRECTION('',(0.,0.,-1.));
#12347=VECTOR('',#12346,25.);
#12348=LINE('',#12345,#12347);
#12349=EDGE_CURVE('',#2055,#12338,#12348,.T.);
#12350=ORIENTED_EDGE('',*,*,#12349,.F.);
#12351=ORIENTED_EDGE('',*,*,#2060,.F.);
#12352=ORIENTED_EDGE('',*,*,#12325,.T.);
#12353=EDGE_LOOP('',(#12344,#12350,#12351,#12352));
#12354=FACE_BOUND('',#12353,.T.);
#12355=ADVANCED_FACE('',(#12354),#12336,.F.);
#12356=CARTESIAN_POINT('',(97.876413878,-57.373751256,12.06));
#12357=DIRECTION('',(-0.439038253,0.89846837,0.));
#12358=DIRECTION('',(-0.89846837,-0.439038253,0.));
#12359=AXIS2_PLACEMENT_3D('',#12356,#12357,#12358);
#12360=PLANE('',#12359);
#12361=CARTESIAN_POINT('',(98.021441798,-57.302883091,-0.06));
#12362=VERTEX_POINT('',#12361);
#12363=CARTESIAN_POINT('',(97.731385958,-57.444619421,-0.06));
#12364=DIRECTION('',(0.89846837,0.439038253,0.));
#12365=VECTOR('',#12364,0.322833669);
#12366=LINE('',#12363,#12365);
#12367=EDGE_CURVE('',#12338,#12362,#12366,.T.);
#12368=ORIENTED_EDGE('',*,*,#12367,.T.);
#12369=CARTESIAN_POINT('',(98.021441798,-57.302883091,24.94));
#12370=DIRECTION('',(0.,0.,-1.));
#12371=VECTOR('',#12370,25.);
#12372=LINE('',#12369,#12371);
#12373=EDGE_CURVE('',#2063,#12362,#12372,.T.);
#12374=ORIENTED_EDGE('',*,*,#12373,.F.);
#12375=ORIENTED_EDGE('',*,*,#2068,.F.);
#12376=ORIENTED_EDGE('',*,*,#12349,.T.);
#12377=EDGE_LOOP('',(#12368,#12374,#12375,#12376));
#12378=FACE_BOUND('',#12377,.T.);
#12379=ADVANCED_FACE('',(#12378),#12360,.F.);
#12380=CARTESIAN_POINT('',(98.170355188,-57.242838591,12.06));
#12381=DIRECTION('',(-0.37396179,0.927444111,0.));
#12382=DIRECTION('',(-0.927444111,-0.37396179,0.));
#12383=AXIS2_PLACEMENT_3D('',#12380,#12381,#12382);
#12384=PLANE('',#12383);
#12385=CARTESIAN_POINT('',(98.319268578,-57.182794091,-0.06));
#12386=VERTEX_POINT('',#12385);
#12387=CARTESIAN_POINT('',(98.021441798,-57.302883091,-0.06));
#12388=DIRECTION('',(0.927444111,0.37396179,0.));
#12389=VECTOR('',#12388,0.321126391);
#12390=LINE('',#12387,#12389);
#12391=EDGE_CURVE('',#12362,#12386,#12390,.T.);
#12392=ORIENTED_EDGE('',*,*,#12391,.T.);
#12393=CARTESIAN_POINT('',(98.319268578,-57.182794091,24.94));
#12394=DIRECTION('',(0.,0.,-1.));
#12395=VECTOR('',#12394,25.);
#12396=LINE('',#12393,#12395);
#12397=EDGE_CURVE('',#2071,#12386,#12396,.T.);
#12398=ORIENTED_EDGE('',*,*,#12397,.F.);
#12399=ORIENTED_EDGE('',*,*,#2076,.F.);
#12400=ORIENTED_EDGE('',*,*,#12373,.T.);
#12401=EDGE_LOOP('',(#12392,#12398,#12399,#12400));
#12402=FACE_BOUND('',#12401,.T.);
#12403=ADVANCED_FACE('',(#12402),#12384,.F.);
#12404=CARTESIAN_POINT('',(98.471441743,-57.133616686,12.06));
#12405=DIRECTION('',(-0.307508432,0.951545356,0.));
#12406=DIRECTION('',(-0.951545356,-0.307508432,0.));
#12407=AXIS2_PLACEMENT_3D('',#12404,#12405,#12406);
#12408=PLANE('',#12407);
#12409=CARTESIAN_POINT('',(98.623614908,-57.084439281,-0.06));
#12410=VERTEX_POINT('',#12409);
#12411=CARTESIAN_POINT('',(98.319268578,-57.182794091,-0.06));
#12412=DIRECTION('',(0.951545356,0.307508432,0.));
#12413=VECTOR('',#12412,0.31984427);
#12414=LINE('',#12411,#12413);
#12415=EDGE_CURVE('',#12386,#12410,#12414,.T.);
#12416=ORIENTED_EDGE('',*,*,#12415,.T.);
#12417=CARTESIAN_POINT('',(98.623614908,-57.084439281,24.94));
#12418=DIRECTION('',(0.,0.,-1.));
#12419=VECTOR('',#12418,25.);
#12420=LINE('',#12417,#12419);
#12421=EDGE_CURVE('',#2079,#12410,#12420,.T.);
#12422=ORIENTED_EDGE('',*,*,#12421,.F.);
#12423=ORIENTED_EDGE('',*,*,#2084,.F.);
#12424=ORIENTED_EDGE('',*,*,#12397,.T.);
#12425=EDGE_LOOP('',(#12416,#12422,#12423,#12424));
#12426=FACE_BOUND('',#12425,.T.);
#12427=ADVANCED_FACE('',(#12426),#12408,.F.);
#12428=CARTESIAN_POINT('',(98.778421648,-57.046172906,12.06));
#12429=DIRECTION('',(-0.239965555,0.970781403,0.));
#12430=DIRECTION('',(-0.970781403,-0.239965555,0.));
#12431=AXIS2_PLACEMENT_3D('',#12428,#12429,#12430);
#12432=PLANE('',#12431);
#12433=CARTESIAN_POINT('',(98.933228388,-57.007906531,-0.06));
#12434=VERTEX_POINT('',#12433);
#12435=CARTESIAN_POINT('',(98.623614908,-57.084439281,-0.06));
#12436=DIRECTION('',(0.970781403,0.239965555,0.));
#12437=VECTOR('',#12436,0.318932232);
#12438=LINE('',#12435,#12437);
#12439=EDGE_CURVE('',#12410,#12434,#12438,.T.);
#12440=ORIENTED_EDGE('',*,*,#12439,.T.);
#12441=CARTESIAN_POINT('',(98.933228388,-57.007906531,24.94));
#12442=DIRECTION('',(0.,0.,-1.));
#12443=VECTOR('',#12442,25.);
#12444=LINE('',#12441,#12443);
#12445=EDGE_CURVE('',#2087,#12434,#12444,.T.);
#12446=ORIENTED_EDGE('',*,*,#12445,.F.);
#12447=ORIENTED_EDGE('',*,*,#2092,.F.);
#12448=ORIENTED_EDGE('',*,*,#12421,.T.);
#12449=EDGE_LOOP('',(#12440,#12446,#12447,#12448));
#12450=FACE_BOUND('',#12449,.T.);
#12451=ADVANCED_FACE('',(#12450),#12432,.F.);
#12452=CARTESIAN_POINT('',(99.090044018,-56.980594111,12.06));
#12453=DIRECTION('',(-0.171585918,0.985169159,0.));
#12454=DIRECTION('',(-0.985169159,-0.171585918,0.));
#12455=AXIS2_PLACEMENT_3D('',#12452,#12453,#12454);
#12456=PLANE('',#12455);
#12457=CARTESIAN_POINT('',(99.246859648,-56.953281691,-0.06));
#12458=VERTEX_POINT('',#12457);
#12459=CARTESIAN_POINT('',(98.933228388,-57.007906531,-0.06));
#12460=DIRECTION('',(0.985169159,0.171585918,0.));
#12461=VECTOR('',#12460,0.318352698);
#12462=LINE('',#12459,#12461);
#12463=EDGE_CURVE('',#12434,#12458,#12462,.T.);
#12464=ORIENTED_EDGE('',*,*,#12463,.T.);
#12465=CARTESIAN_POINT('',(99.246859648,-56.953281691,24.94));
#12466=DIRECTION('',(0.,0.,-1.));
#12467=VECTOR('',#12466,25.);
#12468=LINE('',#12465,#12467);
#12469=EDGE_CURVE('',#2095,#12458,#12468,.T.);
#12470=ORIENTED_EDGE('',*,*,#12469,.F.);
#12471=ORIENTED_EDGE('',*,*,#2100,.F.);
#12472=ORIENTED_EDGE('',*,*,#12445,.T.);
#12473=EDGE_LOOP('',(#12464,#12470,#12471,#12472));
#12474=FACE_BOUND('',#12473,.T.);
#12475=ADVANCED_FACE('',(#12474),#12456,.F.);
#12476=CARTESIAN_POINT('',(99.405056958,-56.936968171,12.06));
#12477=DIRECTION('',(-0.102577387,0.994725027,0.));
#12478=DIRECTION('',(-0.994725027,-0.102577387,0.));
#12479=AXIS2_PLACEMENT_3D('',#12476,#12477,#12478);
#12480=PLANE('',#12479);
#12481=CARTESIAN_POINT('',(99.563254268,-56.920654651,-0.06));
#12482=VERTEX_POINT('',#12481);
#12483=CARTESIAN_POINT('',(99.246859648,-56.953281691,-0.06));
#12484=DIRECTION('',(0.994725027,0.102577387,0.));
#12485=VECTOR('',#12484,0.318072443);
#12486=LINE('',#12483,#12485);
#12487=EDGE_CURVE('',#12458,#12482,#12486,.T.);
#12488=ORIENTED_EDGE('',*,*,#12487,.T.);
#12489=CARTESIAN_POINT('',(99.563254268,-56.920654651,24.94));
#12490=DIRECTION('',(0.,0.,-1.));
#12491=VECTOR('',#12490,25.);
#12492=LINE('',#12489,#12491);
#12493=EDGE_CURVE('',#2103,#12482,#12492,.T.);
#12494=ORIENTED_EDGE('',*,*,#12493,.F.);
#12495=ORIENTED_EDGE('',*,*,#2108,.F.);
#12496=ORIENTED_EDGE('',*,*,#12469,.T.);
#12497=EDGE_LOOP('',(#12488,#12494,#12495,#12496));
#12498=FACE_BOUND('',#12497,.T.);
#12499=ADVANCED_FACE('',(#12498),#12480,.F.);
#12500=CARTESIAN_POINT('',(99.722209078,-56.915382451,12.06));
#12501=DIRECTION('',(-0.033149688,0.999450398,0.));
#12502=DIRECTION('',(-0.999450398,-0.033149688,0.));
#12503=AXIS2_PLACEMENT_3D('',#12500,#12501,#12502);
#12504=PLANE('',#12503);
#12505=CARTESIAN_POINT('',(99.881163888,-56.910110251,-0.06));
#12506=VERTEX_POINT('',#12505);
#12507=CARTESIAN_POINT('',(99.563254268,-56.920654651,-0.06));
#12508=DIRECTION('',(0.999450398,0.033149688,0.));
#12509=VECTOR('',#12508,0.31808444);
#12510=LINE('',#12507,#12509);
#12511=EDGE_CURVE('',#12482,#12506,#12510,.T.);
#12512=ORIENTED_EDGE('',*,*,#12511,.T.);
#12513=CARTESIAN_POINT('',(99.881163888,-56.910110251,24.94));
#12514=DIRECTION('',(0.,0.,-1.));
#12515=VECTOR('',#12514,25.);
#12516=LINE('',#12513,#12515);
#12517=EDGE_CURVE('',#2111,#12506,#12516,.T.);
#12518=ORIENTED_EDGE('',*,*,#12517,.F.);
#12519=ORIENTED_EDGE('',*,*,#2116,.F.);
#12520=ORIENTED_EDGE('',*,*,#12493,.T.);
#12521=EDGE_LOOP('',(#12512,#12518,#12519,#12520));
#12522=FACE_BOUND('',#12521,.T.);
#12523=ADVANCED_FACE('',(#12522),#12504,.F.);
#12524=CARTESIAN_POINT('',(100.040249493,-56.915923306,12.06));
#12525=DIRECTION('',(0.036516051,0.999333067,0.));
#12526=DIRECTION('',(-0.999333067,0.036516051,0.));
#12527=AXIS2_PLACEMENT_3D('',#12524,#12525,#12526);
#12528=PLANE('',#12527);
#12529=CARTESIAN_POINT('',(100.199335098,-56.921736361,-0.06));
#12530=VERTEX_POINT('',#12529);
#12531=CARTESIAN_POINT('',(99.881163888,-56.910110251,-0.06));
#12532=DIRECTION('',(0.999333067,-0.036516051,0.));
#12533=VECTOR('',#12532,0.318383551);
#12534=LINE('',#12531,#12533);
#12535=EDGE_CURVE('',#12506,#12530,#12534,.T.);
#12536=ORIENTED_EDGE('',*,*,#12535,.T.);
#12537=CARTESIAN_POINT('',(100.199335098,-56.921736361,24.94));
#12538=DIRECTION('',(0.,0.,-1.));
#12539=VECTOR('',#12538,25.);
#12540=LINE('',#12537,#12539);
#12541=EDGE_CURVE('',#2119,#12530,#12540,.T.);
#12542=ORIENTED_EDGE('',*,*,#12541,.F.);
#12543=ORIENTED_EDGE('',*,*,#2124,.F.);
#12544=ORIENTED_EDGE('',*,*,#12517,.T.);
#12545=EDGE_LOOP('',(#12536,#12542,#12543,#12544));
#12546=FACE_BOUND('',#12545,.T.);
#12547=ADVANCED_FACE('',(#12546),#12528,.F.);
#12548=CARTESIAN_POINT('',(100.357926308,-56.938678101,12.06));
#12549=DIRECTION('',(0.106222097,0.994342429,0.));
#12550=DIRECTION('',(-0.994342429,0.106222097,0.));
#12551=AXIS2_PLACEMENT_3D('',#12548,#12549,#12550);
#12552=PLANE('',#12551);
#12553=CARTESIAN_POINT('',(100.516517518,-56.955619841,-0.06));
#12554=VERTEX_POINT('',#12553);
#12555=CARTESIAN_POINT('',(100.199335098,-56.921736361,-0.06));
#12556=DIRECTION('',(0.994342429,-0.106222097,0.));
#12557=VECTOR('',#12556,0.318987112);
#12558=LINE('',#12555,#12557);
#12559=EDGE_CURVE('',#12530,#12554,#12558,.T.);
#12560=ORIENTED_EDGE('',*,*,#12559,.T.);
#12561=CARTESIAN_POINT('',(100.516517518,-56.955619841,24.94));
#12562=DIRECTION('',(0.,0.,-1.));
#12563=VECTOR('',#12562,25.);
#12564=LINE('',#12561,#12563);
#12565=EDGE_CURVE('',#2127,#12554,#12564,.T.);
#12566=ORIENTED_EDGE('',*,*,#12565,.F.);
#12567=ORIENTED_EDGE('',*,*,#2132,.F.);
#12568=ORIENTED_EDGE('',*,*,#12541,.T.);
#12569=EDGE_LOOP('',(#12560,#12566,#12567,#12568));
#12570=FACE_BOUND('',#12569,.T.);
#12571=ADVANCED_FACE('',(#12570),#12552,.F.);
#12572=CARTESIAN_POINT('',(100.673988133,-56.983734201,12.06));
#12573=DIRECTION('',(0.175757968,0.984433409,0.));
#12574=DIRECTION('',(-0.984433409,0.175757968,0.));
#12575=AXIS2_PLACEMENT_3D('',#12572,#12573,#12574);
#12576=PLANE('',#12575);
#12577=CARTESIAN_POINT('',(100.831458748,-57.011848561,-0.06));
#12578=VERTEX_POINT('',#12577);
#12579=CARTESIAN_POINT('',(100.516517518,-56.955619841,-0.06));
#12580=DIRECTION('',(0.984433409,-0.175757968,0.));
#12581=VECTOR('',#12580,0.319921314);
#12582=LINE('',#12579,#12581);
#12583=EDGE_CURVE('',#12554,#12578,#12582,.T.);
#12584=ORIENTED_EDGE('',*,*,#12583,.T.);
#12585=CARTESIAN_POINT('',(100.831458748,-57.011848561,24.94));
#12586=DIRECTION('',(0.,0.,-1.));
#12587=VECTOR('',#12586,25.);
#12588=LINE('',#12585,#12587);
#12589=EDGE_CURVE('',#2135,#12578,#12588,.T.);
#12590=ORIENTED_EDGE('',*,*,#12589,.F.);
#12591=ORIENTED_EDGE('',*,*,#2140,.F.);
#12592=ORIENTED_EDGE('',*,*,#12565,.T.);
#12593=EDGE_LOOP('',(#12584,#12590,#12591,#12592));
#12594=FACE_BOUND('',#12593,.T.);
#12595=ADVANCED_FACE('',(#12594),#12576,.F.);
#12596=CARTESIAN_POINT('',(100.987183578,-57.051179476,12.06));
#12597=DIRECTION('',(0.244877137,0.969554118,0.));
#12598=DIRECTION('',(-0.969554118,0.244877137,0.));
#12599=AXIS2_PLACEMENT_3D('',#12596,#12597,#12598);
#12600=PLANE('',#12599);
#12601=CARTESIAN_POINT('',(101.142908408,-57.090510391,-0.06));
#12602=VERTEX_POINT('',#12601);
#12603=CARTESIAN_POINT('',(100.831458748,-57.011848561,-0.06));
#12604=DIRECTION('',(0.969554118,-0.244877137,0.));
#12605=VECTOR('',#12604,0.321229784);
#12606=LINE('',#12603,#12605);
#12607=EDGE_CURVE('',#12578,#12602,#12606,.T.);
#12608=ORIENTED_EDGE('',*,*,#12607,.T.);
#12609=CARTESIAN_POINT('',(101.142908408,-57.090510391,24.94));
#12610=DIRECTION('',(0.,0.,-1.));
#12611=VECTOR('',#12610,25.);
#12612=LINE('',#12609,#12611);
#12613=EDGE_CURVE('',#2143,#12602,#12612,.T.);
#12614=ORIENTED_EDGE('',*,*,#12613,.F.);
#12615=ORIENTED_EDGE('',*,*,#2148,.F.);
#12616=ORIENTED_EDGE('',*,*,#12589,.T.);
#12617=EDGE_LOOP('',(#12608,#12614,#12615,#12616));
#12618=FACE_BOUND('',#12617,.T.);
#12619=ADVANCED_FACE('',(#12618),#12600,.F.);
#12620=CARTESIAN_POINT('',(102.469436348,-56.094279721,12.06));
#12621=DIRECTION('',(-0.600514787,0.799613651,0.));
#12622=DIRECTION('',(-0.799613651,-0.600514787,0.));
#12623=AXIS2_PLACEMENT_3D('',#12620,#12621,#12622);
#12624=PLANE('',#12623);
#12625=CARTESIAN_POINT('',(103.795964288,-55.098049051,-0.06));
#12626=VERTEX_POINT('',#12625);
#12627=CARTESIAN_POINT('',(101.142908408,-57.090510391,-0.06));
#12628=DIRECTION('',(0.799613651,0.600514787,0.));
#12629=VECTOR('',#12628,3.317922195);
#12630=LINE('',#12627,#12629);
#12631=EDGE_CURVE('',#12602,#12626,#12630,.T.);
#12632=ORIENTED_EDGE('',*,*,#12631,.T.);
#12633=CARTESIAN_POINT('',(103.795964288,-55.098049051,24.94));
#12634=DIRECTION('',(0.,0.,-1.));
#12635=VECTOR('',#12634,25.);
#12636=LINE('',#12633,#12635);
#12637=EDGE_CURVE('',#2151,#12626,#12636,.T.);
#12638=ORIENTED_EDGE('',*,*,#12637,.F.);
#12639=ORIENTED_EDGE('',*,*,#2156,.F.);
#12640=ORIENTED_EDGE('',*,*,#12613,.T.);
#12641=EDGE_LOOP('',(#12632,#12638,#12639,#12640));
#12642=FACE_BOUND('',#12641,.T.);
#12643=ADVANCED_FACE('',(#12642),#12624,.F.);
#12644=CARTESIAN_POINT('',(105.157303898,-54.185824121,12.06));
#12645=DIRECTION('',(-0.556669537,0.830734028,0.));
#12646=DIRECTION('',(-0.830734028,-0.556669537,0.));
#12647=AXIS2_PLACEMENT_3D('',#12644,#12645,#12646);
#12648=PLANE('',#12647);
#12649=CARTESIAN_POINT('',(106.518643508,-53.273599191,-0.06));
#12650=VERTEX_POINT('',#12649);
#12651=CARTESIAN_POINT('',(103.795964288,-55.098049051,-0.06));
#12652=DIRECTION('',(0.830734028,0.556669537,0.));
#12653=VECTOR('',#12652,3.277437936);
#12654=LINE('',#12651,#12653);
#12655=EDGE_CURVE('',#12626,#12650,#12654,.T.);
#12656=ORIENTED_EDGE('',*,*,#12655,.T.);
#12657=CARTESIAN_POINT('',(106.518643508,-53.273599191,24.94));
#12658=DIRECTION('',(0.,0.,-1.));
#12659=VECTOR('',#12658,25.);
#12660=LINE('',#12657,#12659);
#12661=EDGE_CURVE('',#2159,#12650,#12660,.T.);
#12662=ORIENTED_EDGE('',*,*,#12661,.F.);
#12663=ORIENTED_EDGE('',*,*,#2164,.F.);
#12664=ORIENTED_EDGE('',*,*,#12637,.T.);
#12665=EDGE_LOOP('',(#12656,#12662,#12663,#12664));
#12666=FACE_BOUND('',#12665,.T.);
#12667=ADVANCED_FACE('',(#12666),#12648,.F.);
#12668=CARTESIAN_POINT('',(107.905846188,-52.441687946,12.06));
#12669=DIRECTION('',(-0.514309201,0.857604831,0.));
#12670=DIRECTION('',(-0.857604831,-0.514309201,0.));
#12671=AXIS2_PLACEMENT_3D('',#12668,#12669,#12670);
#12672=PLANE('',#12671);
#12673=CARTESIAN_POINT('',(109.293048868,-51.609776701,-0.06));
#12674=VERTEX_POINT('',#12673);
#12675=CARTESIAN_POINT('',(106.518643508,-53.273599191,-0.06));
#12676=DIRECTION('',(0.857604831,0.514309201,0.));
#12677=VECTOR('',#12676,3.235062655);
#12678=LINE('',#12675,#12677);
#12679=EDGE_CURVE('',#12650,#12674,#12678,.T.);
#12680=ORIENTED_EDGE('',*,*,#12679,.T.);
#12681=CARTESIAN_POINT('',(109.293048868,-51.609776701,24.94));
#12682=DIRECTION('',(0.,0.,-1.));
#12683=VECTOR('',#12682,25.);
#12684=LINE('',#12681,#12683);
#12685=EDGE_CURVE('',#2167,#12674,#12684,.T.);
#12686=ORIENTED_EDGE('',*,*,#12685,.F.);
#12687=ORIENTED_EDGE('',*,*,#2172,.F.);
#12688=ORIENTED_EDGE('',*,*,#12661,.T.);
#12689=EDGE_LOOP('',(#12680,#12686,#12687,#12688));
#12690=FACE_BOUND('',#12689,.T.);
#12691=ADVANCED_FACE('',(#12690),#12672,.F.);
#12692=CARTESIAN_POINT('',(110.697164503,-50.854487591,12.06));
#12693=DIRECTION('',(-0.473723848,0.880673444,0.));
#12694=DIRECTION('',(-0.880673444,-0.473723848,0.));
#12695=AXIS2_PLACEMENT_3D('',#12692,#12693,#12694);
#12696=PLANE('',#12695);
#12697=CARTESIAN_POINT('',(112.101280138,-50.099198481,-0.06));
#12698=VERTEX_POINT('',#12697);
#12699=CARTESIAN_POINT('',(109.293048868,-51.609776701,-0.06));
#12700=DIRECTION('',(0.880673444,0.473723848,0.));
#12701=VECTOR('',#12700,3.188731633);
#12702=LINE('',#12699,#12701);
#12703=EDGE_CURVE('',#12674,#12698,#12702,.T.);
#12704=ORIENTED_EDGE('',*,*,#12703,.T.);
#12705=CARTESIAN_POINT('',(112.101280138,-50.099198481,24.94));
#12706=DIRECTION('',(0.,0.,-1.));
#12707=VECTOR('',#12706,25.);
#12708=LINE('',#12705,#12707);
#12709=EDGE_CURVE('',#2175,#12698,#12708,.T.);
#12710=ORIENTED_EDGE('',*,*,#12709,.F.);
#12711=ORIENTED_EDGE('',*,*,#2180,.F.);
#12712=ORIENTED_EDGE('',*,*,#12685,.T.);
#12713=EDGE_LOOP('',(#12704,#12710,#12711,#12712));
#12714=FACE_BOUND('',#12713,.T.);
#12715=ADVANCED_FACE('',(#12714),#12696,.F.);
#12716=CARTESIAN_POINT('',(113.513360128,-49.416838946,12.06));
#12717=DIRECTION('',(-0.435093301,0.900385373,0.));
#12718=DIRECTION('',(-0.900385373,-0.435093301,0.));
#12719=AXIS2_PLACEMENT_3D('',#12716,#12717,#12718);
#12720=PLANE('',#12719);
#12721=CARTESIAN_POINT('',(114.925440118,-48.734479411,-0.06));
#12722=VERTEX_POINT('',#12721);
#12723=CARTESIAN_POINT('',(112.101280138,-50.099198481,-0.06));
#12724=DIRECTION('',(0.900385373,0.435093301,0.));
#12725=VECTOR('',#12724,3.136612461);
#12726=LINE('',#12723,#12725);
#12727=EDGE_CURVE('',#12698,#12722,#12726,.T.);
#12728=ORIENTED_EDGE('',*,*,#12727,.T.);
#12729=CARTESIAN_POINT('',(114.925440118,-48.734479411,24.94));
#12730=DIRECTION('',(0.,0.,-1.));
#12731=VECTOR('',#12730,25.);
#12732=LINE('',#12729,#12731);
#12733=EDGE_CURVE('',#2183,#12722,#12732,.T.);
#12734=ORIENTED_EDGE('',*,*,#12733,.F.);
#12735=ORIENTED_EDGE('',*,*,#2188,.F.);
#12736=ORIENTED_EDGE('',*,*,#12709,.T.);
#12737=EDGE_LOOP('',(#12728,#12734,#12735,#12736));
#12738=FACE_BOUND('',#12737,.T.);
#12739=ADVANCED_FACE('',(#12738),#12720,.F.);
#12740=CARTESIAN_POINT('',(116.336535358,-48.121358406,12.06));
#12741=DIRECTION('',(-0.398508177,0.91716478,0.));
#12742=DIRECTION('',(-0.91716478,-0.398508177,0.));
#12743=AXIS2_PLACEMENT_3D('',#12740,#12741,#12742);
#12744=PLANE('',#12743);
#12745=CARTESIAN_POINT('',(117.747630598,-47.508237401,-0.06));
#12746=VERTEX_POINT('',#12745);
#12747=CARTESIAN_POINT('',(114.925440118,-48.734479411,-0.06));
#12748=DIRECTION('',(0.91716478,0.398508177,0.));
#12749=VECTOR('',#12748,3.077081177);
#12750=LINE('',#12747,#12749);
#12751=EDGE_CURVE('',#12722,#12746,#12750,.T.);
#12752=ORIENTED_EDGE('',*,*,#12751,.T.);
#12753=CARTESIAN_POINT('',(117.747630598,-47.508237401,24.94));
#12754=DIRECTION('',(0.,0.,-1.));
#12755=VECTOR('',#12754,25.);
#12756=LINE('',#12753,#12755);
#12757=EDGE_CURVE('',#2191,#12746,#12756,.T.);
#12758=ORIENTED_EDGE('',*,*,#12757,.F.);
#12759=ORIENTED_EDGE('',*,*,#2196,.F.);
#12760=ORIENTED_EDGE('',*,*,#12733,.T.);
#12761=EDGE_LOOP('',(#12752,#12758,#12759,#12760));
#12762=FACE_BOUND('',#12761,.T.);
#12763=ADVANCED_FACE('',(#12762),#12744,.F.);
#12764=CARTESIAN_POINT('',(119.148791983,-46.960662871,12.06));
#12765=DIRECTION('',(-0.363992321,0.931401949,0.));
#12766=DIRECTION('',(-0.931401949,-0.363992321,0.));
#12767=AXIS2_PLACEMENT_3D('',#12764,#12765,#12766);
#12768=PLANE('',#12767);
#12769=CARTESIAN_POINT('',(120.549953368,-46.413088341,-0.06));
#12770=VERTEX_POINT('',#12769);
#12771=CARTESIAN_POINT('',(117.747630598,-47.508237401,-0.06));
#12772=DIRECTION('',(0.931401949,0.363992321,0.));
#12773=VECTOR('',#12772,3.008714737);
#12774=LINE('',#12771,#12773);
#12775=EDGE_CURVE('',#12746,#12770,#12774,.T.);
#12776=ORIENTED_EDGE('',*,*,#12775,.T.);
#12777=CARTESIAN_POINT('',(120.549953368,-46.413088341,24.94));
#12778=DIRECTION('',(0.,0.,-1.));
#12779=VECTOR('',#12778,25.);
#12780=LINE('',#12777,#12779);
#12781=EDGE_CURVE('',#2199,#12770,#12780,.T.);
#12782=ORIENTED_EDGE('',*,*,#12781,.F.);
#12783=ORIENTED_EDGE('',*,*,#2204,.F.);
#12784=ORIENTED_EDGE('',*,*,#12757,.T.);
#12785=EDGE_LOOP('',(#12776,#12782,#12783,#12784));
#12786=FACE_BOUND('',#12785,.T.);
#12787=ADVANCED_FACE('',(#12786),#12768,.F.);
#12788=CARTESIAN_POINT('',(121.760632793,-45.987666241,12.06));
#12789=DIRECTION('',(-0.331519462,0.94344838,0.));
#12790=DIRECTION('',(-0.94344838,-0.331519462,0.));
#12791=AXIS2_PLACEMENT_3D('',#12788,#12789,#12790);
#12792=PLANE('',#12791);
#12793=CARTESIAN_POINT('',(122.971312218,-45.562244141,-0.06));
#12794=VERTEX_POINT('',#12793);
#12795=CARTESIAN_POINT('',(120.549953368,-46.413088341,-0.06));
#12796=DIRECTION('',(0.94344838,0.331519462,0.));
#12797=VECTOR('',#12796,2.566498497);
#12798=LINE('',#12795,#12797);
#12799=EDGE_CURVE('',#12770,#12794,#12798,.T.);
#12800=ORIENTED_EDGE('',*,*,#12799,.T.);
#12801=CARTESIAN_POINT('',(122.971312218,-45.562244141,24.94));
#12802=DIRECTION('',(0.,0.,-1.));
#12803=VECTOR('',#12802,25.);
#12804=LINE('',#12801,#12803);
#12805=EDGE_CURVE('',#2207,#12794,#12804,.T.);
#12806=ORIENTED_EDGE('',*,*,#12805,.F.);
#12807=ORIENTED_EDGE('',*,*,#2212,.F.);
#12808=ORIENTED_EDGE('',*,*,#12781,.T.);
#12809=EDGE_LOOP('',(#12800,#12806,#12807,#12808));
#12810=FACE_BOUND('',#12809,.T.);
#12811=ADVANCED_FACE('',(#12810),#12792,.F.);
#12812=CARTESIAN_POINT('',(123.234702038,-45.389932586,12.06));
#12813=DIRECTION('',(-0.547461082,0.836831144,0.));
#12814=DIRECTION('',(-0.836831144,-0.547461082,0.));
#12815=AXIS2_PLACEMENT_3D('',#12812,#12813,#12814);
#12816=PLANE('',#12815);
#12817=CARTESIAN_POINT('',(123.498091858,-45.217621031,-0.06));
#12818=VERTEX_POINT('',#12817);
#12819=CARTESIAN_POINT('',(122.971312218,-45.562244141,-0.06));
#12820=DIRECTION('',(0.836831144,0.547461082,0.));
#12821=VECTOR('',#12820,0.629493349);
#12822=LINE('',#12819,#12821);
#12823=EDGE_CURVE('',#12794,#12818,#12822,.T.);
#12824=ORIENTED_EDGE('',*,*,#12823,.T.);
#12825=CARTESIAN_POINT('',(123.498091858,-45.217621031,24.94));
#12826=DIRECTION('',(0.,0.,-1.));
#12827=VECTOR('',#12826,25.);
#12828=LINE('',#12825,#12827);
#12829=EDGE_CURVE('',#2215,#12818,#12828,.T.);
#12830=ORIENTED_EDGE('',*,*,#12829,.F.);
#12831=ORIENTED_EDGE('',*,*,#2220,.F.);
#12832=ORIENTED_EDGE('',*,*,#12805,.T.);
#12833=EDGE_LOOP('',(#12824,#12830,#12831,#12832));
#12834=FACE_BOUND('',#12833,.T.);
#12835=ADVANCED_FACE('',(#12834),#12816,.F.);
#12836=CARTESIAN_POINT('',(125.897411498,-43.811342481,12.06));
#12837=DIRECTION('',(-0.505660846,0.862732351,0.));
#12838=DIRECTION('',(-0.862732351,-0.505660846,0.));
#12839=AXIS2_PLACEMENT_3D('',#12836,#12837,#12838);
#12840=PLANE('',#12839);
#12841=CARTESIAN_POINT('',(128.296731138,-42.405063931,-0.06));
#12842=VERTEX_POINT('',#12841);
#12843=CARTESIAN_POINT('',(123.498091858,-45.217621031,-0.06));
#12844=DIRECTION('',(0.862732351,0.505660846,0.));
#12845=VECTOR('',#12844,5.562141348);
#12846=LINE('',#12843,#12845);
#12847=EDGE_CURVE('',#12818,#12842,#12846,.T.);
#12848=ORIENTED_EDGE('',*,*,#12847,.T.);
#12849=CARTESIAN_POINT('',(128.296731138,-42.405063931,24.94));
#12850=DIRECTION('',(0.,0.,-1.));
#12851=VECTOR('',#12850,25.);
#12852=LINE('',#12849,#12851);
#12853=EDGE_CURVE('',#1669,#12842,#12852,.T.);
#12854=ORIENTED_EDGE('',*,*,#12853,.F.);
#12855=ORIENTED_EDGE('',*,*,#2226,.F.);
#12856=ORIENTED_EDGE('',*,*,#12829,.T.);
#12857=EDGE_LOOP('',(#12848,#12854,#12855,#12856));
#12858=FACE_BOUND('',#12857,.T.);
#12859=ADVANCED_FACE('',(#12858),#12840,.F.);
#12860=CARTESIAN_POINT('',(130.761751783,-41.125831261,12.06));
#12861=DIRECTION('',(-0.460621864,0.887596472,0.));
#12862=DIRECTION('',(-0.887596472,-0.460621864,0.));
#12863=AXIS2_PLACEMENT_3D('',#12860,#12861,#12862);
#12864=PLANE('',#12863);
#12865=CARTESIAN_POINT('',(133.226772428,-39.846598591,24.926079007));
#12866=VERTEX_POINT('',#12865);
#12867=CARTESIAN_POINT('',(133.226772428,-39.846598591,-0.06));
#12868=VERTEX_POINT('',#12867);
#12869=CARTESIAN_POINT('',(133.226772428,-39.846598591,24.926079007));
#12870=DIRECTION('',(0.,0.,-1.));
#12871=VECTOR('',#12870,24.986079007);
#12872=LINE('',#12869,#12871);
#12873=EDGE_CURVE('',#12866,#12868,#12872,.T.);
#12874=ORIENTED_EDGE('',*,*,#12873,.F.);
#12875=CARTESIAN_POINT('',(131.377681845,-40.806191805,-8.14));
#12876=DIRECTION('',(0.460621864,-0.887596472,-0.));
#12877=DIRECTION('',(0.887596472,0.460621864,0.));
#12878=AXIS2_PLACEMENT_3D('',#12875,#12876,#12877);
#12879=ELLIPSE('',#12878,71.815956978,33.08);
#12880=EDGE_CURVE('',#12866,#1671,#12879,.T.);
#12881=ORIENTED_EDGE('',*,*,#12880,.T.);
#12882=ORIENTED_EDGE('',*,*,#1676,.F.);
#12883=ORIENTED_EDGE('',*,*,#12853,.T.);
#12884=CARTESIAN_POINT('',(128.296731138,-42.405063931,-0.06));
#12885=DIRECTION('',(0.887596472,0.460621864,0.));
#12886=VECTOR('',#12885,5.554372333);
#12887=LINE('',#12884,#12886);
#12888=EDGE_CURVE('',#12842,#12868,#12887,.T.);
#12889=ORIENTED_EDGE('',*,*,#12888,.T.);
#12890=EDGE_LOOP('',(#12874,#12881,#12882,#12883,#12889));
#12891=FACE_BOUND('',#12890,.T.);
#12892=ADVANCED_FACE('',(#12891),#12864,.F.);
#12893=CARTESIAN_POINT('',(135.751989578,-38.704664816,12.06));
#12894=DIRECTION('',(-0.412040158,0.911165687,0.));
#12895=DIRECTION('',(-0.911165687,-0.412040158,0.));
#12896=AXIS2_PLACEMENT_3D('',#12893,#12894,#12895);
#12897=PLANE('',#12896);
#12898=CARTESIAN_POINT('',(138.277206728,-37.562731041,24.780606955));
#12899=VERTEX_POINT('',#12898);
#12900=CARTESIAN_POINT('',(138.277206728,-37.562731041,-0.06));
#12901=VERTEX_POINT('',#12900);
#12902=CARTESIAN_POINT('',(138.277206728,-37.562731041,24.780606955));
#12903=DIRECTION('',(0.,0.,-1.));
#12904=VECTOR('',#12903,24.840606955);
#12905=LINE('',#12902,#12904);
#12906=EDGE_CURVE('',#12899,#12901,#12905,.T.);
#12907=ORIENTED_EDGE('',*,*,#12906,.F.);
#12908=CARTESIAN_POINT('',(131.104774381,-40.806191805,-8.14));
#12909=DIRECTION('',(0.412040158,-0.911165687,-0.));
#12910=DIRECTION('',(0.911165687,0.412040158,0.));
#12911=AXIS2_PLACEMENT_3D('',#12908,#12909,#12910);
#12912=ELLIPSE('',#12911,80.283436933,33.08);
#12913=EDGE_CURVE('',#12899,#12866,#12912,.T.);
#12914=ORIENTED_EDGE('',*,*,#12913,.T.);
#12915=ORIENTED_EDGE('',*,*,#12873,.T.);
#12916=CARTESIAN_POINT('',(133.226772428,-39.846598591,-0.06));
#12917=DIRECTION('',(0.911165687,0.412040158,0.));
#12918=VECTOR('',#12917,5.542827582);
#12919=LINE('',#12916,#12918);
#12920=EDGE_CURVE('',#12868,#12901,#12919,.T.);
#12921=ORIENTED_EDGE('',*,*,#12920,.T.);
#12922=EDGE_LOOP('',(#12907,#12914,#12915,#12921));
#12923=FACE_BOUND('',#12922,.T.);
#12924=ADVANCED_FACE('',(#12923),#12897,.F.);
#12925=CARTESIAN_POINT('',(140.857115883,-36.568350186,12.06));
#12926=DIRECTION('',(-0.359643184,0.93308991,0.));
#12927=DIRECTION('',(-0.93308991,-0.359643184,0.));
#12928=AXIS2_PLACEMENT_3D('',#12925,#12926,#12927);
#12929=PLANE('',#12928);
#12930=CARTESIAN_POINT('',(143.437025038,-35.573969331,24.523592086));
#12931=VERTEX_POINT('',#12930);
#12932=CARTESIAN_POINT('',(143.437025038,-35.573969331,-0.06));
#12933=VERTEX_POINT('',#12932);
#12934=CARTESIAN_POINT('',(143.437025038,-35.573969331,24.523592086));
#12935=DIRECTION('',(0.,0.,-1.));
#12936=VECTOR('',#12935,24.583592086);
#12937=LINE('',#12934,#12936);
#12938=EDGE_CURVE('',#12931,#12933,#12937,.T.);
#12939=ORIENTED_EDGE('',*,*,#12938,.F.);
#12940=CARTESIAN_POINT('',(129.86208683,-40.806191805,-8.14));
#12941=DIRECTION('',(0.359643184,-0.93308991,-0.));
#12942=DIRECTION('',(0.93308991,0.359643184,0.));
#12943=AXIS2_PLACEMENT_3D('',#12940,#12941,#12942);
#12944=ELLIPSE('',#12943,91.980055467,33.08);
#12945=EDGE_CURVE('',#12931,#12899,#12944,.T.);
#12946=ORIENTED_EDGE('',*,*,#12945,.T.);
#12947=ORIENTED_EDGE('',*,*,#12906,.T.);
#12948=CARTESIAN_POINT('',(138.277206728,-37.562731041,-0.06));
#12949=DIRECTION('',(0.93308991,0.359643184,0.));
#12950=VECTOR('',#12949,5.529818996);
#12951=LINE('',#12948,#12950);
#12952=EDGE_CURVE('',#12901,#12933,#12951,.T.);
#12953=ORIENTED_EDGE('',*,*,#12952,.T.);
#12954=EDGE_LOOP('',(#12939,#12946,#12947,#12953));
#12955=FACE_BOUND('',#12954,.T.);
#12956=ADVANCED_FACE('',(#12955),#12929,.F.);
#12957=CARTESIAN_POINT('',(146.066121698,-34.737392896,12.06));
#12958=DIRECTION('',(-0.303218692,0.952920996,0.));
#12959=DIRECTION('',(-0.952920996,-0.303218692,0.));
#12960=AXIS2_PLACEMENT_3D('',#12957,#12958,#12959);
#12961=PLANE('',#12960);
#12962=CARTESIAN_POINT('',(148.695218358,-33.900816461,24.211231682));
#12963=VERTEX_POINT('',#12962);
#12964=CARTESIAN_POINT('',(148.695218358,-33.900816461,-0.06));
#12965=VERTEX_POINT('',#12964);
#12966=CARTESIAN_POINT('',(148.695218358,-33.900816461,24.211231682));
#12967=DIRECTION('',(0.,0.,-1.));
#12968=VECTOR('',#12967,24.271231682);
#12969=LINE('',#12966,#12968);
#12970=EDGE_CURVE('',#12963,#12965,#12969,.T.);
#12971=ORIENTED_EDGE('',*,*,#12970,.F.);
#12972=CARTESIAN_POINT('',(126.993795161,-40.806191805,-8.14));
#12973=DIRECTION('',(0.303218692,-0.952920996,-0.));
#12974=DIRECTION('',(0.952920996,0.303218692,0.));
#12975=AXIS2_PLACEMENT_3D('',#12972,#12973,#12974);
#12976=ELLIPSE('',#12975,109.096176774,33.08);
#12977=EDGE_CURVE('',#12963,#12931,#12976,.T.);
#12978=ORIENTED_EDGE('',*,*,#12977,.T.);
#12979=ORIENTED_EDGE('',*,*,#12938,.T.);
#12980=CARTESIAN_POINT('',(143.437025038,-35.573969331,-0.06));
#12981=DIRECTION('',(0.952920996,0.303218692,0.));
#12982=VECTOR('',#12981,5.517974041);
#12983=LINE('',#12980,#12982);
#12984=EDGE_CURVE('',#12933,#12965,#12983,.T.);
#12985=ORIENTED_EDGE('',*,*,#12984,.T.);
#12986=EDGE_LOOP('',(#12971,#12978,#12979,#12985));
#12987=FACE_BOUND('',#12986,.T.);
#12988=ADVANCED_FACE('',(#12987),#12961,.F.);
#12989=CARTESIAN_POINT('',(151.367998023,-33.232298471,12.06));
#12990=DIRECTION('',(-0.242645989,0.970114903,0.));
#12991=DIRECTION('',(-0.970114903,-0.242645989,0.));
#12992=AXIS2_PLACEMENT_3D('',#12989,#12990,#12991);
#12993=PLANE('',#12992);
#12994=CARTESIAN_POINT('',(154.040777688,-32.563780481,23.896682968));
#12995=VERTEX_POINT('',#12994);
#12996=CARTESIAN_POINT('',(154.040777688,-32.563780481,-0.06));
#12997=VERTEX_POINT('',#12996);
#12998=CARTESIAN_POINT('',(154.040777688,-32.563780481,23.896682968));
#12999=DIRECTION('',(0.,0.,-1.));
#13000=VECTOR('',#12999,23.956682968);
#13001=LINE('',#12998,#13000);
#13002=EDGE_CURVE('',#12995,#12997,#13001,.T.);
#13003=ORIENTED_EDGE('',*,*,#13002,.F.);
#13004=CARTESIAN_POINT('',(121.087065587,-40.806191805,-8.14));
#13005=DIRECTION('',(0.242645989,-0.970114903,-0.));
#13006=DIRECTION('',(0.970114903,0.242645989,0.));
#13007=AXIS2_PLACEMENT_3D('',#13004,#13005,#13006);
#13008=ELLIPSE('',#13007,136.330298148,33.08);
#13009=EDGE_CURVE('',#12995,#12963,#13008,.T.);
#13010=ORIENTED_EDGE('',*,*,#13009,.T.);
#13011=ORIENTED_EDGE('',*,*,#12970,.T.);
#13012=CARTESIAN_POINT('',(148.695218358,-33.900816461,-0.06));
#13013=DIRECTION('',(0.970114903,0.242645989,0.));
#13014=VECTOR('',#13013,5.510233186);
#13015=LINE('',#13012,#13014);
#13016=EDGE_CURVE('',#12965,#12997,#13015,.T.);
#13017=ORIENTED_EDGE('',*,*,#13016,.T.);
#13018=EDGE_LOOP('',(#13003,#13010,#13011,#13017));
#13019=FACE_BOUND('',#13018,.T.);
#13020=ADVANCED_FACE('',(#13019),#12993,.F.);
#13021=CARTESIAN_POINT('',(155.391828428,-32.295747186,12.06));
#13022=DIRECTION('',(-0.194596257,0.980883427,0.));
#13023=DIRECTION('',(-0.980883427,-0.194596257,0.));
#13024=AXIS2_PLACEMENT_3D('',#13021,#13022,#13023);
#13025=PLANE('',#13024);
#13026=CARTESIAN_POINT('',(156.742879168,-32.027713891,23.753960643));
#13027=VERTEX_POINT('',#13026);
#13028=CARTESIAN_POINT('',(156.742879168,-32.027713891,-0.06));
#13029=VERTEX_POINT('',#13028);
#13030=CARTESIAN_POINT('',(156.742879168,-32.027713891,23.753960643));
#13031=DIRECTION('',(0.,0.,-1.));
#13032=VECTOR('',#13031,23.813960643);
#13033=LINE('',#13030,#13032);
#13034=EDGE_CURVE('',#13027,#13029,#13033,.T.);
#13035=ORIENTED_EDGE('',*,*,#13034,.F.);
#13036=CARTESIAN_POINT('',(112.494014184,-40.806191805,-8.14));
#13037=DIRECTION('',(0.194596257,-0.980883427,-0.));
#13038=DIRECTION('',(0.980883427,0.194596257,0.));
#13039=AXIS2_PLACEMENT_3D('',#13036,#13037,#13038);
#13040=ELLIPSE('',#13039,169.992992304,33.08);
#13041=EDGE_CURVE('',#13027,#12995,#13040,.T.);
#13042=ORIENTED_EDGE('',*,*,#13041,.T.);
#13043=ORIENTED_EDGE('',*,*,#13002,.T.);
#13044=CARTESIAN_POINT('',(154.040777688,-32.563780481,-0.06));
#13045=DIRECTION('',(0.980883427,0.194596257,0.));
#13046=VECTOR('',#13045,2.754763111);
#13047=LINE('',#13044,#13046);
#13048=EDGE_CURVE('',#12997,#13029,#13047,.T.);
#13049=ORIENTED_EDGE('',*,*,#13048,.T.);
#13050=EDGE_LOOP('',(#13035,#13042,#13043,#13049));
#13051=FACE_BOUND('',#13050,.T.);
#13052=ADVANCED_FACE('',(#13051),#13025,.F.);
#13053=CARTESIAN_POINT('',(158.102786093,-31.805540151,12.06));
#13054=DIRECTION('',(-0.161236601,0.986915781,0.));
#13055=DIRECTION('',(-0.986915781,-0.161236601,0.));
#13056=AXIS2_PLACEMENT_3D('',#13053,#13054,#13055);
#13057=PLANE('',#13056);
#13058=CARTESIAN_POINT('',(159.462693018,-31.583366411,23.628315847));
#13059=VERTEX_POINT('',#13058);
#13060=CARTESIAN_POINT('',(159.462693018,-31.583366411,-0.06));
#13061=VERTEX_POINT('',#13060);
#13062=CARTESIAN_POINT('',(159.462693018,-31.583366411,23.628315847));
#13063=DIRECTION('',(0.,0.,-1.));
#13064=VECTOR('',#13063,23.688315847);
#13065=LINE('',#13062,#13064);
#13066=EDGE_CURVE('',#13059,#13061,#13065,.T.);
#13067=ORIENTED_EDGE('',*,*,#13066,.F.);
#13068=CARTESIAN_POINT('',(103.010548309,-40.806191805,-8.14));
#13069=DIRECTION('',(0.161236601,-0.986915781,-0.));
#13070=DIRECTION('',(0.986915781,0.161236601,0.));
#13071=AXIS2_PLACEMENT_3D('',#13068,#13069,#13070);
#13072=ELLIPSE('',#13071,205.164335016,33.08);
#13073=EDGE_CURVE('',#13059,#13027,#13072,.T.);
#13074=ORIENTED_EDGE('',*,*,#13073,.T.);
#13075=ORIENTED_EDGE('',*,*,#13034,.T.);
#13076=CARTESIAN_POINT('',(156.742879168,-32.027713891,-0.06));
#13077=DIRECTION('',(0.986915781,0.161236601,0.));
#13078=VECTOR('',#13077,2.755872287);
#13079=LINE('',#13076,#13078);
#13080=EDGE_CURVE('',#13029,#13061,#13079,.T.);
#13081=ORIENTED_EDGE('',*,*,#13080,.T.);
#13082=EDGE_LOOP('',(#13067,#13074,#13075,#13081));
#13083=FACE_BOUND('',#13082,.T.);
#13084=ADVANCED_FACE('',(#13083),#13057,.F.);
#13085=CARTESIAN_POINT('',(160.830768823,-31.408333411,12.06));
#13086=DIRECTION('',(-0.126906565,0.991914676,0.));
#13087=DIRECTION('',(-0.991914676,-0.126906565,0.));
#13088=AXIS2_PLACEMENT_3D('',#13085,#13086,#13087);
#13089=PLANE('',#13088);
#13090=CARTESIAN_POINT('',(162.198844628,-31.233300411,23.524588271));
#13091=VERTEX_POINT('',#13090);
#13092=CARTESIAN_POINT('',(162.198844628,-31.233300411,-0.06));
#13093=VERTEX_POINT('',#13092);
#13094=CARTESIAN_POINT('',(162.198844628,-31.233300411,23.524588271));
#13095=DIRECTION('',(0.,0.,-1.));
#13096=VECTOR('',#13095,23.584588271);
#13097=LINE('',#13094,#13096);
#13098=EDGE_CURVE('',#13091,#13093,#13097,.T.);
#13099=ORIENTED_EDGE('',*,*,#13098,.F.);
#13100=CARTESIAN_POINT('',(87.376147767,-40.806191805,-8.14));
#13101=DIRECTION('',(0.126906565,-0.991914676,-0.));
#13102=DIRECTION('',(0.991914676,0.126906565,0.));
#13103=AXIS2_PLACEMENT_3D('',#13100,#13101,#13102);
#13104=ELLIPSE('',#13103,260.664213348,33.08);
#13105=EDGE_CURVE('',#13091,#13059,#13104,.T.);
#13106=ORIENTED_EDGE('',*,*,#13105,.T.);
#13107=ORIENTED_EDGE('',*,*,#13066,.T.);
#13108=CARTESIAN_POINT('',(159.462693018,-31.583366411,-0.06));
#13109=DIRECTION('',(0.991914676,0.126906565,0.));
#13110=VECTOR('',#13109,2.75845461);
#13111=LINE('',#13108,#13110);
#13112=EDGE_CURVE('',#13061,#13093,#13111,.T.);
#13113=ORIENTED_EDGE('',*,*,#13112,.T.);
#13114=EDGE_LOOP('',(#13099,#13106,#13107,#13113));
#13115=FACE_BOUND('',#13114,.T.);
#13116=ADVANCED_FACE('',(#13115),#13089,.F.);
#13117=CARTESIAN_POINT('',(163.574400493,-31.106690346,12.06));
#13118=DIRECTION('',(-0.091655409,0.995790784,0.));
#13119=DIRECTION('',(-0.995790784,-0.091655409,0.));
#13120=AXIS2_PLACEMENT_3D('',#13117,#13118,#13119);
#13121=PLANE('',#13120);
#13122=CARTESIAN_POINT('',(164.949956358,-30.980080281,23.446926605));
#13123=VERTEX_POINT('',#13122);
#13124=CARTESIAN_POINT('',(164.949956358,-30.980080281,-0.06));
#13125=VERTEX_POINT('',#13124);
#13126=CARTESIAN_POINT('',(164.949956358,-30.980080281,23.446926605));
#13127=DIRECTION('',(0.,0.,-1.));
#13128=VECTOR('',#13127,23.506926605);
#13129=LINE('',#13126,#13128);
#13130=EDGE_CURVE('',#13123,#13125,#13129,.T.);
#13131=ORIENTED_EDGE('',*,*,#13130,.F.);
#13132=CARTESIAN_POINT('',(58.194104549,-40.806191805,-8.14));
#13133=DIRECTION('',(0.091655409,-0.995790784,-0.));
#13134=DIRECTION('',(0.995790784,0.091655409,0.));
#13135=AXIS2_PLACEMENT_3D('',#13132,#13133,#13134);
#13136=ELLIPSE('',#13135,360.917050372,33.08);
#13137=EDGE_CURVE('',#13123,#13091,#13136,.T.);
#13138=ORIENTED_EDGE('',*,*,#13137,.T.);
#13139=ORIENTED_EDGE('',*,*,#13098,.T.);
#13140=CARTESIAN_POINT('',(162.198844628,-31.233300411,-0.06));
#13141=DIRECTION('',(0.995790784,0.091655409,0.));
#13142=VECTOR('',#13141,2.762740702);
#13143=LINE('',#13140,#13142);
#13144=EDGE_CURVE('',#13093,#13125,#13143,.T.);
#13145=ORIENTED_EDGE('',*,*,#13144,.T.);
#13146=EDGE_LOOP('',(#13131,#13138,#13139,#13145));
#13147=FACE_BOUND('',#13146,.T.);
#13148=ADVANCED_FACE('',(#13147),#13121,.F.);
#13149=CARTESIAN_POINT('',(166.332304473,-30.903174336,12.06));
#13150=DIRECTION('',(-0.055548383,0.998455997,0.));
#13151=DIRECTION('',(-0.998455997,-0.055548383,0.));
#13152=AXIS2_PLACEMENT_3D('',#13149,#13150,#13151);
#13153=PLANE('',#13152);
#13154=CARTESIAN_POINT('',(167.714652588,-30.826268391,23.398667198));
#13155=VERTEX_POINT('',#13154);
#13156=CARTESIAN_POINT('',(167.714652588,-30.826268391,-0.06));
#13157=VERTEX_POINT('',#13156);
#13158=CARTESIAN_POINT('',(167.714652588,-30.826268391,23.398667198));
#13159=DIRECTION('',(0.,0.,-1.));
#13160=VECTOR('',#13159,23.458667198);
#13161=LINE('',#13158,#13160);
#13162=EDGE_CURVE('',#13155,#13157,#13161,.T.);
#13163=ORIENTED_EDGE('',*,*,#13162,.F.);
#13164=CARTESIAN_POINT('',(-11.669767158,-40.806191805,-8.14));
#13165=DIRECTION('',(0.055548383,-0.998455997,-0.));
#13166=DIRECTION('',(0.998455997,0.055548383,0.));
#13167=AXIS2_PLACEMENT_3D('',#13164,#13165,#13166);
#13168=ELLIPSE('',#13167,595.516889225,33.08);
#13169=EDGE_CURVE('',#13155,#13123,#13168,.T.);
#13170=ORIENTED_EDGE('',*,*,#13169,.T.);
#13171=ORIENTED_EDGE('',*,*,#13130,.T.);
#13172=CARTESIAN_POINT('',(164.949956358,-30.980080281,-0.06));
#13173=DIRECTION('',(0.998455997,0.055548383,0.));
#13174=VECTOR('',#13173,2.768971531);
#13175=LINE('',#13172,#13174);
#13176=EDGE_CURVE('',#13125,#13157,#13175,.T.);
#13177=ORIENTED_EDGE('',*,*,#13176,.T.);
#13178=EDGE_LOOP('',(#13163,#13170,#13171,#13177));
#13179=FACE_BOUND('',#13178,.T.);
#13180=ADVANCED_FACE('',(#13179),#13153,.F.);
#13181=CARTESIAN_POINT('',(169.103105143,-30.800348256,12.06));
#13182=DIRECTION('',(-0.01866511,0.999825792,0.));
#13183=DIRECTION('',(-0.999825792,-0.01866511,0.));
#13184=AXIS2_PLACEMENT_3D('',#13181,#13182,#13183);
#13185=PLANE('',#13184);
#13186=CARTESIAN_POINT('',(170.491557698,-30.774428121,23.382216251));
#13187=VERTEX_POINT('',#13186);
#13188=CARTESIAN_POINT('',(170.491557698,-30.774428121,-0.06));
#13189=VERTEX_POINT('',#13188);
#13190=CARTESIAN_POINT('',(170.491557698,-30.774428121,23.382216251));
#13191=DIRECTION('',(0.,0.,-1.));
#13192=VECTOR('',#13191,23.442216251);
#13193=LINE('',#13190,#13192);
#13194=EDGE_CURVE('',#13187,#13189,#13193,.T.);
#13195=ORIENTED_EDGE('',*,*,#13194,.F.);
#13196=CARTESIAN_POINT('',(-366.875547753,-40.806191805,-8.14));
#13197=DIRECTION('',(0.01866511,-0.999825792,-0.));
#13198=DIRECTION('',(0.999825792,0.01866511,0.));
#13199=AXIS2_PLACEMENT_3D('',#13196,#13197,#13198);
#13200=ELLIPSE('',#13199,1772.29066532,33.08);
#13201=EDGE_CURVE('',#13187,#13155,#13200,.T.);
#13202=ORIENTED_EDGE('',*,*,#13201,.T.);
#13203=ORIENTED_EDGE('',*,*,#13162,.T.);
#13204=CARTESIAN_POINT('',(167.714652588,-30.826268391,-0.06));
#13205=DIRECTION('',(0.999825792,0.01866511,0.));
#13206=VECTOR('',#13205,2.777388954);
#13207=LINE('',#13204,#13206);
#13208=EDGE_CURVE('',#13157,#13189,#13207,.T.);
#13209=ORIENTED_EDGE('',*,*,#13208,.T.);
#13210=EDGE_LOOP('',(#13195,#13202,#13203,#13209));
#13211=FACE_BOUND('',#13210,.T.);
#13212=ADVANCED_FACE('',(#13211),#13185,.F.);
#13213=CARTESIAN_POINT('',(171.772438183,-30.791227956,12.06));
#13214=DIRECTION('',(0.013114721,0.999913998,0.));
#13215=DIRECTION('',(-0.999913998,0.013114721,0.));
#13216=AXIS2_PLACEMENT_3D('',#13213,#13214,#13215);
#13217=PLANE('',#13216);
#13218=CARTESIAN_POINT('',(173.053318668,-30.808027791,23.392889439));
#13219=VERTEX_POINT('',#13218);
#13220=CARTESIAN_POINT('',(173.053318668,-30.808027791,-0.06));
#13221=VERTEX_POINT('',#13220);
#13222=CARTESIAN_POINT('',(173.053318668,-30.808027791,23.392889439));
#13223=DIRECTION('',(0.,0.,-1.));
#13224=VECTOR('',#13223,23.452889439);
#13225=LINE('',#13222,#13224);
#13226=EDGE_CURVE('',#13219,#13221,#13225,.T.);
#13227=ORIENTED_EDGE('',*,*,#13226,.F.);
#13228=CARTESIAN_POINT('',(935.349684735,-40.806191805,-8.14));
#13229=DIRECTION('',(-0.013114721,-0.999913998,-0.));
#13230=DIRECTION('',(0.999913998,-0.013114721,0.));
#13231=AXIS2_PLACEMENT_3D('',#13228,#13229,#13230);
#13232=ELLIPSE('',#13231,2522.356367099,33.08);
#13233=EDGE_CURVE('',#13219,#13187,#13232,.T.);
#13234=ORIENTED_EDGE('',*,*,#13233,.T.);
#13235=ORIENTED_EDGE('',*,*,#13194,.T.);
#13236=CARTESIAN_POINT('',(170.491557698,-30.774428121,-0.06));
#13237=DIRECTION('',(0.999913998,-0.013114721,0.));
#13238=VECTOR('',#13237,2.561981305);
#13239=LINE('',#13236,#13238);
#13240=EDGE_CURVE('',#13189,#13221,#13239,.T.);
#13241=ORIENTED_EDGE('',*,*,#13240,.T.);
#13242=EDGE_LOOP('',(#13227,#13234,#13235,#13241));
#13243=FACE_BOUND('',#13242,.T.);
#13244=ADVANCED_FACE('',(#13243),#13217,.F.);
#13245=CARTESIAN_POINT('',(174.322342763,-30.859329731,12.06));
#13246=DIRECTION('',(0.040393299,0.999183858,0.));
#13247=DIRECTION('',(-0.999183858,0.040393299,0.));
#13248=AXIS2_PLACEMENT_3D('',#13245,#13246,#13247);
#13249=PLANE('',#13248);
#13250=CARTESIAN_POINT('',(175.591366858,-30.910631671,23.425238628));
#13251=VERTEX_POINT('',#13250);
#13252=CARTESIAN_POINT('',(175.591366858,-30.910631671,-0.06));
#13253=VERTEX_POINT('',#13252);
#13254=CARTESIAN_POINT('',(175.591366858,-30.910631671,23.425238628));
#13255=DIRECTION('',(0.,0.,-1.));
#13256=VECTOR('',#13255,23.485238628);
#13257=LINE('',#13254,#13256);
#13258=EDGE_CURVE('',#13251,#13253,#13257,.T.);
#13259=ORIENTED_EDGE('',*,*,#13258,.F.);
#13260=CARTESIAN_POINT('',(420.371666457,-40.806191805,-8.14));
#13261=DIRECTION('',(-0.040393299,-0.999183858,-0.));
#13262=DIRECTION('',(0.999183858,-0.040393299,0.));
#13263=AXIS2_PLACEMENT_3D('',#13260,#13261,#13262);
#13264=ELLIPSE('',#13263,818.947707367,33.08);
#13265=EDGE_CURVE('',#13251,#13219,#13264,.T.);
#13266=ORIENTED_EDGE('',*,*,#13265,.T.);
#13267=ORIENTED_EDGE('',*,*,#13226,.T.);
#13268=CARTESIAN_POINT('',(173.053318668,-30.808027791,-0.06));
#13269=DIRECTION('',(0.999183858,-0.040393299,0.));
#13270=VECTOR('',#13269,2.540121291);
#13271=LINE('',#13268,#13270);
#13272=EDGE_CURVE('',#13221,#13253,#13271,.T.);
#13273=ORIENTED_EDGE('',*,*,#13272,.T.);
#13274=EDGE_LOOP('',(#13259,#13266,#13267,#13273));
#13275=FACE_BOUND('',#13274,.T.);
#13276=ADVANCED_FACE('',(#13275),#13249,.F.);
#13277=CARTESIAN_POINT('',(176.847435178,-30.997791136,12.06));
#13278=DIRECTION('',(0.069224244,0.997601125,0.));
#13279=DIRECTION('',(-0.997601125,0.069224244,0.));
#13280=AXIS2_PLACEMENT_3D('',#13277,#13278,#13279);
#13281=PLANE('',#13280);
#13282=CARTESIAN_POINT('',(178.103503498,-31.084950601,23.479359093));
#13283=VERTEX_POINT('',#13282);
#13284=CARTESIAN_POINT('',(178.103503498,-31.084950601,-0.06));
#13285=VERTEX_POINT('',#13284);
#13286=CARTESIAN_POINT('',(178.103503498,-31.084950601,23.479359093));
#13287=DIRECTION('',(0.,0.,-1.));
#13288=VECTOR('',#13287,23.539359093);
#13289=LINE('',#13286,#13288);
#13290=EDGE_CURVE('',#13283,#13285,#13289,.T.);
#13291=ORIENTED_EDGE('',*,*,#13290,.F.);
#13292=CARTESIAN_POINT('',(318.197790528,-40.806191805,-8.14));
#13293=DIRECTION('',(-0.069224244,-0.997601125,-0.));
#13294=DIRECTION('',(0.997601125,-0.069224244,0.));
#13295=AXIS2_PLACEMENT_3D('',#13292,#13293,#13294);
#13296=ELLIPSE('',#13295,477.867260345,33.08);
#13297=EDGE_CURVE('',#13283,#13251,#13296,.T.);
#13298=ORIENTED_EDGE('',*,*,#13297,.T.);
#13299=ORIENTED_EDGE('',*,*,#13258,.T.);
#13300=CARTESIAN_POINT('',(175.591366858,-30.910631671,-0.06));
#13301=DIRECTION('',(0.997601125,-0.069224244,0.));
#13302=VECTOR('',#13301,2.518177434);
#13303=LINE('',#13300,#13302);
#13304=EDGE_CURVE('',#13253,#13285,#13303,.T.);
#13305=ORIENTED_EDGE('',*,*,#13304,.T.);
#13306=EDGE_LOOP('',(#13291,#13298,#13299,#13305));
#13307=FACE_BOUND('',#13306,.T.);
#13308=ADVANCED_FACE('',(#13307),#13281,.F.);
#13309=CARTESIAN_POINT('',(179.345516153,-31.209320486,12.06));
#13310=DIRECTION('',(0.099637468,0.995023806,0.));
#13311=DIRECTION('',(-0.995023806,0.099637468,0.));
#13312=AXIS2_PLACEMENT_3D('',#13309,#13310,#13311);
#13313=PLANE('',#13312);
#13314=CARTESIAN_POINT('',(180.587528808,-31.333690371,23.554764814));
#13315=VERTEX_POINT('',#13314);
#13316=CARTESIAN_POINT('',(180.587528808,-31.333690371,-0.06));
#13317=VERTEX_POINT('',#13316);
#13318=CARTESIAN_POINT('',(180.587528808,-31.333690371,23.554764814));
#13319=DIRECTION('',(0.,0.,-1.));
#13320=VECTOR('',#13319,23.614764814);
#13321=LINE('',#13318,#13320);
#13322=EDGE_CURVE('',#13315,#13317,#13321,.T.);
#13323=ORIENTED_EDGE('',*,*,#13322,.F.);
#13324=CARTESIAN_POINT('',(275.184115877,-40.806191805,-8.14));
#13325=DIRECTION('',(-0.099637468,-0.995023806,-0.));
#13326=DIRECTION('',(0.995023806,-0.099637468,0.));
#13327=AXIS2_PLACEMENT_3D('',#13324,#13325,#13326);
#13328=ELLIPSE('',#13327,332.003618869,33.08);
#13329=EDGE_CURVE('',#13315,#13283,#13328,.T.);
#13330=ORIENTED_EDGE('',*,*,#13329,.T.);
#13331=ORIENTED_EDGE('',*,*,#13290,.T.);
#13332=CARTESIAN_POINT('',(178.103503498,-31.084950601,-0.06));
#13333=DIRECTION('',(0.995023806,-0.099637468,0.));
#13334=VECTOR('',#13333,2.49644812);
#13335=LINE('',#13332,#13334);
#13336=EDGE_CURVE('',#13285,#13317,#13335,.T.);
#13337=ORIENTED_EDGE('',*,*,#13336,.T.);
#13338=EDGE_LOOP('',(#13323,#13330,#13331,#13337));
#13339=FACE_BOUND('',#13338,.T.);
#13340=ADVANCED_FACE('',(#13339),#13313,.F.);
#13341=CARTESIAN_POINT('',(181.814386413,-31.496626601,12.06));
#13342=DIRECTION('',(0.13165182,0.99129602,0.));
#13343=DIRECTION('',(-0.99129602,0.13165182,0.));
#13344=AXIS2_PLACEMENT_3D('',#13341,#13342,#13343);
#13345=PLANE('',#13344);
#13346=CARTESIAN_POINT('',(183.041244018,-31.659562831,23.650337815));
#13347=VERTEX_POINT('',#13346);
#13348=CARTESIAN_POINT('',(183.041244018,-31.659562831,-0.06));
#13349=VERTEX_POINT('',#13348);
#13350=CARTESIAN_POINT('',(183.041244018,-31.659562831,23.650337815));
#13351=DIRECTION('',(0.,0.,-1.));
#13352=VECTOR('',#13351,23.710337815);
#13353=LINE('',#13350,#13352);
#13354=EDGE_CURVE('',#13347,#13349,#13353,.T.);
#13355=ORIENTED_EDGE('',*,*,#13354,.F.);
#13356=CARTESIAN_POINT('',(251.91242949,-40.806191805,-8.14));
#13357=DIRECTION('',(-0.13165182,-0.99129602,-0.));
#13358=DIRECTION('',(0.99129602,-0.13165182,0.));
#13359=AXIS2_PLACEMENT_3D('',#13356,#13357,#13358);
#13360=ELLIPSE('',#13359,251.268839806,33.08);
#13361=EDGE_CURVE('',#13347,#13315,#13360,.T.);
#13362=ORIENTED_EDGE('',*,*,#13361,.T.);
#13363=ORIENTED_EDGE('',*,*,#13322,.T.);
#13364=CARTESIAN_POINT('',(180.587528808,-31.333690371,-0.06));
#13365=DIRECTION('',(0.99129602,-0.13165182,0.));
#13366=VECTOR('',#13365,2.475259823);
#13367=LINE('',#13364,#13366);
#13368=EDGE_CURVE('',#13317,#13349,#13367,.T.);
#13369=ORIENTED_EDGE('',*,*,#13368,.T.);
#13370=EDGE_LOOP('',(#13355,#13362,#13363,#13369));
#13371=FACE_BOUND('',#13370,.T.);
#13372=ADVANCED_FACE('',(#13371),#13345,.F.);
#13373=CARTESIAN_POINT('',(184.251846683,-31.862418301,12.06));
#13374=DIRECTION('',(0.165261621,0.986249764,0.));
#13375=DIRECTION('',(-0.986249764,0.165261621,0.));
#13376=AXIS2_PLACEMENT_3D('',#13373,#13374,#13375);
#13377=PLANE('',#13376);
#13378=CARTESIAN_POINT('',(185.462449348,-32.065273771,23.764274822));
#13379=VERTEX_POINT('',#13378);
#13380=CARTESIAN_POINT('',(185.462449348,-32.065273771,-0.06));
#13381=VERTEX_POINT('',#13380);
#13382=CARTESIAN_POINT('',(185.462449348,-32.065273771,23.764274822));
#13383=DIRECTION('',(0.,0.,-1.));
#13384=VECTOR('',#13383,23.824274822);
#13385=LINE('',#13382,#13384);
#13386=EDGE_CURVE('',#13379,#13381,#13385,.T.);
#13387=ORIENTED_EDGE('',*,*,#13386,.F.);
#13388=CARTESIAN_POINT('',(237.626577168,-40.806191805,-8.14));
#13389=DIRECTION('',(-0.165261621,-0.986249764,-0.));
#13390=DIRECTION('',(0.986249764,-0.165261621,0.));
#13391=AXIS2_PLACEMENT_3D('',#13388,#13389,#13390);
#13392=ELLIPSE('',#13391,200.167466033,33.08);
#13393=EDGE_CURVE('',#13379,#13347,#13392,.T.);
#13394=ORIENTED_EDGE('',*,*,#13393,.T.);
#13395=ORIENTED_EDGE('',*,*,#13354,.T.);
#13396=CARTESIAN_POINT('',(183.041244018,-31.659562831,-0.06));
#13397=DIRECTION('',(0.986249764,-0.165261621,0.));
#13398=VECTOR('',#13397,2.454961632);
#13399=LINE('',#13396,#13398);
#13400=EDGE_CURVE('',#13349,#13381,#13399,.T.);
#13401=ORIENTED_EDGE('',*,*,#13400,.T.);
#13402=EDGE_LOOP('',(#13387,#13394,#13395,#13401));
#13403=FACE_BOUND('',#13402,.T.);
#13404=ADVANCED_FACE('',(#13403),#13377,.F.);
#13405=CARTESIAN_POINT('',(186.655697183,-32.309403901,12.06));
#13406=DIRECTION('',(0.200440927,0.97970579,0.));
#13407=DIRECTION('',(-0.97970579,0.200440927,0.));
#13408=AXIS2_PLACEMENT_3D('',#13405,#13406,#13407);
#13409=PLANE('',#13408);
#13410=CARTESIAN_POINT('',(187.848945018,-32.553534031,23.894045009));
#13411=VERTEX_POINT('',#13410);
#13412=CARTESIAN_POINT('',(187.848945018,-32.553534031,-0.06));
#13413=VERTEX_POINT('',#13412);
#13414=CARTESIAN_POINT('',(187.848945018,-32.553534031,23.894045009));
#13415=DIRECTION('',(0.,0.,-1.));
#13416=VECTOR('',#13415,23.954045009);
#13417=LINE('',#13414,#13416);
#13418=EDGE_CURVE('',#13411,#13413,#13417,.T.);
#13419=ORIENTED_EDGE('',*,*,#13418,.F.);
#13420=CARTESIAN_POINT('',(228.185899827,-40.806191805,-8.14));
#13421=DIRECTION('',(-0.200440927,-0.97970579,-0.));
#13422=DIRECTION('',(0.97970579,-0.200440927,0.));
#13423=AXIS2_PLACEMENT_3D('',#13420,#13421,#13422);
#13424=ELLIPSE('',#13423,165.036155738,33.08);
#13425=EDGE_CURVE('',#13411,#13379,#13424,.T.);
#13426=ORIENTED_EDGE('',*,*,#13425,.T.);
#13427=ORIENTED_EDGE('',*,*,#13386,.T.);
#13428=CARTESIAN_POINT('',(185.462449348,-32.065273771,-0.06));
#13429=DIRECTION('',(0.97970579,-0.200440927,0.));
#13430=VECTOR('',#13429,2.435930965);
#13431=LINE('',#13428,#13430);
#13432=EDGE_CURVE('',#13381,#13413,#13431,.T.);
#13433=ORIENTED_EDGE('',*,*,#13432,.T.);
#13434=EDGE_LOOP('',(#13419,#13426,#13427,#13433));
#13435=FACE_BOUND('',#13434,.T.);
#13436=ADVANCED_FACE('',(#13435),#13409,.F.);
#13437=CARTESIAN_POINT('',(189.023738133,-32.840293231,12.06));
#13438=DIRECTION('',(0.237131239,0.971477625,0.));
#13439=DIRECTION('',(-0.971477625,0.237131239,0.));
#13440=AXIS2_PLACEMENT_3D('',#13437,#13438,#13439);
#13441=PLANE('',#13440);
#13442=CARTESIAN_POINT('',(190.198531248,-33.127052431,24.036345636));
#13443=VERTEX_POINT('',#13442);
#13444=CARTESIAN_POINT('',(190.198531248,-33.127052431,-0.06));
#13445=VERTEX_POINT('',#13444);
#13446=CARTESIAN_POINT('',(190.198531248,-33.127052431,24.036345636));
#13447=DIRECTION('',(0.,0.,-1.));
#13448=VECTOR('',#13447,24.096345636);
#13449=LINE('',#13446,#13448);
#13450=EDGE_CURVE('',#13443,#13445,#13449,.T.);
#13451=ORIENTED_EDGE('',*,*,#13450,.F.);
#13452=CARTESIAN_POINT('',(221.65837653,-40.806191805,-8.14));
#13453=DIRECTION('',(-0.237131239,-0.971477625,-0.));
#13454=DIRECTION('',(0.971477625,-0.237131239,0.));
#13455=AXIS2_PLACEMENT_3D('',#13452,#13453,#13454);
#13456=ELLIPSE('',#13455,139.500810551,33.08);
#13457=EDGE_CURVE('',#13443,#13411,#13456,.T.);
#13458=ORIENTED_EDGE('',*,*,#13457,.T.);
#13459=ORIENTED_EDGE('',*,*,#13418,.T.);
#13460=CARTESIAN_POINT('',(187.848945018,-32.553534031,-0.06));
#13461=DIRECTION('',(0.971477625,-0.237131239,0.));
#13462=VECTOR('',#13461,2.418569579);
#13463=LINE('',#13460,#13462);
#13464=EDGE_CURVE('',#13413,#13445,#13463,.T.);
#13465=ORIENTED_EDGE('',*,*,#13464,.T.);
#13466=EDGE_LOOP('',(#13451,#13458,#13459,#13465));
#13467=FACE_BOUND('',#13466,.T.);
#13468=ADVANCED_FACE('',(#13467),#13441,.F.);
#13469=CARTESIAN_POINT('',(191.353770763,-33.457794101,12.06));
#13470=DIRECTION('',(0.275239064,0.961375815,0.));
#13471=DIRECTION('',(-0.961375815,0.275239064,0.));
#13472=AXIS2_PLACEMENT_3D('',#13469,#13470,#13471);
#13473=PLANE('',#13472);
#13474=CARTESIAN_POINT('',(192.509010278,-33.788535771,24.187061478));
#13475=VERTEX_POINT('',#13474);
#13476=CARTESIAN_POINT('',(192.509010278,-33.788535771,-0.06));
#13477=VERTEX_POINT('',#13476);
#13478=CARTESIAN_POINT('',(192.509010278,-33.788535771,24.187061478));
#13479=DIRECTION('',(0.,0.,-1.));
#13480=VECTOR('',#13479,24.247061478);
#13481=LINE('',#13478,#13480);
#13482=EDGE_CURVE('',#13475,#13477,#13481,.T.);
#13483=ORIENTED_EDGE('',*,*,#13482,.F.);
#13484=CARTESIAN_POINT('',(217.020809933,-40.806191805,-8.14));
#13485=DIRECTION('',(-0.275239064,-0.961375815,-0.));
#13486=DIRECTION('',(0.961375815,-0.275239064,0.));
#13487=AXIS2_PLACEMENT_3D('',#13484,#13485,#13486);
#13488=ELLIPSE('',#13487,120.186428278,33.08);
#13489=EDGE_CURVE('',#13475,#13443,#13488,.T.);
#13490=ORIENTED_EDGE('',*,*,#13489,.T.);
#13491=ORIENTED_EDGE('',*,*,#13450,.T.);
#13492=CARTESIAN_POINT('',(190.198531248,-33.127052431,-0.06));
#13493=DIRECTION('',(0.961375815,-0.275239064,0.));
#13494=VECTOR('',#13493,2.403304716);
#13495=LINE('',#13492,#13494);
#13496=EDGE_CURVE('',#13445,#13477,#13495,.T.);
#13497=ORIENTED_EDGE('',*,*,#13496,.T.);
#13498=EDGE_LOOP('',(#13483,#13490,#13491,#13497));
#13499=FACE_BOUND('',#13498,.T.);
#13500=ADVANCED_FACE('',(#13499),#13473,.F.);
#13501=CARTESIAN_POINT('',(193.643596303,-34.164615331,12.06));
#13502=DIRECTION('',(0.314634233,0.94921299,0.));
#13503=DIRECTION('',(-0.94921299,0.314634233,0.));
#13504=AXIS2_PLACEMENT_3D('',#13501,#13502,#13503);
#13505=PLANE('',#13504);
#13506=CARTESIAN_POINT('',(194.778182328,-34.540694891,24.341224552));
#13507=VERTEX_POINT('',#13506);
#13508=CARTESIAN_POINT('',(194.778182328,-34.540694891,-0.06));
#13509=VERTEX_POINT('',#13508);
#13510=CARTESIAN_POINT('',(194.778182328,-34.540694891,24.341224552));
#13511=DIRECTION('',(0.,0.,-1.));
#13512=VECTOR('',#13511,24.401224552);
#13513=LINE('',#13510,#13512);
#13514=EDGE_CURVE('',#13507,#13509,#13513,.T.);
#13515=ORIENTED_EDGE('',*,*,#13514,.F.);
#13516=CARTESIAN_POINT('',(213.68042003,-40.806191805,-8.14));
#13517=DIRECTION('',(-0.314634233,-0.94921299,-0.));
#13518=DIRECTION('',(0.94921299,-0.314634233,0.));
#13519=AXIS2_PLACEMENT_3D('',#13516,#13517,#13518);
#13520=ELLIPSE('',#13519,105.137955621,33.08);
#13521=EDGE_CURVE('',#13507,#13475,#13520,.T.);
#13522=ORIENTED_EDGE('',*,*,#13521,.T.);
#13523=ORIENTED_EDGE('',*,*,#13482,.T.);
#13524=CARTESIAN_POINT('',(192.509010278,-33.788535771,-0.06));
#13525=DIRECTION('',(0.94921299,-0.314634233,0.));
#13526=VECTOR('',#13525,2.390582593);
#13527=LINE('',#13524,#13526);
#13528=EDGE_CURVE('',#13477,#13509,#13527,.T.);
#13529=ORIENTED_EDGE('',*,*,#13528,.T.);
#13530=EDGE_LOOP('',(#13515,#13522,#13523,#13529));
#13531=FACE_BOUND('',#13530,.T.);
#13532=ADVANCED_FACE('',(#13531),#13505,.F.);
#13533=CARTESIAN_POINT('',(195.891014468,-34.963466246,12.06));
#13534=DIRECTION('',(0.35514079,0.934812826,0.));
#13535=DIRECTION('',(-0.934812826,0.35514079,0.));
#13536=AXIS2_PLACEMENT_3D('',#13533,#13534,#13535);
#13537=PLANE('',#13536);
#13538=CARTESIAN_POINT('',(197.003846608,-35.386237601,24.492966406));
#13539=VERTEX_POINT('',#13538);
#13540=CARTESIAN_POINT('',(197.003846608,-35.386237601,-0.06));
#13541=VERTEX_POINT('',#13540);
#13542=CARTESIAN_POINT('',(197.003846608,-35.386237601,24.492966406));
#13543=DIRECTION('',(0.,0.,-1.));
#13544=VECTOR('',#13543,24.552966406);
#13545=LINE('',#13542,#13544);
#13546=EDGE_CURVE('',#13539,#13541,#13545,.T.);
#13547=ORIENTED_EDGE('',*,*,#13546,.F.);
#13548=CARTESIAN_POINT('',(211.270421587,-40.806191805,-8.14));
#13549=DIRECTION('',(-0.35514079,-0.934812826,-0.));
#13550=DIRECTION('',(0.934812826,-0.35514079,0.));
#13551=AXIS2_PLACEMENT_3D('',#13548,#13549,#13550);
#13552=ELLIPSE('',#13551,93.146157675,33.08);
#13553=EDGE_CURVE('',#13539,#13507,#13552,.T.);
#13554=ORIENTED_EDGE('',*,*,#13553,.T.);
#13555=ORIENTED_EDGE('',*,*,#13514,.T.);
#13556=CARTESIAN_POINT('',(194.778182328,-34.540694891,-0.06));
#13557=DIRECTION('',(0.934812826,-0.35514079,0.));
#13558=VECTOR('',#13557,2.380866221);
#13559=LINE('',#13556,#13558);
#13560=EDGE_CURVE('',#13509,#13541,#13559,.T.);
#13561=ORIENTED_EDGE('',*,*,#13560,.T.);
#13562=EDGE_LOOP('',(#13547,#13554,#13555,#13561));
#13563=FACE_BOUND('',#13562,.T.);
#13564=ADVANCED_FACE('',(#13563),#13537,.F.);
#13565=CARTESIAN_POINT('',(198.093825983,-35.857055161,12.06));
#13566=DIRECTION('',(0.396538695,0.918018008,0.));
#13567=DIRECTION('',(-0.918018008,0.396538695,0.));
#13568=AXIS2_PLACEMENT_3D('',#13565,#13566,#13567);
#13569=PLANE('',#13568);
#13570=CARTESIAN_POINT('',(199.183805358,-36.327872721,24.635464271));
#13571=VERTEX_POINT('',#13570);
#13572=CARTESIAN_POINT('',(199.183805358,-36.327872721,-0.06));
#13573=VERTEX_POINT('',#13572);
#13574=CARTESIAN_POINT('',(199.183805358,-36.327872721,24.635464271));
#13575=DIRECTION('',(0.,0.,-1.));
#13576=VECTOR('',#13575,24.695464271);
#13577=LINE('',#13574,#13576);
#13578=EDGE_CURVE('',#13571,#13573,#13577,.T.);
#13579=ORIENTED_EDGE('',*,*,#13578,.F.);
#13580=CARTESIAN_POINT('',(209.551463344,-40.806191805,-8.14));
#13581=DIRECTION('',(-0.396538695,-0.918018008,-0.));
#13582=DIRECTION('',(0.918018008,-0.396538695,0.));
#13583=AXIS2_PLACEMENT_3D('',#13580,#13581,#13582);
#13584=ELLIPSE('',#13583,83.421871398,33.08);
#13585=EDGE_CURVE('',#13571,#13539,#13584,.T.);
#13586=ORIENTED_EDGE('',*,*,#13585,.T.);
#13587=ORIENTED_EDGE('',*,*,#13546,.T.);
#13588=CARTESIAN_POINT('',(197.003846608,-35.386237601,-0.06));
#13589=DIRECTION('',(0.918018008,-0.396538695,0.));
#13590=VECTOR('',#13589,2.374636151);
#13591=LINE('',#13588,#13590);
#13592=EDGE_CURVE('',#13541,#13573,#13591,.T.);
#13593=ORIENTED_EDGE('',*,*,#13592,.T.);
#13594=EDGE_LOOP('',(#13579,#13586,#13587,#13593));
#13595=FACE_BOUND('',#13594,.T.);
#13596=ADVANCED_FACE('',(#13595),#13569,.F.);
#13597=CARTESIAN_POINT('',(200.249831573,-36.848091401,12.06));
#13598=DIRECTION('',(0.438563838,0.898700039,0.));
#13599=DIRECTION('',(-0.898700039,0.438563838,0.));
#13600=AXIS2_PLACEMENT_3D('',#13597,#13598,#13599);
#13601=PLANE('',#13600);
#13602=CARTESIAN_POINT('',(201.315857788,-37.368310081,24.760871862));
#13603=VERTEX_POINT('',#13602);
#13604=CARTESIAN_POINT('',(201.315857788,-37.368310081,-0.06));
#13605=VERTEX_POINT('',#13604);
#13606=CARTESIAN_POINT('',(201.315857788,-37.368310081,24.760871862));
#13607=DIRECTION('',(0.,0.,-1.));
#13608=VECTOR('',#13607,24.820871862);
#13609=LINE('',#13606,#13608);
#13610=EDGE_CURVE('',#13603,#13605,#13609,.T.);
#13611=ORIENTED_EDGE('',*,*,#13610,.F.);
#13612=CARTESIAN_POINT('',(208.360725999,-40.806191805,-8.14));
#13613=DIRECTION('',(-0.438563838,-0.898700039,-0.));
#13614=DIRECTION('',(0.898700039,-0.438563838,0.));
#13615=AXIS2_PLACEMENT_3D('',#13612,#13613,#13614);
#13616=ELLIPSE('',#13615,75.428015604,33.08);
#13617=EDGE_CURVE('',#13603,#13571,#13616,.T.);
#13618=ORIENTED_EDGE('',*,*,#13617,.T.);
#13619=ORIENTED_EDGE('',*,*,#13578,.T.);
#13620=CARTESIAN_POINT('',(199.183805358,-36.327872721,-0.06));
#13621=DIRECTION('',(0.898700039,-0.438563838,0.));
#13622=VECTOR('',#13621,2.372373804);
#13623=LINE('',#13620,#13622);
#13624=EDGE_CURVE('',#13573,#13605,#13623,.T.);
#13625=ORIENTED_EDGE('',*,*,#13624,.T.);
#13626=EDGE_LOOP('',(#13611,#13618,#13619,#13625));
#13627=FACE_BOUND('',#13626,.T.);
#13628=ADVANCED_FACE('',(#13627),#13601,.F.);
#13629=CARTESIAN_POINT('',(202.356831963,-37.939283281,12.06));
#13630=DIRECTION('',(0.480907978,0.876771074,0.));
#13631=DIRECTION('',(-0.876771074,0.480907978,0.));
#13632=AXIS2_PLACEMENT_3D('',#13629,#13630,#13631);
#13633=PLANE('',#13632);
#13634=CARTESIAN_POINT('',(203.397806138,-38.510256481,24.860228499));
#13635=VERTEX_POINT('',#13634);
#13636=CARTESIAN_POINT('',(203.397806138,-38.510256481,-0.06));
#13637=VERTEX_POINT('',#13636);
#13638=CARTESIAN_POINT('',(203.397806138,-38.510256481,24.860228499));
#13639=DIRECTION('',(0.,0.,-1.));
#13640=VECTOR('',#13639,24.920228499);
#13641=LINE('',#13638,#13640);
#13642=EDGE_CURVE('',#13635,#13637,#13641,.T.);
#13643=ORIENTED_EDGE('',*,*,#13642,.F.);
#13644=CARTESIAN_POINT('',(207.583658257,-40.806191805,-8.14));
#13645=DIRECTION('',(-0.480907978,-0.876771074,-0.));
#13646=DIRECTION('',(0.876771074,-0.480907978,0.));
#13647=AXIS2_PLACEMENT_3D('',#13644,#13645,#13646);
#13648=ELLIPSE('',#13647,68.786548567,33.08);
#13649=EDGE_CURVE('',#13635,#13603,#13648,.T.);
#13650=ORIENTED_EDGE('',*,*,#13649,.T.);
#13651=ORIENTED_EDGE('',*,*,#13610,.T.);
#13652=CARTESIAN_POINT('',(201.315857788,-37.368310081,-0.06));
#13653=DIRECTION('',(0.876771074,-0.480907978,0.));
#13654=VECTOR('',#13653,2.374563226);
#13655=LINE('',#13652,#13654);
#13656=EDGE_CURVE('',#13605,#13637,#13655,.T.);
#13657=ORIENTED_EDGE('',*,*,#13656,.T.);
#13658=EDGE_LOOP('',(#13643,#13650,#13651,#13657));
#13659=FACE_BOUND('',#13658,.T.);
#13660=ADVANCED_FACE('',(#13659),#13633,.F.);
#13661=CARTESIAN_POINT('',(204.412628383,-39.133339116,12.06));
#13662=DIRECTION('',(0.523230206,0.852191382,0.));
#13663=DIRECTION('',(-0.852191382,0.523230206,0.));
#13664=AXIS2_PLACEMENT_3D('',#13661,#13662,#13663);
#13665=PLANE('',#13664);
#13666=CARTESIAN_POINT('',(205.427450628,-39.756421751,24.923338955));
#13667=VERTEX_POINT('',#13666);
#13668=CARTESIAN_POINT('',(205.427450628,-39.756421751,-0.06));
#13669=VERTEX_POINT('',#13668);
#13670=CARTESIAN_POINT('',(205.427450628,-39.756421751,24.923338955));
#13671=DIRECTION('',(0.,0.,-1.));
#13672=VECTOR('',#13671,24.983338955);
#13673=LINE('',#13670,#13672);
#13674=EDGE_CURVE('',#13667,#13669,#13673,.T.);
#13675=ORIENTED_EDGE('',*,*,#13674,.F.);
#13676=CARTESIAN_POINT('',(207.137223847,-40.806191805,-8.14));
#13677=DIRECTION('',(-0.523230206,-0.852191382,-0.));
#13678=DIRECTION('',(0.852191382,-0.523230206,0.));
#13679=AXIS2_PLACEMENT_3D('',#13676,#13677,#13678);
#13680=ELLIPSE('',#13679,63.222649692,33.08);
#13681=EDGE_CURVE('',#13667,#13635,#13680,.T.);
#13682=ORIENTED_EDGE('',*,*,#13681,.T.);
#13683=ORIENTED_EDGE('',*,*,#13642,.T.);
#13684=CARTESIAN_POINT('',(203.397806138,-38.510256481,-0.06));
#13685=DIRECTION('',(0.852191382,-0.523230206,0.));
#13686=VECTOR('',#13685,2.381676854);
#13687=LINE('',#13684,#13686);
#13688=EDGE_CURVE('',#13637,#13669,#13687,.T.);
#13689=ORIENTED_EDGE('',*,*,#13688,.T.);
#13690=EDGE_LOOP('',(#13675,#13682,#13683,#13689));
#13691=FACE_BOUND('',#13690,.T.);
#13692=ADVANCED_FACE('',(#13691),#13665,.F.);
#13693=CARTESIAN_POINT('',(206.415020548,-40.432968231,12.06));
#13694=DIRECTION('',(0.565162199,0.824979811,0.));
#13695=DIRECTION('',(-0.824979811,0.565162199,0.));
#13696=AXIS2_PLACEMENT_3D('',#13693,#13694,#13695);
#13697=PLANE('',#13696);
#13698=ORIENTED_EDGE('',*,*,#396,.F.);
#13699=CARTESIAN_POINT('',(206.959823286,-40.806191805,-8.14));
#13700=DIRECTION('',(-0.565162199,-0.824979811,-0.));
#13701=DIRECTION('',(0.824979811,-0.565162199,0.));
#13702=AXIS2_PLACEMENT_3D('',#13699,#13700,#13701);
#13703=ELLIPSE('',#13702,58.531869386,33.08);
#13704=EDGE_CURVE('',#383,#13667,#13703,.T.);
#13705=ORIENTED_EDGE('',*,*,#13704,.T.);
#13706=ORIENTED_EDGE('',*,*,#13674,.T.);
#13707=CARTESIAN_POINT('',(207.402590468,-41.109514711,-0.06));
#13708=VERTEX_POINT('',#13707);
#13709=CARTESIAN_POINT('',(205.427450628,-39.756421751,-0.06));
#13710=DIRECTION('',(0.824979811,-0.565162199,0.));
#13711=VECTOR('',#13710,2.394167485);
#13712=LINE('',#13709,#13711);
#13713=EDGE_CURVE('',#13669,#13708,#13712,.T.);
#13714=ORIENTED_EDGE('',*,*,#13713,.T.);
#13715=CARTESIAN_POINT('',(207.402590468,-41.109514711,24.94));
#13716=DIRECTION('',(0.,0.,-1.));
#13717=VECTOR('',#13716,25.);
#13718=LINE('',#13715,#13717);
#13719=EDGE_CURVE('',#391,#13708,#13718,.T.);
#13720=ORIENTED_EDGE('',*,*,#13719,.F.);
#13721=EDGE_LOOP('',(#13698,#13705,#13706,#13714,#13720));
#13722=FACE_BOUND('',#13721,.T.);
#13723=ADVANCED_FACE('',(#13722),#13697,.F.);
#13724=CARTESIAN_POINT('',(207.763460438,-41.409302406,12.06));
#13725=DIRECTION('',(0.639004596,0.769202916,0.));
#13726=DIRECTION('',(-0.769202916,0.639004596,0.));
#13727=AXIS2_PLACEMENT_3D('',#13724,#13725,#13726);
#13728=PLANE('',#13727);
#13729=CARTESIAN_POINT('',(208.124330408,-41.709090101,-0.06));
#13730=VERTEX_POINT('',#13729);
#13731=CARTESIAN_POINT('',(207.402590468,-41.109514711,-0.06));
#13732=DIRECTION('',(0.769202916,-0.639004596,0.));
#13733=VECTOR('',#13732,0.938295896);
#13734=LINE('',#13731,#13733);
#13735=EDGE_CURVE('',#13708,#13730,#13734,.T.);
#13736=ORIENTED_EDGE('',*,*,#13735,.T.);
#13737=CARTESIAN_POINT('',(208.124330408,-41.709090101,24.94));
#13738=DIRECTION('',(0.,0.,-1.));
#13739=VECTOR('',#13738,25.);
#13740=LINE('',#13737,#13739);
#13741=EDGE_CURVE('',#399,#13730,#13740,.T.);
#13742=ORIENTED_EDGE('',*,*,#13741,.F.);
#13743=ORIENTED_EDGE('',*,*,#404,.F.);
#13744=ORIENTED_EDGE('',*,*,#13719,.T.);
#13745=EDGE_LOOP('',(#13736,#13742,#13743,#13744));
#13746=FACE_BOUND('',#13745,.T.);
#13747=ADVANCED_FACE('',(#13746),#13728,.F.);
#13748=CARTESIAN_POINT('',(208.441082063,-42.052823906,12.06));
#13749=DIRECTION('',(0.735380128,0.677654829,0.));
#13750=DIRECTION('',(-0.677654829,0.735380128,0.));
#13751=AXIS2_PLACEMENT_3D('',#13748,#13749,#13750);
#13752=PLANE('',#13751);
#13753=CARTESIAN_POINT('',(208.757833718,-42.396557711,-0.06));
#13754=VERTEX_POINT('',#13753);
#13755=CARTESIAN_POINT('',(208.124330408,-41.709090101,-0.06));
#13756=DIRECTION('',(0.677654829,-0.735380128,0.));
#13757=VECTOR('',#13756,0.934846596);
#13758=LINE('',#13755,#13757);
#13759=EDGE_CURVE('',#13730,#13754,#13758,.T.);
#13760=ORIENTED_EDGE('',*,*,#13759,.T.);
#13761=CARTESIAN_POINT('',(208.757833718,-42.396557711,24.94));
#13762=DIRECTION('',(0.,0.,-1.));
#13763=VECTOR('',#13762,25.);
#13764=LINE('',#13761,#13763);
#13765=EDGE_CURVE('',#407,#13754,#13764,.T.);
#13766=ORIENTED_EDGE('',*,*,#13765,.F.);
#13767=ORIENTED_EDGE('',*,*,#412,.F.);
#13768=ORIENTED_EDGE('',*,*,#13741,.T.);
#13769=EDGE_LOOP('',(#13760,#13766,#13767,#13768));
#13770=FACE_BOUND('',#13769,.T.);
#13771=ADVANCED_FACE('',(#13770),#13752,.F.);
#13772=CARTESIAN_POINT('',(209.031600278,-42.781962096,12.06));
#13773=DIRECTION('',(0.815253709,0.579103954,0.));
#13774=DIRECTION('',(-0.579103954,0.815253709,0.));
#13775=AXIS2_PLACEMENT_3D('',#13772,#13773,#13774);
#13776=PLANE('',#13775);
#13777=CARTESIAN_POINT('',(209.305366838,-43.167366481,-0.06));
#13778=VERTEX_POINT('',#13777);
#13779=CARTESIAN_POINT('',(208.757833718,-42.396557711,-0.06));
#13780=DIRECTION('',(0.579103954,-0.815253709,0.));
#13781=VECTOR('',#13780,0.945483304);
#13782=LINE('',#13779,#13781);
#13783=EDGE_CURVE('',#13754,#13778,#13782,.T.);
#13784=ORIENTED_EDGE('',*,*,#13783,.T.);
#13785=CARTESIAN_POINT('',(209.305366838,-43.167366481,24.94));
#13786=DIRECTION('',(0.,0.,-1.));
#13787=VECTOR('',#13786,25.);
#13788=LINE('',#13785,#13787);
#13789=EDGE_CURVE('',#415,#13778,#13788,.T.);
#13790=ORIENTED_EDGE('',*,*,#13789,.F.);
#13791=ORIENTED_EDGE('',*,*,#420,.F.);
#13792=ORIENTED_EDGE('',*,*,#13765,.T.);
#13793=EDGE_LOOP('',(#13784,#13790,#13791,#13792));
#13794=FACE_BOUND('',#13793,.T.);
#13795=ADVANCED_FACE('',(#13794),#13776,.F.);
#13796=CARTESIAN_POINT('',(209.537282533,-43.592164401,12.06));
#13797=DIRECTION('',(0.877715071,0.479182903,0.));
#13798=DIRECTION('',(-0.479182903,0.877715071,0.));
#13799=AXIS2_PLACEMENT_3D('',#13796,#13797,#13798);
#13800=PLANE('',#13799);
#13801=CARTESIAN_POINT('',(209.769198228,-44.016962321,-0.06));
#13802=VERTEX_POINT('',#13801);
#13803=CARTESIAN_POINT('',(209.305366838,-43.167366481,-0.06));
#13804=DIRECTION('',(0.479182903,-0.877715071,0.));
#13805=VECTOR('',#13804,0.967963145);
#13806=LINE('',#13803,#13805);
#13807=EDGE_CURVE('',#13778,#13802,#13806,.T.);
#13808=ORIENTED_EDGE('',*,*,#13807,.T.);
#13809=CARTESIAN_POINT('',(209.769198228,-44.016962321,24.94));
#13810=DIRECTION('',(0.,0.,-1.));
#13811=VECTOR('',#13810,25.);
#13812=LINE('',#13809,#13811);
#13813=EDGE_CURVE('',#423,#13802,#13812,.T.);
#13814=ORIENTED_EDGE('',*,*,#13813,.F.);
#13815=ORIENTED_EDGE('',*,*,#428,.F.);
#13816=ORIENTED_EDGE('',*,*,#13789,.T.);
#13817=EDGE_LOOP('',(#13808,#13814,#13815,#13816));
#13818=FACE_BOUND('',#13817,.T.);
#13819=ADVANCED_FACE('',(#13818),#13800,.F.);
#13820=CARTESIAN_POINT('',(209.960395773,-44.478878751,12.06));
#13821=DIRECTION('',(0.923974628,0.382453771,0.));
#13822=DIRECTION('',(-0.382453771,0.923974628,0.));
#13823=AXIS2_PLACEMENT_3D('',#13820,#13821,#13822);
#13824=PLANE('',#13823);
#13825=CARTESIAN_POINT('',(210.151593318,-44.940795181,-0.06));
#13826=VERTEX_POINT('',#13825);
#13827=CARTESIAN_POINT('',(209.769198228,-44.016962321,-0.06));
#13828=DIRECTION('',(0.382453771,-0.923974628,0.));
#13829=VECTOR('',#13828,0.999846567);
#13830=LINE('',#13827,#13829);
#13831=EDGE_CURVE('',#13802,#13826,#13830,.T.);
#13832=ORIENTED_EDGE('',*,*,#13831,.T.);
#13833=CARTESIAN_POINT('',(210.151593318,-44.940795181,24.94));
#13834=DIRECTION('',(0.,0.,-1.));
#13835=VECTOR('',#13834,25.);
#13836=LINE('',#13833,#13835);
#13837=EDGE_CURVE('',#431,#13826,#13836,.T.);
#13838=ORIENTED_EDGE('',*,*,#13837,.F.);
#13839=ORIENTED_EDGE('',*,*,#436,.F.);
#13840=ORIENTED_EDGE('',*,*,#13813,.T.);
#13841=EDGE_LOOP('',(#13832,#13838,#13839,#13840));
#13842=FACE_BOUND('',#13841,.T.);
#13843=ADVANCED_FACE('',(#13842),#13824,.F.);
#13844=CARTESIAN_POINT('',(210.303206438,-45.437554591,12.06));
#13845=DIRECTION('',(0.956445403,0.291911273,0.));
#13846=DIRECTION('',(-0.291911273,0.956445403,0.));
#13847=AXIS2_PLACEMENT_3D('',#13844,#13845,#13846);
#13848=PLANE('',#13847);
#13849=CARTESIAN_POINT('',(210.454819558,-45.934314001,-0.06));
#13850=VERTEX_POINT('',#13849);
#13851=CARTESIAN_POINT('',(210.151593318,-44.940795181,-0.06));
#13852=DIRECTION('',(0.291911273,-0.956445403,0.));
#13853=VECTOR('',#13852,1.038761666);
#13854=LINE('',#13851,#13853);
#13855=EDGE_CURVE('',#13826,#13850,#13854,.T.);
#13856=ORIENTED_EDGE('',*,*,#13855,.T.);
#13857=CARTESIAN_POINT('',(210.454819558,-45.934314001,24.94));
#13858=DIRECTION('',(0.,0.,-1.));
#13859=VECTOR('',#13858,25.);
#13860=LINE('',#13857,#13859);
#13861=EDGE_CURVE('',#439,#13850,#13860,.T.);
#13862=ORIENTED_EDGE('',*,*,#13861,.F.);
#13863=ORIENTED_EDGE('',*,*,#444,.F.);
#13864=ORIENTED_EDGE('',*,*,#13837,.T.);
#13865=EDGE_LOOP('',(#13856,#13862,#13863,#13864));
#13866=FACE_BOUND('',#13865,.T.);
#13867=ADVANCED_FACE('',(#13866),#13848,.F.);
#13868=CARTESIAN_POINT('',(210.567980968,-46.463640356,12.06));
#13869=DIRECTION('',(0.977902856,0.209059808,0.));
#13870=DIRECTION('',(-0.209059808,0.977902856,0.));
#13871=AXIS2_PLACEMENT_3D('',#13868,#13869,#13870);
#13872=PLANE('',#13871);
#13873=CARTESIAN_POINT('',(210.681142378,-46.992966711,-0.06));
#13874=VERTEX_POINT('',#13873);
#13875=CARTESIAN_POINT('',(210.454819558,-45.934314001,-0.06));
#13876=DIRECTION('',(0.209059808,-0.977902856,0.));
#13877=VECTOR('',#13876,1.082574514);
#13878=LINE('',#13875,#13877);
#13879=EDGE_CURVE('',#13850,#13874,#13878,.T.);
#13880=ORIENTED_EDGE('',*,*,#13879,.T.);
#13881=CARTESIAN_POINT('',(210.681142378,-46.992966711,24.94));
#13882=DIRECTION('',(0.,0.,-1.));
#13883=VECTOR('',#13882,25.);
#13884=LINE('',#13881,#13883);
#13885=EDGE_CURVE('',#447,#13874,#13884,.T.);
#13886=ORIENTED_EDGE('',*,*,#13885,.F.);
#13887=ORIENTED_EDGE('',*,*,#452,.F.);
#13888=ORIENTED_EDGE('',*,*,#13861,.T.);
#13889=EDGE_LOOP('',(#13880,#13886,#13887,#13888));
#13890=FACE_BOUND('',#13889,.T.);
#13891=ADVANCED_FACE('',(#13890),#13872,.F.);
#13892=CARTESIAN_POINT('',(210.756986308,-47.552583471,12.06));
#13893=DIRECTION('',(0.990940647,0.13430054,0.));
#13894=DIRECTION('',(-0.13430054,0.990940647,0.));
#13895=AXIS2_PLACEMENT_3D('',#13892,#13893,#13894);
#13896=PLANE('',#13895);
#13897=CARTESIAN_POINT('',(210.832830238,-48.112200231,-0.06));
#13898=VERTEX_POINT('',#13897);
#13899=CARTESIAN_POINT('',(210.681142378,-46.992966711,-0.06));
#13900=DIRECTION('',(0.13430054,-0.990940647,0.));
#13901=VECTOR('',#13900,1.129465749);
#13902=LINE('',#13899,#13901);
#13903=EDGE_CURVE('',#13874,#13898,#13902,.T.);
#13904=ORIENTED_EDGE('',*,*,#13903,.T.);
#13905=CARTESIAN_POINT('',(210.832830238,-48.112200231,24.94));
#13906=DIRECTION('',(0.,0.,-1.));
#13907=VECTOR('',#13906,25.);
#13908=LINE('',#13905,#13907);
#13909=EDGE_CURVE('',#455,#13898,#13908,.T.);
#13910=ORIENTED_EDGE('',*,*,#13909,.F.);
#13911=ORIENTED_EDGE('',*,*,#460,.F.);
#13912=ORIENTED_EDGE('',*,*,#13885,.T.);
#13913=EDGE_LOOP('',(#13904,#13910,#13911,#13912));
#13914=FACE_BOUND('',#13913,.T.);
#13915=ADVANCED_FACE('',(#13914),#13896,.F.);
#13916=CARTESIAN_POINT('',(210.872489403,-48.699832371,12.06));
#13917=DIRECTION('',(0.997730315,0.067336601,0.));
#13918=DIRECTION('',(-0.067336601,0.997730315,0.));
#13919=AXIS2_PLACEMENT_3D('',#13916,#13917,#13918);
#13920=PLANE('',#13919);
#13921=CARTESIAN_POINT('',(210.912148568,-49.287464511,-0.06));
#13922=VERTEX_POINT('',#13921);
#13923=CARTESIAN_POINT('',(210.832830238,-48.112200231,-0.06));
#13924=DIRECTION('',(0.067336601,-0.997730315,0.));
#13925=VECTOR('',#13924,1.177937827);
#13926=LINE('',#13923,#13925);
#13927=EDGE_CURVE('',#13898,#13922,#13926,.T.);
#13928=ORIENTED_EDGE('',*,*,#13927,.T.);
#13929=CARTESIAN_POINT('',(210.912148568,-49.287464511,24.94));
#13930=DIRECTION('',(0.,0.,-1.));
#13931=VECTOR('',#13930,25.);
#13932=LINE('',#13929,#13931);
#13933=EDGE_CURVE('',#463,#13922,#13932,.T.);
#13934=ORIENTED_EDGE('',*,*,#13933,.F.);
#13935=ORIENTED_EDGE('',*,*,#468,.F.);
#13936=ORIENTED_EDGE('',*,*,#13909,.T.);
#13937=EDGE_LOOP('',(#13928,#13934,#13935,#13936));
#13938=FACE_BOUND('',#13937,.T.);
#13939=ADVANCED_FACE('',(#13938),#13920,.F.);
#13940=CARTESIAN_POINT('',(210.916756188,-49.900836501,12.06));
#13941=DIRECTION('',(0.999971786,0.007511739,0.));
#13942=DIRECTION('',(-0.007511739,0.999971786,0.));
#13943=AXIS2_PLACEMENT_3D('',#13940,#13941,#13942);
#13944=PLANE('',#13943);
#13945=CARTESIAN_POINT('',(210.921363808,-50.514208491,-0.06));
#13946=VERTEX_POINT('',#13945);
#13947=CARTESIAN_POINT('',(210.912148568,-49.287464511,-0.06));
#13948=DIRECTION('',(0.007511739,-0.999971786,0.));
#13949=VECTOR('',#13948,1.226778592);
#13950=LINE('',#13947,#13949);
#13951=EDGE_CURVE('',#13922,#13946,#13950,.T.);
#13952=ORIENTED_EDGE('',*,*,#13951,.T.);
#13953=CARTESIAN_POINT('',(210.921363808,-50.514208491,24.94));
#13954=DIRECTION('',(0.,0.,-1.));
#13955=VECTOR('',#13954,25.);
#13956=LINE('',#13953,#13955);
#13957=EDGE_CURVE('',#471,#13946,#13956,.T.);
#13958=ORIENTED_EDGE('',*,*,#13957,.F.);
#13959=ORIENTED_EDGE('',*,*,#476,.F.);
#13960=ORIENTED_EDGE('',*,*,#13933,.T.);
#13961=EDGE_LOOP('',(#13952,#13958,#13959,#13960));
#13962=FACE_BOUND('',#13961,.T.);
#13963=ADVANCED_FACE('',(#13962),#13944,.F.);
#13964=CARTESIAN_POINT('',(210.892054113,-51.151043286,12.06));
#13965=DIRECTION('',(0.998942575,-0.045975349,0.));
#13966=DIRECTION('',(0.045975349,0.998942575,0.));
#13967=AXIS2_PLACEMENT_3D('',#13964,#13965,#13966);
#13968=PLANE('',#13967);
#13969=CARTESIAN_POINT('',(210.862744418,-51.787878081,-0.06));
#13970=VERTEX_POINT('',#13969);
#13971=CARTESIAN_POINT('',(210.921363808,-50.514208491,-0.06));
#13972=DIRECTION('',(-0.045975349,-0.998942575,0.));
#13973=VECTOR('',#13972,1.275017826);
#13974=LINE('',#13971,#13973);
#13975=EDGE_CURVE('',#13946,#13970,#13974,.T.);
#13976=ORIENTED_EDGE('',*,*,#13975,.T.);
#13977=CARTESIAN_POINT('',(210.862744418,-51.787878081,24.94));
#13978=DIRECTION('',(0.,0.,-1.));
#13979=VECTOR('',#13978,25.);
#13980=LINE('',#13977,#13979);
#13981=EDGE_CURVE('',#479,#13970,#13980,.T.);
#13982=ORIENTED_EDGE('',*,*,#13981,.F.);
#13983=ORIENTED_EDGE('',*,*,#484,.F.);
#13984=ORIENTED_EDGE('',*,*,#13957,.T.);
#13985=EDGE_LOOP('',(#13976,#13982,#13983,#13984));
#13986=FACE_BOUND('',#13985,.T.);
#13987=ADVANCED_FACE('',(#13986),#13968,.F.);
#13988=CARTESIAN_POINT('',(210.800650123,-52.445901161,12.06));
#13989=DIRECTION('',(0.995577147,-0.093947557,0.));
#13990=DIRECTION('',(0.093947557,0.995577147,0.));
#13991=AXIS2_PLACEMENT_3D('',#13988,#13989,#13990);
#13992=PLANE('',#13991);
#13993=CARTESIAN_POINT('',(210.738555828,-53.103924241,-0.06));
#13994=VERTEX_POINT('',#13993);
#13995=CARTESIAN_POINT('',(210.862744418,-51.787878081,-0.06));
#13996=DIRECTION('',(-0.093947557,-0.995577147,0.));
#13997=VECTOR('',#13996,1.321892697);
#13998=LINE('',#13995,#13997);
#13999=EDGE_CURVE('',#13970,#13994,#13998,.T.);
#14000=ORIENTED_EDGE('',*,*,#13999,.T.);
#14001=CARTESIAN_POINT('',(210.738555828,-53.103924241,24.94));
#14002=DIRECTION('',(0.,0.,-1.));
#14003=VECTOR('',#14002,25.);
#14004=LINE('',#14001,#14003);
#14005=EDGE_CURVE('',#487,#13994,#14004,.T.);
#14006=ORIENTED_EDGE('',*,*,#14005,.F.);
#14007=ORIENTED_EDGE('',*,*,#492,.F.);
#14008=ORIENTED_EDGE('',*,*,#13981,.T.);
#14009=EDGE_LOOP('',(#14000,#14006,#14007,#14008));
#14010=FACE_BOUND('',#14009,.T.);
#14011=ADVANCED_FACE('',(#14010),#13992,.F.);
#14012=CARTESIAN_POINT('',(210.520547328,-54.474429601,12.06));
#14013=DIRECTION('',(0.987583263,-0.157096464,0.));
#14014=DIRECTION('',(0.157096464,0.987583263,0.));
#14015=AXIS2_PLACEMENT_3D('',#14012,#14013,#14014);
#14016=PLANE('',#14015);
#14017=CARTESIAN_POINT('',(210.738555828,-53.103924241,-0.06));
#14018=DIRECTION('',(-0.157096464,-0.987583263,0.));
#14019=VECTOR('',#14018,2.775473039);
#14020=LINE('',#14017,#14019);
#14021=EDGE_CURVE('',#13994,#2884,#14020,.T.);
#14022=ORIENTED_EDGE('',*,*,#14021,.T.);
#14023=ORIENTED_EDGE('',*,*,#2904,.F.);
#14024=ORIENTED_EDGE('',*,*,#500,.F.);
#14025=ORIENTED_EDGE('',*,*,#14005,.T.);
#14026=EDGE_LOOP('',(#14022,#14023,#14024,#14025));
#14027=FACE_BOUND('',#14026,.T.);
#14028=ADVANCED_FACE('',(#14027),#14016,.F.);
#14029=CARTESIAN_POINT('',(-1.607766002,1.148743889,24.94));
#14030=DIRECTION('',(0.,0.,1.));
#14031=DIRECTION('',(1.,0.,0.));
#14032=AXIS2_PLACEMENT_3D('',#14029,#14030,#14031);
#14033=PLANE('',#14032);
#14034=ORIENTED_EDGE('',*,*,#10273,.T.);
#14035=CARTESIAN_POINT('',(85.865206049,-188.942585997,24.94));
#14036=VERTEX_POINT('',#14035);
#14037=CARTESIAN_POINT('',(85.865206049,-110.289042533,24.94));
#14038=DIRECTION('',(-0.,-1.,-0.));
#14039=VECTOR('',#14038,78.653543464);
#14040=LINE('',#14037,#14039);
#14041=EDGE_CURVE('',#10261,#14036,#14040,.T.);
#14042=ORIENTED_EDGE('',*,*,#14041,.T.);
#14043=CARTESIAN_POINT('',(147.872233998,-188.942585997,24.94));
#14044=VERTEX_POINT('',#14043);
#14045=CARTESIAN_POINT('',(85.865206049,-188.942585997,24.94));
#14046=DIRECTION('',(1.,0.,-0.));
#14047=VECTOR('',#14046,62.007027948);
#14048=LINE('',#14045,#14047);
#14049=EDGE_CURVE('',#14036,#14044,#14048,.T.);
#14050=ORIENTED_EDGE('',*,*,#14049,.T.);
#14051=CARTESIAN_POINT('',(147.872233998,-183.492925973,24.94));
#14052=DIRECTION('',(0.,-1.,0.));
#14053=VECTOR('',#14052,5.449660024);
#14054=LINE('',#14051,#14053);
#14055=EDGE_CURVE('',#8940,#14044,#14054,.T.);
#14056=ORIENTED_EDGE('',*,*,#14055,.F.);
#14057=ORIENTED_EDGE('',*,*,#8947,.T.);
#14058=ORIENTED_EDGE('',*,*,#8999,.T.);
#14059=ORIENTED_EDGE('',*,*,#9030,.T.);
#14060=ORIENTED_EDGE('',*,*,#9061,.T.);
#14061=ORIENTED_EDGE('',*,*,#9092,.T.);
#14062=ORIENTED_EDGE('',*,*,#9123,.T.);
#14063=ORIENTED_EDGE('',*,*,#9154,.T.);
#14064=ORIENTED_EDGE('',*,*,#9185,.T.);
#14065=ORIENTED_EDGE('',*,*,#9216,.T.);
#14066=ORIENTED_EDGE('',*,*,#9247,.T.);
#14067=ORIENTED_EDGE('',*,*,#9278,.T.);
#14068=ORIENTED_EDGE('',*,*,#9309,.T.);
#14069=ORIENTED_EDGE('',*,*,#9340,.T.);
#14070=ORIENTED_EDGE('',*,*,#9371,.T.);
#14071=ORIENTED_EDGE('',*,*,#9402,.T.);
#14072=ORIENTED_EDGE('',*,*,#9433,.T.);
#14073=ORIENTED_EDGE('',*,*,#9464,.T.);
#14074=ORIENTED_EDGE('',*,*,#9495,.T.);
#14075=ORIENTED_EDGE('',*,*,#9526,.T.);
#14076=ORIENTED_EDGE('',*,*,#9557,.T.);
#14077=ORIENTED_EDGE('',*,*,#9588,.T.);
#14078=ORIENTED_EDGE('',*,*,#9619,.T.);
#14079=ORIENTED_EDGE('',*,*,#9650,.T.);
#14080=ORIENTED_EDGE('',*,*,#9681,.T.);
#14081=ORIENTED_EDGE('',*,*,#9712,.T.);
#14082=ORIENTED_EDGE('',*,*,#9743,.T.);
#14083=ORIENTED_EDGE('',*,*,#9774,.T.);
#14084=ORIENTED_EDGE('',*,*,#9805,.T.);
#14085=ORIENTED_EDGE('',*,*,#9836,.T.);
#14086=ORIENTED_EDGE('',*,*,#9867,.T.);
#14087=ORIENTED_EDGE('',*,*,#9898,.T.);
#14088=ORIENTED_EDGE('',*,*,#9929,.T.);
#14089=ORIENTED_EDGE('',*,*,#9960,.T.);
#14090=ORIENTED_EDGE('',*,*,#9991,.T.);
#14091=ORIENTED_EDGE('',*,*,#10022,.T.);
#14092=ORIENTED_EDGE('',*,*,#10053,.T.);
#14093=ORIENTED_EDGE('',*,*,#10084,.T.);
#14094=ORIENTED_EDGE('',*,*,#10115,.T.);
#14095=ORIENTED_EDGE('',*,*,#10146,.T.);
#14096=ORIENTED_EDGE('',*,*,#10177,.T.);
#14097=ORIENTED_EDGE('',*,*,#10208,.T.);
#14098=ORIENTED_EDGE('',*,*,#10239,.T.);
#14099=EDGE_LOOP('',(#14034,#14042,#14050,#14056,#14057,#14058,#14059,#14060,#14061,#14062,#14063,#14064,#14065,#14066,#14067,#14068,#14069,#14070,#14071,#14072,#14073,#14074,#14075,#14076,#14077,#14078,
#14079,#14080,#14081,#14082,#14083,#14084,#14085,#14086,#14087,#14088,#14089,#14090,#14091,#14092,#14093,#14094,#14095,#14096,#14097,#14098));
#14100=FACE_BOUND('',#14099,.T.);
#14101=ADVANCED_FACE('',(#14100),#14033,.T.);
#14102=CARTESIAN_POINT('',(-1.607766002,1.148743889,-0.06));
#14103=DIRECTION('',(0.,0.,1.));
#14104=DIRECTION('',(1.,0.,0.));
#14105=AXIS2_PLACEMENT_3D('',#14102,#14103,#14104);
#14106=PLANE('',#14105);
#14107=CARTESIAN_POINT('',(85.865206049,-8.72816194,-0.06));
#14108=VERTEX_POINT('',#14107);
#14109=CARTESIAN_POINT('',(235.687994434,-8.72816194,-0.06));
#14110=VERTEX_POINT('',#14109);
#14111=CARTESIAN_POINT('',(85.865206049,-8.72816194,-0.06));
#14112=DIRECTION('',(1.,0.,-0.));
#14113=VECTOR('',#14112,149.822788385);
#14114=LINE('',#14111,#14113);
#14115=EDGE_CURVE('',#14108,#14110,#14114,.T.);
#14116=ORIENTED_EDGE('',*,*,#14115,.T.);
#14117=CARTESIAN_POINT('',(267.766024299,-40.806191805,-0.06));
#14118=VERTEX_POINT('',#14117);
#14119=CARTESIAN_POINT('',(235.687994434,-40.806191805,-0.06));
#14120=DIRECTION('',(-0.,-0.,-1.));
#14121=DIRECTION('',(1.,0.,-0.));
#14122=AXIS2_PLACEMENT_3D('',#14119,#14120,#14121);
#14123=CIRCLE('',#14122,32.078029865);
#14124=EDGE_CURVE('',#14110,#14118,#14123,.T.);
#14125=ORIENTED_EDGE('',*,*,#14124,.T.);
#14126=CARTESIAN_POINT('',(267.766024299,-221.020615862,-0.06));
#14127=VERTEX_POINT('',#14126);
#14128=CARTESIAN_POINT('',(267.766024299,-40.806191805,-0.06));
#14129=DIRECTION('',(0.,-1.,0.));
#14130=VECTOR('',#14129,180.214424057);
#14131=LINE('',#14128,#14130);
#14132=EDGE_CURVE('',#14118,#14127,#14131,.T.);
#14133=ORIENTED_EDGE('',*,*,#14132,.T.);
#14134=CARTESIAN_POINT('',(179.182233998,-221.020615862,-0.06));
#14135=VERTEX_POINT('',#14134);
#14136=CARTESIAN_POINT('',(267.766024299,-221.020615862,-0.06));
#14137=DIRECTION('',(-1.,0.,0.));
#14138=VECTOR('',#14137,88.583790301);
#14139=LINE('',#14136,#14138);
#14140=EDGE_CURVE('',#14127,#14135,#14139,.T.);
#14141=ORIENTED_EDGE('',*,*,#14140,.T.);
#14142=CARTESIAN_POINT('',(179.182233998,-185.817666426,-0.06));
#14143=DIRECTION('',(0.,-1.,0.));
#14144=VECTOR('',#14143,35.202949435);
#14145=LINE('',#14142,#14144);
#14146=EDGE_CURVE('',#2853,#14135,#14145,.T.);
#14147=ORIENTED_EDGE('',*,*,#14146,.F.);
#14148=ORIENTED_EDGE('',*,*,#2873,.F.);
#14149=ORIENTED_EDGE('',*,*,#8926,.F.);
#14150=ORIENTED_EDGE('',*,*,#8904,.F.);
#14151=ORIENTED_EDGE('',*,*,#8880,.F.);
#14152=ORIENTED_EDGE('',*,*,#8856,.F.);
#14153=ORIENTED_EDGE('',*,*,#8832,.F.);
#14154=ORIENTED_EDGE('',*,*,#8808,.F.);
#14155=ORIENTED_EDGE('',*,*,#8784,.F.);
#14156=ORIENTED_EDGE('',*,*,#8760,.F.);
#14157=ORIENTED_EDGE('',*,*,#8736,.F.);
#14158=ORIENTED_EDGE('',*,*,#8712,.F.);
#14159=ORIENTED_EDGE('',*,*,#8688,.F.);
#14160=ORIENTED_EDGE('',*,*,#8664,.F.);
#14161=ORIENTED_EDGE('',*,*,#8640,.F.);
#14162=ORIENTED_EDGE('',*,*,#8616,.F.);
#14163=ORIENTED_EDGE('',*,*,#8592,.F.);
#14164=ORIENTED_EDGE('',*,*,#8568,.F.);
#14165=ORIENTED_EDGE('',*,*,#8544,.F.);
#14166=ORIENTED_EDGE('',*,*,#8520,.F.);
#14167=ORIENTED_EDGE('',*,*,#8496,.F.);
#14168=ORIENTED_EDGE('',*,*,#8472,.F.);
#14169=ORIENTED_EDGE('',*,*,#8448,.F.);
#14170=ORIENTED_EDGE('',*,*,#8424,.F.);
#14171=ORIENTED_EDGE('',*,*,#8400,.F.);
#14172=ORIENTED_EDGE('',*,*,#8376,.F.);
#14173=ORIENTED_EDGE('',*,*,#8352,.F.);
#14174=ORIENTED_EDGE('',*,*,#8328,.F.);
#14175=ORIENTED_EDGE('',*,*,#8304,.F.);
#14176=ORIENTED_EDGE('',*,*,#8280,.F.);
#14177=ORIENTED_EDGE('',*,*,#8256,.F.);
#14178=ORIENTED_EDGE('',*,*,#8232,.F.);
#14179=ORIENTED_EDGE('',*,*,#8208,.F.);
#14180=ORIENTED_EDGE('',*,*,#8184,.F.);
#14181=ORIENTED_EDGE('',*,*,#8160,.F.);
#14182=ORIENTED_EDGE('',*,*,#8136,.F.);
#14183=ORIENTED_EDGE('',*,*,#8112,.F.);
#14184=ORIENTED_EDGE('',*,*,#8088,.F.);
#14185=ORIENTED_EDGE('',*,*,#8064,.F.);
#14186=ORIENTED_EDGE('',*,*,#8040,.F.);
#14187=ORIENTED_EDGE('',*,*,#8016,.F.);
#14188=ORIENTED_EDGE('',*,*,#7992,.F.);
#14189=ORIENTED_EDGE('',*,*,#7968,.F.);
#14190=ORIENTED_EDGE('',*,*,#7944,.F.);
#14191=ORIENTED_EDGE('',*,*,#7920,.F.);
#14192=ORIENTED_EDGE('',*,*,#7896,.F.);
#14193=ORIENTED_EDGE('',*,*,#7872,.F.);
#14194=ORIENTED_EDGE('',*,*,#7848,.F.);
#14195=ORIENTED_EDGE('',*,*,#7824,.F.);
#14196=ORIENTED_EDGE('',*,*,#7800,.F.);
#14197=ORIENTED_EDGE('',*,*,#7776,.F.);
#14198=ORIENTED_EDGE('',*,*,#7752,.F.);
#14199=ORIENTED_EDGE('',*,*,#7728,.F.);
#14200=ORIENTED_EDGE('',*,*,#7704,.F.);
#14201=ORIENTED_EDGE('',*,*,#7680,.F.);
#14202=ORIENTED_EDGE('',*,*,#7656,.F.);
#14203=ORIENTED_EDGE('',*,*,#7632,.F.);
#14204=ORIENTED_EDGE('',*,*,#7608,.F.);
#14205=ORIENTED_EDGE('',*,*,#7584,.F.);
#14206=ORIENTED_EDGE('',*,*,#7560,.F.);
#14207=ORIENTED_EDGE('',*,*,#7536,.F.);
#14208=ORIENTED_EDGE('',*,*,#7512,.F.);
#14209=ORIENTED_EDGE('',*,*,#7488,.F.);
#14210=ORIENTED_EDGE('',*,*,#7464,.F.);
#14211=ORIENTED_EDGE('',*,*,#7440,.F.);
#14212=ORIENTED_EDGE('',*,*,#7416,.F.);
#14213=ORIENTED_EDGE('',*,*,#7392,.F.);
#14214=ORIENTED_EDGE('',*,*,#7368,.F.);
#14215=ORIENTED_EDGE('',*,*,#7344,.F.);
#14216=ORIENTED_EDGE('',*,*,#7320,.F.);
#14217=ORIENTED_EDGE('',*,*,#7296,.F.);
#14218=ORIENTED_EDGE('',*,*,#7272,.F.);
#14219=ORIENTED_EDGE('',*,*,#7248,.F.);
#14220=ORIENTED_EDGE('',*,*,#7226,.F.);
#14221=ORIENTED_EDGE('',*,*,#7201,.F.);
#14222=ORIENTED_EDGE('',*,*,#7169,.F.);
#14223=ORIENTED_EDGE('',*,*,#7137,.F.);
#14224=ORIENTED_EDGE('',*,*,#7105,.F.);
#14225=ORIENTED_EDGE('',*,*,#7073,.F.);
#14226=ORIENTED_EDGE('',*,*,#7041,.F.);
#14227=ORIENTED_EDGE('',*,*,#7009,.F.);
#14228=ORIENTED_EDGE('',*,*,#6977,.F.);
#14229=ORIENTED_EDGE('',*,*,#6945,.F.);
#14230=ORIENTED_EDGE('',*,*,#6913,.F.);
#14231=ORIENTED_EDGE('',*,*,#6881,.F.);
#14232=ORIENTED_EDGE('',*,*,#6849,.F.);
#14233=ORIENTED_EDGE('',*,*,#6817,.F.);
#14234=ORIENTED_EDGE('',*,*,#6785,.F.);
#14235=ORIENTED_EDGE('',*,*,#6753,.F.);
#14236=ORIENTED_EDGE('',*,*,#6721,.F.);
#14237=ORIENTED_EDGE('',*,*,#6689,.F.);
#14238=ORIENTED_EDGE('',*,*,#6657,.F.);
#14239=ORIENTED_EDGE('',*,*,#6625,.F.);
#14240=ORIENTED_EDGE('',*,*,#6593,.F.);
#14241=ORIENTED_EDGE('',*,*,#6561,.F.);
#14242=ORIENTED_EDGE('',*,*,#6529,.F.);
#14243=ORIENTED_EDGE('',*,*,#6497,.F.);
#14244=ORIENTED_EDGE('',*,*,#6465,.F.);
#14245=ORIENTED_EDGE('',*,*,#6433,.F.);
#14246=ORIENTED_EDGE('',*,*,#6401,.F.);
#14247=ORIENTED_EDGE('',*,*,#6369,.F.);
#14248=ORIENTED_EDGE('',*,*,#6328,.F.);
#14249=ORIENTED_EDGE('',*,*,#6304,.F.);
#14250=ORIENTED_EDGE('',*,*,#6280,.F.);
#14251=ORIENTED_EDGE('',*,*,#6256,.F.);
#14252=ORIENTED_EDGE('',*,*,#6232,.F.);
#14253=ORIENTED_EDGE('',*,*,#6208,.F.);
#14254=ORIENTED_EDGE('',*,*,#6184,.F.);
#14255=ORIENTED_EDGE('',*,*,#6160,.F.);
#14256=ORIENTED_EDGE('',*,*,#6136,.F.);
#14257=ORIENTED_EDGE('',*,*,#6112,.F.);
#14258=ORIENTED_EDGE('',*,*,#6088,.F.);
#14259=ORIENTED_EDGE('',*,*,#6064,.F.);
#14260=ORIENTED_EDGE('',*,*,#6040,.F.);
#14261=ORIENTED_EDGE('',*,*,#6016,.F.);
#14262=ORIENTED_EDGE('',*,*,#5992,.F.);
#14263=ORIENTED_EDGE('',*,*,#5968,.F.);
#14264=ORIENTED_EDGE('',*,*,#5944,.F.);
#14265=ORIENTED_EDGE('',*,*,#5920,.F.);
#14266=ORIENTED_EDGE('',*,*,#5896,.F.);
#14267=ORIENTED_EDGE('',*,*,#5872,.F.);
#14268=ORIENTED_EDGE('',*,*,#5848,.F.);
#14269=ORIENTED_EDGE('',*,*,#5824,.F.);
#14270=ORIENTED_EDGE('',*,*,#5800,.F.);
#14271=ORIENTED_EDGE('',*,*,#5776,.F.);
#14272=ORIENTED_EDGE('',*,*,#5752,.F.);
#14273=ORIENTED_EDGE('',*,*,#5728,.F.);
#14274=ORIENTED_EDGE('',*,*,#5704,.F.);
#14275=ORIENTED_EDGE('',*,*,#5680,.F.);
#14276=ORIENTED_EDGE('',*,*,#5656,.F.);
#14277=ORIENTED_EDGE('',*,*,#5632,.F.);
#14278=ORIENTED_EDGE('',*,*,#5608,.F.);
#14279=ORIENTED_EDGE('',*,*,#5584,.F.);
#14280=ORIENTED_EDGE('',*,*,#5560,.F.);
#14281=ORIENTED_EDGE('',*,*,#5536,.F.);
#14282=ORIENTED_EDGE('',*,*,#5512,.F.);
#14283=ORIENTED_EDGE('',*,*,#5488,.F.);
#14284=ORIENTED_EDGE('',*,*,#5464,.F.);
#14285=ORIENTED_EDGE('',*,*,#5440,.F.);
#14286=ORIENTED_EDGE('',*,*,#5416,.F.);
#14287=ORIENTED_EDGE('',*,*,#5392,.F.);
#14288=ORIENTED_EDGE('',*,*,#5368,.F.);
#14289=ORIENTED_EDGE('',*,*,#5344,.F.);
#14290=ORIENTED_EDGE('',*,*,#5320,.F.);
#14291=ORIENTED_EDGE('',*,*,#5296,.F.);
#14292=ORIENTED_EDGE('',*,*,#5272,.F.);
#14293=ORIENTED_EDGE('',*,*,#5248,.F.);
#14294=ORIENTED_EDGE('',*,*,#5224,.F.);
#14295=ORIENTED_EDGE('',*,*,#5200,.F.);
#14296=ORIENTED_EDGE('',*,*,#5176,.F.);
#14297=ORIENTED_EDGE('',*,*,#5152,.F.);
#14298=ORIENTED_EDGE('',*,*,#5128,.F.);
#14299=ORIENTED_EDGE('',*,*,#5104,.F.);
#14300=ORIENTED_EDGE('',*,*,#5080,.F.);
#14301=ORIENTED_EDGE('',*,*,#5056,.F.);
#14302=ORIENTED_EDGE('',*,*,#5032,.F.);
#14303=ORIENTED_EDGE('',*,*,#5008,.F.);
#14304=ORIENTED_EDGE('',*,*,#4984,.F.);
#14305=ORIENTED_EDGE('',*,*,#4960,.F.);
#14306=ORIENTED_EDGE('',*,*,#4936,.F.);
#14307=ORIENTED_EDGE('',*,*,#4912,.F.);
#14308=ORIENTED_EDGE('',*,*,#4888,.F.);
#14309=ORIENTED_EDGE('',*,*,#4864,.F.);
#14310=ORIENTED_EDGE('',*,*,#4840,.F.);
#14311=ORIENTED_EDGE('',*,*,#4816,.F.);
#14312=ORIENTED_EDGE('',*,*,#4792,.F.);
#14313=ORIENTED_EDGE('',*,*,#4768,.F.);
#14314=ORIENTED_EDGE('',*,*,#4744,.F.);
#14315=ORIENTED_EDGE('',*,*,#4720,.F.);
#14316=ORIENTED_EDGE('',*,*,#4696,.F.);
#14317=ORIENTED_EDGE('',*,*,#4672,.F.);
#14318=ORIENTED_EDGE('',*,*,#4648,.F.);
#14319=ORIENTED_EDGE('',*,*,#4624,.F.);
#14320=ORIENTED_EDGE('',*,*,#4600,.F.);
#14321=ORIENTED_EDGE('',*,*,#4576,.F.);
#14322=ORIENTED_EDGE('',*,*,#4552,.F.);
#14323=ORIENTED_EDGE('',*,*,#4528,.F.);
#14324=ORIENTED_EDGE('',*,*,#4504,.F.);
#14325=ORIENTED_EDGE('',*,*,#4480,.F.);
#14326=ORIENTED_EDGE('',*,*,#4456,.F.);
#14327=ORIENTED_EDGE('',*,*,#4432,.F.);
#14328=ORIENTED_EDGE('',*,*,#4408,.F.);
#14329=ORIENTED_EDGE('',*,*,#4384,.F.);
#14330=ORIENTED_EDGE('',*,*,#4360,.F.);
#14331=ORIENTED_EDGE('',*,*,#4336,.F.);
#14332=ORIENTED_EDGE('',*,*,#4312,.F.);
#14333=ORIENTED_EDGE('',*,*,#4288,.F.);
#14334=ORIENTED_EDGE('',*,*,#4264,.F.);
#14335=ORIENTED_EDGE('',*,*,#4240,.F.);
#14336=ORIENTED_EDGE('',*,*,#4216,.F.);
#14337=ORIENTED_EDGE('',*,*,#4192,.F.);
#14338=ORIENTED_EDGE('',*,*,#4168,.F.);
#14339=ORIENTED_EDGE('',*,*,#4144,.F.);
#14340=ORIENTED_EDGE('',*,*,#4120,.F.);
#14341=ORIENTED_EDGE('',*,*,#4096,.F.);
#14342=ORIENTED_EDGE('',*,*,#4072,.F.);
#14343=ORIENTED_EDGE('',*,*,#4048,.F.);
#14344=ORIENTED_EDGE('',*,*,#4024,.F.);
#14345=ORIENTED_EDGE('',*,*,#4000,.F.);
#14346=ORIENTED_EDGE('',*,*,#3976,.F.);
#14347=ORIENTED_EDGE('',*,*,#3952,.F.);
#14348=ORIENTED_EDGE('',*,*,#3928,.F.);
#14349=ORIENTED_EDGE('',*,*,#3904,.F.);
#14350=ORIENTED_EDGE('',*,*,#3880,.F.);
#14351=ORIENTED_EDGE('',*,*,#3856,.F.);
#14352=ORIENTED_EDGE('',*,*,#3832,.F.);
#14353=ORIENTED_EDGE('',*,*,#3808,.F.);
#14354=ORIENTED_EDGE('',*,*,#3784,.F.);
#14355=ORIENTED_EDGE('',*,*,#3760,.F.);
#14356=ORIENTED_EDGE('',*,*,#3736,.F.);
#14357=ORIENTED_EDGE('',*,*,#3712,.F.);
#14358=ORIENTED_EDGE('',*,*,#3688,.F.);
#14359=ORIENTED_EDGE('',*,*,#3664,.F.);
#14360=ORIENTED_EDGE('',*,*,#3640,.F.);
#14361=ORIENTED_EDGE('',*,*,#3616,.F.);
#14362=ORIENTED_EDGE('',*,*,#3592,.F.);
#14363=ORIENTED_EDGE('',*,*,#3568,.F.);
#14364=ORIENTED_EDGE('',*,*,#3544,.F.);
#14365=ORIENTED_EDGE('',*,*,#3520,.F.);
#14366=ORIENTED_EDGE('',*,*,#3496,.F.);
#14367=ORIENTED_EDGE('',*,*,#3472,.F.);
#14368=ORIENTED_EDGE('',*,*,#3448,.F.);
#14369=ORIENTED_EDGE('',*,*,#3424,.F.);
#14370=ORIENTED_EDGE('',*,*,#3400,.F.);
#14371=ORIENTED_EDGE('',*,*,#3376,.F.);
#14372=ORIENTED_EDGE('',*,*,#3352,.F.);
#14373=ORIENTED_EDGE('',*,*,#3328,.F.);
#14374=ORIENTED_EDGE('',*,*,#3304,.F.);
#14375=ORIENTED_EDGE('',*,*,#3280,.F.);
#14376=ORIENTED_EDGE('',*,*,#3256,.F.);
#14377=ORIENTED_EDGE('',*,*,#3232,.F.);
#14378=ORIENTED_EDGE('',*,*,#3208,.F.);
#14379=ORIENTED_EDGE('',*,*,#3184,.F.);
#14380=ORIENTED_EDGE('',*,*,#3160,.F.);
#14381=ORIENTED_EDGE('',*,*,#3136,.F.);
#14382=ORIENTED_EDGE('',*,*,#3112,.F.);
#14383=ORIENTED_EDGE('',*,*,#3088,.F.);
#14384=ORIENTED_EDGE('',*,*,#3064,.F.);
#14385=ORIENTED_EDGE('',*,*,#3040,.F.);
#14386=ORIENTED_EDGE('',*,*,#3016,.F.);
#14387=ORIENTED_EDGE('',*,*,#2992,.F.);
#14388=ORIENTED_EDGE('',*,*,#2968,.F.);
#14389=ORIENTED_EDGE('',*,*,#2944,.F.);
#14390=ORIENTED_EDGE('',*,*,#2920,.F.);
#14391=ORIENTED_EDGE('',*,*,#2891,.F.);
#14392=ORIENTED_EDGE('',*,*,#14021,.F.);
#14393=ORIENTED_EDGE('',*,*,#13999,.F.);
#14394=ORIENTED_EDGE('',*,*,#13975,.F.);
#14395=ORIENTED_EDGE('',*,*,#13951,.F.);
#14396=ORIENTED_EDGE('',*,*,#13927,.F.);
#14397=ORIENTED_EDGE('',*,*,#13903,.F.);
#14398=ORIENTED_EDGE('',*,*,#13879,.F.);
#14399=ORIENTED_EDGE('',*,*,#13855,.F.);
#14400=ORIENTED_EDGE('',*,*,#13831,.F.);
#14401=ORIENTED_EDGE('',*,*,#13807,.F.);
#14402=ORIENTED_EDGE('',*,*,#13783,.F.);
#14403=ORIENTED_EDGE('',*,*,#13759,.F.);
#14404=ORIENTED_EDGE('',*,*,#13735,.F.);
#14405=ORIENTED_EDGE('',*,*,#13713,.F.);
#14406=ORIENTED_EDGE('',*,*,#13688,.F.);
#14407=ORIENTED_EDGE('',*,*,#13656,.F.);
#14408=ORIENTED_EDGE('',*,*,#13624,.F.);
#14409=ORIENTED_EDGE('',*,*,#13592,.F.);
#14410=ORIENTED_EDGE('',*,*,#13560,.F.);
#14411=ORIENTED_EDGE('',*,*,#13528,.F.);
#14412=ORIENTED_EDGE('',*,*,#13496,.F.);
#14413=ORIENTED_EDGE('',*,*,#13464,.F.);
#14414=ORIENTED_EDGE('',*,*,#13432,.F.);
#14415=ORIENTED_EDGE('',*,*,#13400,.F.);
#14416=ORIENTED_EDGE('',*,*,#13368,.F.);
#14417=ORIENTED_EDGE('',*,*,#13336,.F.);
#14418=ORIENTED_EDGE('',*,*,#13304,.F.);
#14419=ORIENTED_EDGE('',*,*,#13272,.F.);
#14420=ORIENTED_EDGE('',*,*,#13240,.F.);
#14421=ORIENTED_EDGE('',*,*,#13208,.F.);
#14422=ORIENTED_EDGE('',*,*,#13176,.F.);
#14423=ORIENTED_EDGE('',*,*,#13144,.F.);
#14424=ORIENTED_EDGE('',*,*,#13112,.F.);
#14425=ORIENTED_EDGE('',*,*,#13080,.F.);
#14426=ORIENTED_EDGE('',*,*,#13048,.F.);
#14427=ORIENTED_EDGE('',*,*,#13016,.F.);
#14428=ORIENTED_EDGE('',*,*,#12984,.F.);
#14429=ORIENTED_EDGE('',*,*,#12952,.F.);
#14430=ORIENTED_EDGE('',*,*,#12920,.F.);
#14431=ORIENTED_EDGE('',*,*,#12888,.F.);
#14432=ORIENTED_EDGE('',*,*,#12847,.F.);
#14433=ORIENTED_EDGE('',*,*,#12823,.F.);
#14434=ORIENTED_EDGE('',*,*,#12799,.F.);
#14435=ORIENTED_EDGE('',*,*,#12775,.F.);
#14436=ORIENTED_EDGE('',*,*,#12751,.F.);
#14437=ORIENTED_EDGE('',*,*,#12727,.F.);
#14438=ORIENTED_EDGE('',*,*,#12703,.F.);
#14439=ORIENTED_EDGE('',*,*,#12679,.F.);
#14440=ORIENTED_EDGE('',*,*,#12655,.F.);
#14441=ORIENTED_EDGE('',*,*,#12631,.F.);
#14442=ORIENTED_EDGE('',*,*,#12607,.F.);
#14443=ORIENTED_EDGE('',*,*,#12583,.F.);
#14444=ORIENTED_EDGE('',*,*,#12559,.F.);
#14445=ORIENTED_EDGE('',*,*,#12535,.F.);
#14446=ORIENTED_EDGE('',*,*,#12511,.F.);
#14447=ORIENTED_EDGE('',*,*,#12487,.F.);
#14448=ORIENTED_EDGE('',*,*,#12463,.F.);
#14449=ORIENTED_EDGE('',*,*,#12439,.F.);
#14450=ORIENTED_EDGE('',*,*,#12415,.F.);
#14451=ORIENTED_EDGE('',*,*,#12391,.F.);
#14452=ORIENTED_EDGE('',*,*,#12367,.F.);
#14453=ORIENTED_EDGE('',*,*,#12343,.F.);
#14454=ORIENTED_EDGE('',*,*,#12319,.F.);
#14455=ORIENTED_EDGE('',*,*,#12295,.F.);
#14456=ORIENTED_EDGE('',*,*,#12271,.F.);
#14457=ORIENTED_EDGE('',*,*,#12247,.F.);
#14458=ORIENTED_EDGE('',*,*,#12223,.F.);
#14459=ORIENTED_EDGE('',*,*,#12199,.F.);
#14460=ORIENTED_EDGE('',*,*,#12175,.F.);
#14461=ORIENTED_EDGE('',*,*,#12151,.F.);
#14462=ORIENTED_EDGE('',*,*,#12127,.F.);
#14463=ORIENTED_EDGE('',*,*,#12103,.F.);
#14464=ORIENTED_EDGE('',*,*,#12079,.F.);
#14465=ORIENTED_EDGE('',*,*,#12055,.F.);
#14466=ORIENTED_EDGE('',*,*,#12031,.F.);
#14467=ORIENTED_EDGE('',*,*,#12007,.F.);
#14468=ORIENTED_EDGE('',*,*,#11983,.F.);
#14469=ORIENTED_EDGE('',*,*,#11959,.F.);
#14470=ORIENTED_EDGE('',*,*,#11935,.F.);
#14471=ORIENTED_EDGE('',*,*,#11911,.F.);
#14472=ORIENTED_EDGE('',*,*,#11887,.F.);
#14473=ORIENTED_EDGE('',*,*,#11863,.F.);
#14474=ORIENTED_EDGE('',*,*,#11839,.F.);
#14475=ORIENTED_EDGE('',*,*,#11815,.F.);
#14476=ORIENTED_EDGE('',*,*,#11791,.F.);
#14477=ORIENTED_EDGE('',*,*,#11767,.F.);
#14478=ORIENTED_EDGE('',*,*,#11743,.F.);
#14479=ORIENTED_EDGE('',*,*,#11719,.F.);
#14480=ORIENTED_EDGE('',*,*,#11695,.F.);
#14481=ORIENTED_EDGE('',*,*,#11671,.F.);
#14482=ORIENTED_EDGE('',*,*,#11647,.F.);
#14483=ORIENTED_EDGE('',*,*,#11623,.F.);
#14484=ORIENTED_EDGE('',*,*,#11599,.F.);
#14485=ORIENTED_EDGE('',*,*,#11575,.F.);
#14486=ORIENTED_EDGE('',*,*,#11551,.F.);
#14487=ORIENTED_EDGE('',*,*,#11527,.F.);
#14488=ORIENTED_EDGE('',*,*,#11503,.F.);
#14489=ORIENTED_EDGE('',*,*,#11479,.F.);
#14490=ORIENTED_EDGE('',*,*,#11455,.F.);
#14491=ORIENTED_EDGE('',*,*,#11431,.F.);
#14492=ORIENTED_EDGE('',*,*,#11407,.F.);
#14493=ORIENTED_EDGE('',*,*,#11383,.F.);
#14494=ORIENTED_EDGE('',*,*,#11359,.F.);
#14495=ORIENTED_EDGE('',*,*,#11335,.F.);
#14496=ORIENTED_EDGE('',*,*,#11311,.F.);
#14497=ORIENTED_EDGE('',*,*,#11287,.F.);
#14498=ORIENTED_EDGE('',*,*,#11265,.F.);
#14499=ORIENTED_EDGE('',*,*,#11240,.F.);
#14500=ORIENTED_EDGE('',*,*,#11208,.F.);
#14501=ORIENTED_EDGE('',*,*,#11176,.F.);
#14502=ORIENTED_EDGE('',*,*,#11144,.F.);
#14503=ORIENTED_EDGE('',*,*,#11112,.F.);
#14504=ORIENTED_EDGE('',*,*,#11080,.F.);
#14505=ORIENTED_EDGE('',*,*,#11048,.F.);
#14506=ORIENTED_EDGE('',*,*,#11016,.F.);
#14507=ORIENTED_EDGE('',*,*,#10984,.F.);
#14508=ORIENTED_EDGE('',*,*,#10952,.F.);
#14509=ORIENTED_EDGE('',*,*,#10920,.F.);
#14510=ORIENTED_EDGE('',*,*,#10888,.F.);
#14511=ORIENTED_EDGE('',*,*,#10856,.F.);
#14512=ORIENTED_EDGE('',*,*,#10824,.F.);
#14513=ORIENTED_EDGE('',*,*,#10792,.F.);
#14514=ORIENTED_EDGE('',*,*,#10760,.F.);
#14515=ORIENTED_EDGE('',*,*,#10728,.F.);
#14516=ORIENTED_EDGE('',*,*,#10696,.F.);
#14517=ORIENTED_EDGE('',*,*,#10664,.F.);
#14518=ORIENTED_EDGE('',*,*,#10632,.F.);
#14519=ORIENTED_EDGE('',*,*,#10600,.F.);
#14520=ORIENTED_EDGE('',*,*,#10568,.F.);
#14521=ORIENTED_EDGE('',*,*,#10536,.F.);
#14522=ORIENTED_EDGE('',*,*,#10504,.F.);
#14523=ORIENTED_EDGE('',*,*,#10472,.F.);
#14524=ORIENTED_EDGE('',*,*,#10440,.F.);
#14525=ORIENTED_EDGE('',*,*,#10408,.F.);
#14526=ORIENTED_EDGE('',*,*,#10376,.F.);
#14527=ORIENTED_EDGE('',*,*,#10344,.F.);
#14528=ORIENTED_EDGE('',*,*,#10312,.F.);
#14529=ORIENTED_EDGE('',*,*,#10280,.F.);
#14530=ORIENTED_EDGE('',*,*,#10225,.F.);
#14531=ORIENTED_EDGE('',*,*,#10194,.F.);
#14532=ORIENTED_EDGE('',*,*,#10163,.F.);
#14533=ORIENTED_EDGE('',*,*,#10132,.F.);
#14534=ORIENTED_EDGE('',*,*,#10101,.F.);
#14535=ORIENTED_EDGE('',*,*,#10070,.F.);
#14536=ORIENTED_EDGE('',*,*,#10039,.F.);
#14537=ORIENTED_EDGE('',*,*,#10008,.F.);
#14538=ORIENTED_EDGE('',*,*,#9977,.F.);
#14539=ORIENTED_EDGE('',*,*,#9946,.F.);
#14540=ORIENTED_EDGE('',*,*,#9915,.F.);
#14541=ORIENTED_EDGE('',*,*,#9884,.F.);
#14542=ORIENTED_EDGE('',*,*,#9853,.F.);
#14543=ORIENTED_EDGE('',*,*,#9822,.F.);
#14544=ORIENTED_EDGE('',*,*,#9791,.F.);
#14545=ORIENTED_EDGE('',*,*,#9760,.F.);
#14546=ORIENTED_EDGE('',*,*,#9729,.F.);
#14547=ORIENTED_EDGE('',*,*,#9698,.F.);
#14548=ORIENTED_EDGE('',*,*,#9667,.F.);
#14549=ORIENTED_EDGE('',*,*,#9636,.F.);
#14550=ORIENTED_EDGE('',*,*,#9605,.F.);
#14551=ORIENTED_EDGE('',*,*,#9574,.F.);
#14552=ORIENTED_EDGE('',*,*,#9543,.F.);
#14553=ORIENTED_EDGE('',*,*,#9512,.F.);
#14554=ORIENTED_EDGE('',*,*,#9481,.F.);
#14555=ORIENTED_EDGE('',*,*,#9450,.F.);
#14556=ORIENTED_EDGE('',*,*,#9419,.F.);
#14557=ORIENTED_EDGE('',*,*,#9388,.F.);
#14558=ORIENTED_EDGE('',*,*,#9357,.F.);
#14559=ORIENTED_EDGE('',*,*,#9326,.F.);
#14560=ORIENTED_EDGE('',*,*,#9295,.F.);
#14561=ORIENTED_EDGE('',*,*,#9264,.F.);
#14562=ORIENTED_EDGE('',*,*,#9233,.F.);
#14563=ORIENTED_EDGE('',*,*,#9202,.F.);
#14564=ORIENTED_EDGE('',*,*,#9171,.F.);
#14565=ORIENTED_EDGE('',*,*,#9140,.F.);
#14566=ORIENTED_EDGE('',*,*,#9109,.F.);
#14567=ORIENTED_EDGE('',*,*,#9078,.F.);
#14568=ORIENTED_EDGE('',*,*,#9047,.F.);
#14569=ORIENTED_EDGE('',*,*,#9016,.F.);
#14570=ORIENTED_EDGE('',*,*,#8985,.F.);
#14571=ORIENTED_EDGE('',*,*,#8963,.F.);
#14572=CARTESIAN_POINT('',(147.872233998,-221.020615862,-0.06));
#14573=VERTEX_POINT('',#14572);
#14574=CARTESIAN_POINT('',(147.872233998,-221.020615862,-0.06));
#14575=DIRECTION('',(0.,1.,0.));
#14576=VECTOR('',#14575,37.527689889);
#14577=LINE('',#14574,#14576);
#14578=EDGE_CURVE('',#14573,#8950,#14577,.T.);
#14579=ORIENTED_EDGE('',*,*,#14578,.F.);
#14580=CARTESIAN_POINT('',(53.787176185,-221.020615862,-0.06));
#14581=VERTEX_POINT('',#14580);
#14582=CARTESIAN_POINT('',(147.872233998,-221.020615862,-0.06));
#14583=DIRECTION('',(-1.,0.,0.));
#14584=VECTOR('',#14583,94.085057813);
#14585=LINE('',#14582,#14584);
#14586=EDGE_CURVE('',#14573,#14581,#14585,.T.);
#14587=ORIENTED_EDGE('',*,*,#14586,.T.);
#14588=CARTESIAN_POINT('',(53.787176185,-40.806191805,-0.06));
#14589=VERTEX_POINT('',#14588);
#14590=CARTESIAN_POINT('',(53.787176185,-221.020615862,-0.06));
#14591=DIRECTION('',(0.,1.,0.));
#14592=VECTOR('',#14591,180.214424057);
#14593=LINE('',#14590,#14592);
#14594=EDGE_CURVE('',#14581,#14589,#14593,.T.);
#14595=ORIENTED_EDGE('',*,*,#14594,.T.);
#14596=CARTESIAN_POINT('',(85.865206049,-40.806191805,-0.06));
#14597=DIRECTION('',(-0.,-0.,-1.));
#14598=DIRECTION('',(1.,0.,-0.));
#14599=AXIS2_PLACEMENT_3D('',#14596,#14597,#14598);
#14600=CIRCLE('',#14599,32.078029865);
#14601=EDGE_CURVE('',#14589,#14108,#14600,.T.);
#14602=ORIENTED_EDGE('',*,*,#14601,.T.);
#14603=EDGE_LOOP('',(#14116,#14125,#14133,#14141,#14147,#14148,#14149,#14150,#14151,#14152,#14153,#14154,#14155,#14156,#14157,#14158,#14159,#14160,#14161,#14162,#14163,#14164,#14165,#14166,#14167,#14168,
#14169,#14170,#14171,#14172,#14173,#14174,#14175,#14176,#14177,#14178,#14179,#14180,#14181,#14182,#14183,#14184,#14185,#14186,#14187,#14188,#14189,#14190,#14191,#14192,#14193,
#14194,#14195,#14196,#14197,#14198,#14199,#14200,#14201,#14202,#14203,#14204,#14205,#14206,#14207,#14208,#14209,#14210,#14211,#14212,#14213,#14214,#14215,#14216,#14217,#14218,
#14219,#14220,#14221,#14222,#14223,#14224,#14225,#14226,#14227,#14228,#14229,#14230,#14231,#14232,#14233,#14234,#14235,#14236,#14237,#14238,#14239,#14240,#14241,#14242,#14243,
#14244,#14245,#14246,#14247,#14248,#14249,#14250,#14251,#14252,#14253,#14254,#14255,#14256,#14257,#14258,#14259,#14260,#14261,#14262,#14263,#14264,#14265,#14266,#14267,#14268,
#14269,#14270,#14271,#14272,#14273,#14274,#14275,#14276,#14277,#14278,#14279,#14280,#14281,#14282,#14283,#14284,#14285,#14286,#14287,#14288,#14289,#14290,#14291,#14292,#14293,
#14294,#14295,#14296,#14297,#14298,#14299,#14300,#14301,#14302,#14303,#14304,#14305,#14306,#14307,#14308,#14309,#14310,#14311,#14312,#14313,#14314,#14315,#14316,#14317,#14318,
#14319,#14320,#14321,#14322,#14323,#14324,#14325,#14326,#14327,#14328,#14329,#14330,#14331,#14332,#14333,#14334,#14335,#14336,#14337,#14338,#14339,#14340,#14341,#14342,#14343,
#14344,#14345,#14346,#14347,#14348,#14349,#14350,#14351,#14352,#14353,#14354,#14355,#14356,#14357,#14358,#14359,#14360,#14361,#14362,#14363,#14364,#14365,#14366,#14367,#14368,
#14369,#14370,#14371,#14372,#14373,#14374,#14375,#14376,#14377,#14378,#14379,#14380,#14381,#14382,#14383,#14384,#14385,#14386,#14387,#14388,#14389,#14390,#14391,#14392,#14393,
#14394,#14395,#14396,#14397,#14398,#14399,#14400,#14401,#14402,#14403,#14404,#14405,#14406,#14407,#14408,#14409,#14410,#14411,#14412,#14413,#14414,#14415,#14416,#14417,#14418,
#14419,#14420,#14421,#14422,#14423,#14424,#14425,#14426,#14427,#14428,#14429,#14430,#14431,#14432,#14433,#14434,#14435,#14436,#14437,#14438,#14439,#14440,#14441,#14442,#14443,
#14444,#14445,#14446,#14447,#14448,#14449,#14450,#14451,#14452,#14453,#14454,#14455,#14456,#14457,#14458,#14459,#14460,#14461,#14462,#14463,#14464,#14465,#14466,#14467,#14468,
#14469,#14470,#14471,#14472,#14473,#14474,#14475,#14476,#14477,#14478,#14479,#14480,#14481,#14482,#14483,#14484,#14485,#14486,#14487,#14488,#14489,#14490,#14491,#14492,#14493,
#14494,#14495,#14496,#14497,#14498,#14499,#14500,#14501,#14502,#14503,#14504,#14505,#14506,#14507,#14508,#14509,#14510,#14511,#14512,#14513,#14514,#14515,#14516,#14517,#14518,
#14519,#14520,#14521,#14522,#14523,#14524,#14525,#14526,#14527,#14528,#14529,#14530,#14531,#14532,#14533,#14534,#14535,#14536,#14537,#14538,#14539,#14540,#14541,#14542,#14543,
#14544,#14545,#14546,#14547,#14548,#14549,#14550,#14551,#14552,#14553,#14554,#14555,#14556,#14557,#14558,#14559,#14560,#14561,#14562,#14563,#14564,#14565,#14566,#14567,#14568,
#14569,#14570,#14571,#14579,#14587,#14595,#14602));
#14604=FACE_BOUND('',#14603,.T.);
#14605=ADVANCED_FACE('',(#14604),#14106,.F.);
#14606=CARTESIAN_POINT('',(147.872233998,-192.538723958,17.413));
#14607=DIRECTION('',(-1.,0.,0.));
#14608=DIRECTION('',(0.,0.,1.));
#14609=AXIS2_PLACEMENT_3D('',#14606,#14607,#14608);
#14610=PLANE('',#14609);
#14611=ORIENTED_EDGE('',*,*,#14055,.T.);
#14612=CARTESIAN_POINT('',(147.872233998,-188.942585997,-8.14));
#14613=DIRECTION('',(1.,-0.,-0.));
#14614=DIRECTION('',(0.,0.,1.));
#14615=AXIS2_PLACEMENT_3D('',#14612,#14613,#14614);
#14616=CIRCLE('',#14615,33.08);
#14617=EDGE_CURVE('',#14044,#14573,#14616,.T.);
#14618=ORIENTED_EDGE('',*,*,#14617,.T.);
#14619=ORIENTED_EDGE('',*,*,#14578,.T.);
#14620=ORIENTED_EDGE('',*,*,#8955,.F.);
#14621=EDGE_LOOP('',(#14611,#14618,#14619,#14620));
#14622=FACE_BOUND('',#14621,.T.);
#14623=ADVANCED_FACE('',(#14622),#14610,.F.);
#14624=CARTESIAN_POINT('',(179.182233998,-192.538723958,17.413));
#14625=DIRECTION('',(1.,0.,0.));
#14626=DIRECTION('',(0.,0.,-1.));
#14627=AXIS2_PLACEMENT_3D('',#14624,#14625,#14626);
#14628=PLANE('',#14627);
#14629=ORIENTED_EDGE('',*,*,#14146,.T.);
#14630=CARTESIAN_POINT('',(179.182233998,-188.942585997,-8.14));
#14631=DIRECTION('',(-1.,-0.,-0.));
#14632=DIRECTION('',(0.,0.,-1.));
#14633=AXIS2_PLACEMENT_3D('',#14630,#14631,#14632);
#14634=CIRCLE('',#14633,33.08);
#14635=EDGE_CURVE('',#14135,#2237,#14634,.T.);
#14636=ORIENTED_EDGE('',*,*,#14635,.T.);
#14637=ORIENTED_EDGE('',*,*,#2244,.T.);
#14638=ORIENTED_EDGE('',*,*,#2858,.T.);
#14639=EDGE_LOOP('',(#14629,#14636,#14637,#14638));
#14640=FACE_BOUND('',#14639,.T.);
#14641=ADVANCED_FACE('',(#14640),#14628,.F.);
#14642=CARTESIAN_POINT('',(235.687994434,-114.031191805,-8.14));
#14643=DIRECTION('',(0.,-1.,0.));
#14644=DIRECTION('',(0.,0.,-1.));
#14645=AXIS2_PLACEMENT_3D('',#14642,#14643,#14644);
#14646=CYLINDRICAL_SURFACE('',#14645,33.08);
#14647=ORIENTED_EDGE('',*,*,#14132,.F.);
#14648=CARTESIAN_POINT('',(235.687994434,-40.806191805,-8.14));
#14649=DIRECTION('',(0.,-1.,0.));
#14650=DIRECTION('',(0.,0.,-1.));
#14651=AXIS2_PLACEMENT_3D('',#14648,#14649,#14650);
#14652=CIRCLE('',#14651,33.08);
#14653=EDGE_CURVE('',#14118,#375,#14652,.T.);
#14654=ORIENTED_EDGE('',*,*,#14653,.T.);
#14655=ORIENTED_EDGE('',*,*,#380,.F.);
#14656=ORIENTED_EDGE('',*,*,#6361,.F.);
#14657=ORIENTED_EDGE('',*,*,#6394,.F.);
#14658=ORIENTED_EDGE('',*,*,#6426,.F.);
#14659=ORIENTED_EDGE('',*,*,#6458,.F.);
#14660=ORIENTED_EDGE('',*,*,#6490,.F.);
#14661=ORIENTED_EDGE('',*,*,#6522,.F.);
#14662=ORIENTED_EDGE('',*,*,#6554,.F.);
#14663=ORIENTED_EDGE('',*,*,#6586,.F.);
#14664=ORIENTED_EDGE('',*,*,#6618,.F.);
#14665=ORIENTED_EDGE('',*,*,#6650,.F.);
#14666=ORIENTED_EDGE('',*,*,#6682,.F.);
#14667=ORIENTED_EDGE('',*,*,#6714,.F.);
#14668=ORIENTED_EDGE('',*,*,#6746,.F.);
#14669=ORIENTED_EDGE('',*,*,#6778,.F.);
#14670=ORIENTED_EDGE('',*,*,#6810,.F.);
#14671=ORIENTED_EDGE('',*,*,#6842,.F.);
#14672=ORIENTED_EDGE('',*,*,#6874,.F.);
#14673=ORIENTED_EDGE('',*,*,#6906,.F.);
#14674=ORIENTED_EDGE('',*,*,#6938,.F.);
#14675=ORIENTED_EDGE('',*,*,#6970,.F.);
#14676=ORIENTED_EDGE('',*,*,#7002,.F.);
#14677=ORIENTED_EDGE('',*,*,#7034,.F.);
#14678=ORIENTED_EDGE('',*,*,#7066,.F.);
#14679=ORIENTED_EDGE('',*,*,#7098,.F.);
#14680=ORIENTED_EDGE('',*,*,#7130,.F.);
#14681=ORIENTED_EDGE('',*,*,#7162,.F.);
#14682=ORIENTED_EDGE('',*,*,#7194,.F.);
#14683=ORIENTED_EDGE('',*,*,#7217,.F.);
#14684=ORIENTED_EDGE('',*,*,#2260,.F.);
#14685=CARTESIAN_POINT('',(235.687994434,-188.942585997,-8.14));
#14686=DIRECTION('',(0.707106781,0.707106781,-0.));
#14687=DIRECTION('',(0.707106781,-0.707106781,0.));
#14688=AXIS2_PLACEMENT_3D('',#14685,#14686,#14687);
#14689=ELLIPSE('',#14688,46.782184643,33.08);
#14690=EDGE_CURVE('',#2247,#14127,#14689,.T.);
#14691=ORIENTED_EDGE('',*,*,#14690,.T.);
#14692=EDGE_LOOP('',(#14647,#14654,#14655,#14656,#14657,#14658,#14659,#14660,#14661,#14662,#14663,#14664,#14665,#14666,#14667,#14668,#14669,#14670,#14671,#14672,#14673,#14674,#14675,#14676,#14677,#14678,
#14679,#14680,#14681,#14682,#14683,#14684,#14691));
#14693=FACE_BOUND('',#14692,.T.);
#14694=ADVANCED_FACE('',(#14693),#14646,.T.);
#14695=CARTESIAN_POINT('',(160.776600242,-188.942585997,-8.14));
#14696=DIRECTION('',(-1.,0.,0.));
#14697=DIRECTION('',(0.,0.,1.));
#14698=AXIS2_PLACEMENT_3D('',#14695,#14696,#14697);
#14699=CYLINDRICAL_SURFACE('',#14698,33.08);
#14700=ORIENTED_EDGE('',*,*,#14049,.F.);
#14701=CARTESIAN_POINT('',(85.865206049,-188.942585997,-8.14));
#14702=DIRECTION('',(0.707106781,-0.707106781,-0.));
#14703=DIRECTION('',(-0.707106781,-0.707106781,0.));
#14704=AXIS2_PLACEMENT_3D('',#14701,#14702,#14703);
#14705=ELLIPSE('',#14704,46.782184643,33.08);
#14706=EDGE_CURVE('',#14036,#14581,#14705,.T.);
#14707=ORIENTED_EDGE('',*,*,#14706,.T.);
#14708=ORIENTED_EDGE('',*,*,#14586,.F.);
#14709=ORIENTED_EDGE('',*,*,#14617,.F.);
#14710=EDGE_LOOP('',(#14700,#14707,#14708,#14709));
#14711=FACE_BOUND('',#14710,.T.);
#14712=ADVANCED_FACE('',(#14711),#14699,.T.);
#14713=CARTESIAN_POINT('',(160.776600242,-188.942585997,-8.14));
#14714=DIRECTION('',(-1.,0.,0.));
#14715=DIRECTION('',(0.,0.,1.));
#14716=AXIS2_PLACEMENT_3D('',#14713,#14714,#14715);
#14717=CYLINDRICAL_SURFACE('',#14716,33.08);
#14718=ORIENTED_EDGE('',*,*,#14690,.F.);
#14719=ORIENTED_EDGE('',*,*,#2252,.F.);
#14720=ORIENTED_EDGE('',*,*,#14635,.F.);
#14721=ORIENTED_EDGE('',*,*,#14140,.F.);
#14722=EDGE_LOOP('',(#14718,#14719,#14720,#14721));
#14723=FACE_BOUND('',#14722,.T.);
#14724=ADVANCED_FACE('',(#14723),#14717,.T.);
#14725=CARTESIAN_POINT('',(85.865206049,-114.031191805,-8.14));
#14726=DIRECTION('',(0.,1.,0.));
#14727=DIRECTION('',(0.,-0.,1.));
#14728=AXIS2_PLACEMENT_3D('',#14725,#14726,#14727);
#14729=CYLINDRICAL_SURFACE('',#14728,33.08);
#14730=ORIENTED_EDGE('',*,*,#1692,.F.);
#14731=CARTESIAN_POINT('',(85.865206049,-40.806191805,-8.14));
#14732=DIRECTION('',(-0.,-1.,-0.));
#14733=DIRECTION('',(0.,-0.,1.));
#14734=AXIS2_PLACEMENT_3D('',#14731,#14732,#14733);
#14735=CIRCLE('',#14734,33.08);
#14736=EDGE_CURVE('',#1679,#14589,#14735,.T.);
#14737=ORIENTED_EDGE('',*,*,#14736,.T.);
#14738=ORIENTED_EDGE('',*,*,#14594,.F.);
#14739=ORIENTED_EDGE('',*,*,#14706,.F.);
#14740=ORIENTED_EDGE('',*,*,#14041,.F.);
#14741=ORIENTED_EDGE('',*,*,#10267,.F.);
#14742=ORIENTED_EDGE('',*,*,#10305,.F.);
#14743=ORIENTED_EDGE('',*,*,#10337,.F.);
#14744=ORIENTED_EDGE('',*,*,#10369,.F.);
#14745=ORIENTED_EDGE('',*,*,#10401,.F.);
#14746=ORIENTED_EDGE('',*,*,#10433,.F.);
#14747=ORIENTED_EDGE('',*,*,#10465,.F.);
#14748=ORIENTED_EDGE('',*,*,#10497,.F.);
#14749=ORIENTED_EDGE('',*,*,#10529,.F.);
#14750=ORIENTED_EDGE('',*,*,#10561,.F.);
#14751=ORIENTED_EDGE('',*,*,#10593,.F.);
#14752=ORIENTED_EDGE('',*,*,#10625,.F.);
#14753=ORIENTED_EDGE('',*,*,#10657,.F.);
#14754=ORIENTED_EDGE('',*,*,#10689,.F.);
#14755=ORIENTED_EDGE('',*,*,#10721,.F.);
#14756=ORIENTED_EDGE('',*,*,#10753,.F.);
#14757=ORIENTED_EDGE('',*,*,#10785,.F.);
#14758=ORIENTED_EDGE('',*,*,#10817,.F.);
#14759=ORIENTED_EDGE('',*,*,#10849,.F.);
#14760=ORIENTED_EDGE('',*,*,#10881,.F.);
#14761=ORIENTED_EDGE('',*,*,#10913,.F.);
#14762=ORIENTED_EDGE('',*,*,#10945,.F.);
#14763=ORIENTED_EDGE('',*,*,#10977,.F.);
#14764=ORIENTED_EDGE('',*,*,#11009,.F.);
#14765=ORIENTED_EDGE('',*,*,#11041,.F.);
#14766=ORIENTED_EDGE('',*,*,#11073,.F.);
#14767=ORIENTED_EDGE('',*,*,#11105,.F.);
#14768=ORIENTED_EDGE('',*,*,#11137,.F.);
#14769=ORIENTED_EDGE('',*,*,#11169,.F.);
#14770=ORIENTED_EDGE('',*,*,#11201,.F.);
#14771=ORIENTED_EDGE('',*,*,#11233,.F.);
#14772=ORIENTED_EDGE('',*,*,#11256,.F.);
#14773=EDGE_LOOP('',(#14730,#14737,#14738,#14739,#14740,#14741,#14742,#14743,#14744,#14745,#14746,#14747,#14748,#14749,#14750,#14751,#14752,#14753,#14754,#14755,#14756,#14757,#14758,#14759,#14760,#14761,
#14762,#14763,#14764,#14765,#14766,#14767,#14768,#14769,#14770,#14771,#14772));
#14774=FACE_BOUND('',#14773,.T.);
#14775=ADVANCED_FACE('',(#14774),#14729,.T.);
#14776=CARTESIAN_POINT('',(85.865206049,-40.806191805,-8.14));
#14777=DIRECTION('',(0.,1.,0.));
#14778=DIRECTION('',(0.,-0.,1.));
#14779=AXIS2_PLACEMENT_3D('',#14776,#14777,#14778);
#14780=SPHERICAL_SURFACE('',#14779,33.08);
#14781=ORIENTED_EDGE('',*,*,#14601,.F.);
#14782=ORIENTED_EDGE('',*,*,#14736,.F.);
#14783=CARTESIAN_POINT('',(85.865206049,-40.806191805,-8.14));
#14784=DIRECTION('',(1.,0.,0.));
#14785=DIRECTION('',(0.,0.,-1.));
#14786=AXIS2_PLACEMENT_3D('',#14783,#14784,#14785);
#14787=CIRCLE('',#14786,33.08);
#14788=EDGE_CURVE('',#14108,#1679,#14787,.T.);
#14789=ORIENTED_EDGE('',*,*,#14788,.F.);
#14790=EDGE_LOOP('',(#14781,#14782,#14789));
#14791=FACE_BOUND('',#14790,.T.);
#14792=ADVANCED_FACE('',(#14791),#14780,.T.);
#14793=CARTESIAN_POINT('',(160.776600242,-40.806191805,-8.14));
#14794=DIRECTION('',(1.,0.,0.));
#14795=DIRECTION('',(0.,0.,-1.));
#14796=AXIS2_PLACEMENT_3D('',#14793,#14794,#14795);
#14797=CYLINDRICAL_SURFACE('',#14796,33.08);
#14798=ORIENTED_EDGE('',*,*,#13704,.F.);
#14799=ORIENTED_EDGE('',*,*,#388,.F.);
#14800=CARTESIAN_POINT('',(235.687994434,-40.806191805,-8.14));
#14801=DIRECTION('',(1.,-0.,-0.));
#14802=DIRECTION('',(0.,0.,1.));
#14803=AXIS2_PLACEMENT_3D('',#14800,#14801,#14802);
#14804=CIRCLE('',#14803,33.08);
#14805=EDGE_CURVE('',#14110,#375,#14804,.T.);
#14806=ORIENTED_EDGE('',*,*,#14805,.F.);
#14807=ORIENTED_EDGE('',*,*,#14115,.F.);
#14808=ORIENTED_EDGE('',*,*,#14788,.T.);
#14809=ORIENTED_EDGE('',*,*,#1684,.F.);
#14810=ORIENTED_EDGE('',*,*,#12880,.F.);
#14811=ORIENTED_EDGE('',*,*,#12913,.F.);
#14812=ORIENTED_EDGE('',*,*,#12945,.F.);
#14813=ORIENTED_EDGE('',*,*,#12977,.F.);
#14814=ORIENTED_EDGE('',*,*,#13009,.F.);
#14815=ORIENTED_EDGE('',*,*,#13041,.F.);
#14816=ORIENTED_EDGE('',*,*,#13073,.F.);
#14817=ORIENTED_EDGE('',*,*,#13105,.F.);
#14818=ORIENTED_EDGE('',*,*,#13137,.F.);
#14819=ORIENTED_EDGE('',*,*,#13169,.F.);
#14820=ORIENTED_EDGE('',*,*,#13201,.F.);
#14821=ORIENTED_EDGE('',*,*,#13233,.F.);
#14822=ORIENTED_EDGE('',*,*,#13265,.F.);
#14823=ORIENTED_EDGE('',*,*,#13297,.F.);
#14824=ORIENTED_EDGE('',*,*,#13329,.F.);
#14825=ORIENTED_EDGE('',*,*,#13361,.F.);
#14826=ORIENTED_EDGE('',*,*,#13393,.F.);
#14827=ORIENTED_EDGE('',*,*,#13425,.F.);
#14828=ORIENTED_EDGE('',*,*,#13457,.F.);
#14829=ORIENTED_EDGE('',*,*,#13489,.F.);
#14830=ORIENTED_EDGE('',*,*,#13521,.F.);
#14831=ORIENTED_EDGE('',*,*,#13553,.F.);
#14832=ORIENTED_EDGE('',*,*,#13585,.F.);
#14833=ORIENTED_EDGE('',*,*,#13617,.F.);
#14834=ORIENTED_EDGE('',*,*,#13649,.F.);
#14835=ORIENTED_EDGE('',*,*,#13681,.F.);
#14836=EDGE_LOOP('',(#14798,#14799,#14806,#14807,#14808,#14809,#14810,#14811,#14812,#14813,#14814,#14815,#14816,#14817,#14818,#14819,#14820,#14821,#14822,#14823,#14824,#14825,#14826,#14827,#14828,#14829,
#14830,#14831,#14832,#14833,#14834,#14835));
#14837=FACE_BOUND('',#14836,.T.);
#14838=ADVANCED_FACE('',(#14837),#14797,.T.);
#14839=CARTESIAN_POINT('',(235.687994434,-40.806191805,-8.14));
#14840=DIRECTION('',(0.,1.,0.));
#14841=DIRECTION('',(0.,-0.,1.));
#14842=AXIS2_PLACEMENT_3D('',#14839,#14840,#14841);
#14843=SPHERICAL_SURFACE('',#14842,33.08);
#14844=ORIENTED_EDGE('',*,*,#14805,.T.);
#14845=ORIENTED_EDGE('',*,*,#14653,.F.);
#14846=ORIENTED_EDGE('',*,*,#14124,.F.);
#14847=EDGE_LOOP('',(#14844,#14845,#14846));
#14848=FACE_BOUND('',#14847,.T.);
#14849=ADVANCED_FACE('',(#14848),#14843,.T.);
#14850=CLOSED_SHELL('',(#1662,#2230,#2846,#2877,#2908,#2932,#2956,#2980,#3004,#3028,#3052,#3076,#3100,#3124,#3148,#3172,#3196,#3220,#3244,#3268,#3292,#3316,#3340,#3364,#3388,#3412,
#3436,#3460,#3484,#3508,#3532,#3556,#3580,#3604,#3628,#3652,#3676,#3700,#3724,#3748,#3772,#3796,#3820,#3844,#3868,#3892,#3916,#3940,#3964,#3988,#4012,
#4036,#4060,#4084,#4108,#4132,#4156,#4180,#4204,#4228,#4252,#4276,#4300,#4324,#4348,#4372,#4396,#4420,#4444,#4468,#4492,#4516,#4540,#4564,#4588,#4612,
#4636,#4660,#4684,#4708,#4732,#4756,#4780,#4804,#4828,#4852,#4876,#4900,#4924,#4948,#4972,#4996,#5020,#5044,#5068,#5092,#5116,#5140,#5164,#5188,#5212,
#5236,#5260,#5284,#5308,#5332,#5356,#5380,#5404,#5428,#5452,#5476,#5500,#5524,#5548,#5572,#5596,#5620,#5644,#5668,#5692,#5716,#5740,#5764,#5788,#5812,
#5836,#5860,#5884,#5908,#5932,#5956,#5980,#6004,#6028,#6052,#6076,#6100,#6124,#6148,#6172,#6196,#6220,#6244,#6268,#6292,#6316,#6340,#6373,#6405,#6437,
#6469,#6501,#6533,#6565,#6597,#6629,#6661,#6693,#6725,#6757,#6789,#6821,#6853,#6885,#6917,#6949,#6981,#7013,#7045,#7077,#7109,#7141,#7173,#7205,#7236,
#7260,#7284,#7308,#7332,#7356,#7380,#7404,#7428,#7452,#7476,#7500,#7524,#7548,#7572,#7596,#7620,#7644,#7668,#7692,#7716,#7740,#7764,#7788,#7812,#7836,
#7860,#7884,#7908,#7932,#7956,#7980,#8004,#8028,#8052,#8076,#8100,#8124,#8148,#8172,#8196,#8220,#8244,#8268,#8292,#8316,#8340,#8364,#8388,#8412,#8436,
#8460,#8484,#8508,#8532,#8556,#8580,#8604,#8628,#8652,#8676,#8700,#8724,#8748,#8772,#8796,#8820,#8844,#8868,#8892,#8916,#8933,#8973,#9004,#9035,#9066,
#9097,#9128,#9159,#9190,#9221,#9252,#9283,#9314,#9345,#9376,#9407,#9438,#9469,#9500,#9531,#9562,#9593,#9624,#9655,#9686,#9717,#9748,#9779,#9810,#9841,
#9872,#9903,#9934,#9965,#9996,#10027,#10058,#10089,#10120,#10151,#10182,#10213,#10244,#10284,#10316,#10348,#10380,#10412,#10444,#10476,#10508,#10540,#10572,#10604,#10636,
#10668,#10700,#10732,#10764,#10796,#10828,#10860,#10892,#10924,#10956,#10988,#11020,#11052,#11084,#11116,#11148,#11180,#11212,#11244,#11275,#11299,#11323,#11347,#11371,#11395,
#11419,#11443,#11467,#11491,#11515,#11539,#11563,#11587,#11611,#11635,#11659,#11683,#11707,#11731,#11755,#11779,#11803,#11827,#11851,#11875,#11899,#11923,#11947,#11971,#11995,
#12019,#12043,#12067,#12091,#12115,#12139,#12163,#12187,#12211,#12235,#12259,#12283,#12307,#12331,#12355,#12379,#12403,#12427,#12451,#12475,#12499,#12523,#12547,#12571,#12595,
#12619,#12643,#12667,#12691,#12715,#12739,#12763,#12787,#12811,#12835,#12859,#12892,#12924,#12956,#12988,#13020,#13052,#13084,#13116,#13148,#13180,#13212,#13244,#13276,#13308,
#13340,#13372,#13404,#13436,#13468,#13500,#13532,#13564,#13596,#13628,#13660,#13692,#13723,#13747,#13771,#13795,#13819,#13843,#13867,#13891,#13915,#13939,#13963,#13987,#14011,
#14028,#14101,#14605,#14623,#14641,#14694,#14712,#14724,#14775,#14792,#14838,#14849));
#14851=MANIFOLD_SOLID_BREP('Body 73',#14850);
#14852=COLOUR_RGB('',0.227450982,0.227450982,0.227450982);
#14853=FILL_AREA_STYLE_COLOUR('',#14852);
#14854=FILL_AREA_STYLE('',(#14853));
#14855=SURFACE_STYLE_FILL_AREA(#14854);
#14856=SURFACE_SIDE_STYLE('',(#14855));
#14857=SURFACE_STYLE_USAGE(.BOTH.,#14856);
#14858=PRESENTATION_STYLE_ASSIGNMENT((#14857));
#366=STYLED_ITEM('',(#14858),#14851);
#16=SHAPE_REPRESENTATION('root',(#15),#10);
#17=ADVANCED_BREP_SHAPE_REPRESENTATION('root',(#358,#14851),#10);
#14866=SHAPE_REPRESENTATION_RELATIONSHIP('','',#16,#17);
#14867=CARTESIAN_POINT('',(0.,0.,0.));
#14868=DIRECTION('',(0.,0.,1.));
#14869=DIRECTION('',(1.,0.,0.));
#14870=AXIS2_PLACEMENT_3D('',#14867,#14868,#14869);
#14872=MAPPED_ITEM('',#14871,#14870);
#14871=REPRESENTATION_MAP(#14870,#16);
#14873=APPLICATION_CONTEXT('Managed model based 3d engineering');
#14874=APPLICATION_PROTOCOL_DEFINITION('international standard','ap242_managed_model_based_3d_engineering',2014,#14873);
#14875=PRODUCT_CONTEXT('',#14873,'mechanical');
#14876=PRODUCT_DEFINITION_CONTEXT('part definition',#14873,'design');
#24=PRODUCT('root','root','',(#14875));
#14877=PRODUCT_RELATED_PRODUCT_CATEGORY('part','',(#24));
#14878=PRODUCT_DEFINITION_FORMATION_WITH_SPECIFIED_SOURCE('','',#24,.NOT_KNOWN.);
#25=PRODUCT_DEFINITION('design','',#14878,#14876);
#23=PRODUCT_DEFINITION_SHAPE('','',#25);
#14879=SHAPE_DEFINITION_REPRESENTATION(#23,#16);
#11=DRAUGHTING_MODEL('',(#14872),#10);
#14880=DESCRIPTIVE_REPRESENTATION_ITEM('KEY','/Users/saumil/Library/Containers/com.shapr3d.shapr/Data/tmp/447C178E-1AD2-4924-A377-BA58F414DB2A.tmp');
#14881=PROPERTY_DEFINITION('KEY','',#25);
#14882=REPRESENTATION('',(#14880),#10);
#14883=PROPERTY_DEFINITION_REPRESENTATION(#14881,#14882);
#14884=GENERAL_PROPERTY('','KEY','');
#14885=GENERAL_PROPERTY_ASSOCIATION('','',#14884,#14881);
#1=MECHANICAL_DESIGN_GEOMETRIC_PRESENTATION_REPRESENTATION('',(#26,#366),#10);
ENDSEC;
END-ISO-10303-21;
